  0
SECTION
  2
HEADER
  9
$ACADVER
  1
AC1032
  9
$ACADMAINTVER
 90
4
  9
$DWGCODEPAGE
  3
ANSI_1252
  9
$LASTSAVEDBY
  1
JiIiMMY
  9
$REQUIREDVERSIONS
160
0
  9
$INSBASE
 10
0.0
 20
0.0
 30
0.0
  9
$EXTMIN
 10
90.68931382921151
 20
40.11549945060432
 30
-0.2247913377301467
  9
$EXTMAX
 10
164.4647558802161
 20
56.30299945060432
 30
0.0507541213566393
  9
$LIMMIN
 10
0.0
 20
0.0
  9
$LIMMAX
 10
12.0
 20
9.0
  9
$ORTHOMODE
 70
1
  9
$REGENMODE
 70
1
  9
$FILLMODE
 70
1
  9
$QTEXTMODE
 70
0
  9
$MIRRTEXT
 70
0
  9
$LTSCALE
 40
1.0
  9
$ATTMODE
 70
1
  9
$TEXTSIZE
 40
0.2
  9
$TRACEWID
 40
0.05
  9
$TEXTSTYLE
  7
Standard
  9
$CLAYER
  8
A-RET-thin
  9
$CELTYPE
  6
ByLayer
  9
$CECOLOR
 62
5
  9
$CELTSCALE
 40
1.0
  9
$DISPSILH
 70
0
  9
$DIMSCALE
 40
1.0
  9
$DIMASZ
 40
0.18
  9
$DIMEXO
 40
0.0625
  9
$DIMDLI
 40
0.38
  9
$DIMRND
 40
0.0
  9
$DIMDLE
 40
0.0
  9
$DIMEXE
 40
0.18
  9
$DIMTP
 40
0.0
  9
$DIMTM
 40
0.0
  9
$DIMTXT
 40
0.18
  9
$DIMCEN
 40
0.09
  9
$DIMTSZ
 40
0.0
  9
$DIMTOL
 70
0
  9
$DIMLIM
 70
0
  9
$DIMTIH
 70
0
  9
$DIMTOH
 70
0
  9
$DIMSE1
 70
0
  9
$DIMSE2
 70
0
  9
$DIMTAD
 70
0
  9
$DIMZIN
 70
0
  9
$DIMBLK
  1

  9
$DIMASO
 70
1
  9
$DIMSHO
 70
1
  9
$DIMPOST
  1

  9
$DIMAPOST
  1

  9
$DIMALT
 70
0
  9
$DIMALTD
 70
2
  9
$DIMALTF
 40
25.4
  9
$DIMLFAC
 40
1.0
  9
$DIMTOFL
 70
0
  9
$DIMTVP
 40
0.0
  9
$DIMTIX
 70
0
  9
$DIMSOXD
 70
0
  9
$DIMSAH
 70
0
  9
$DIMBLK1
  1

  9
$DIMBLK2
  1

  9
$DIMSTYLE
  2
Standard
  9
$DIMCLRD
 70
1
  9
$DIMCLRE
 70
0
  9
$DIMCLRT
 70
1
  9
$DIMTFAC
 40
1.0
  9
$DIMGAP
 40
0.1
  9
$DIMJUST
 70
0
  9
$DIMSD1
 70
0
  9
$DIMSD2
 70
0
  9
$DIMTOLJ
 70
1
  9
$DIMTZIN
 70
0
  9
$DIMALTZ
 70
0
  9
$DIMALTTZ
 70
0
  9
$DIMUPT
 70
0
  9
$DIMDEC
 70
4
  9
$DIMTDEC
 70
4
  9
$DIMALTU
 70
2
  9
$DIMALTTD
 70
2
  9
$DIMTXSTY
  7
Standard
  9
$DIMAUNIT
 70
0
  9
$DIMADEC
 70
0
  9
$DIMALTRND
 40
0.0
  9
$DIMAZIN
 70
0
  9
$DIMDSEP
 70
46
  9
$DIMATFIT
 70
3
  9
$DIMFRAC
 70
0
  9
$DIMLDRBLK
  1

  9
$DIMLUNIT
 70
2
  9
$DIMLWD
 70
-2
  9
$DIMLWE
 70
-2
  9
$DIMTMOVE
 70
0
  9
$DIMFXL
 40
1.0
  9
$DIMFXLON
 70
0
  9
$DIMJOGANG
 40
0.7853981633974483
  9
$DIMTFILL
 70
0
  9
$DIMTFILLCLR
 70
0
  9
$DIMARCSYM
 70
0
  9
$DIMLTYPE
  6

  9
$DIMLTEX1
  6

  9
$DIMLTEX2
  6

  9
$DIMTXTDIRECTION
 70
0
  9
$LUNITS
 70
2
  9
$LUPREC
 70
4
  9
$SKETCHINC
 40
0.1
  9
$FILLETRAD
 40
0.0
  9
$AUNITS
 70
0
  9
$AUPREC
 70
0
  9
$MENU
  1
.
  9
$ELEVATION
 40
0.0
  9
$PELEVATION
 40
0.0
  9
$THICKNESS
 40
0.0
  9
$LIMCHECK
 70
0
  9
$CHAMFERA
 40
0.0
  9
$CHAMFERB
 40
0.0
  9
$CHAMFERC
 40
0.0
  9
$CHAMFERD
 40
0.0
  9
$SKPOLY
 70
0
  9
$TDCREATE
 40
2461321.6766782408
  9
$TDUCREATE
 40
2461321.534699074
  9
$TDUPDATE
 40
2461321.6766782408
  9
$TDUUPDATE
 40
2461321.672662037
  9
$TDINDWG
 40
0.1150810185
  9
$TDUSRTIMER
 40
0.1150810185
  9
$USRTIMER
 70
1
  9
$ANGBASE
 50
0.0
  9
$ANGDIR
 70
0
  9
$PDMODE
 70
0
  9
$PDSIZE
 40
0.0
  9
$PLINEWID
 40
0.0
  9
$SPLFRAME
 70
0
  9
$SPLINETYPE
 70
6
  9
$SPLINESEGS
 70
8
  9
$HANDSEED
  5
48E2
  9
$SURFTAB1
 70
6
  9
$SURFTAB2
 70
6
  9
$SURFTYPE
 70
6
  9
$SURFU
 70
6
  9
$SURFV
 70
6
  9
$UCSBASE
  2

  9
$UCSNAME
  2

  9
$UCSORG
 10
0.0
 20
0.0
 30
0.0
  9
$UCSXDIR
 10
1.0
 20
0.0
 30
0.0
  9
$UCSYDIR
 10
0.0
 20
1.0
 30
0.0
  9
$UCSORTHOREF
  2

  9
$UCSORTHOVIEW
 70
0
  9
$UCSORGTOP
 10
0.0
 20
0.0
 30
0.0
  9
$UCSORGBOTTOM
 10
0.0
 20
0.0
 30
0.0
  9
$UCSORGLEFT
 10
0.0
 20
0.0
 30
0.0
  9
$UCSORGRIGHT
 10
0.0
 20
0.0
 30
0.0
  9
$UCSORGFRONT
 10
0.0
 20
0.0
 30
0.0
  9
$UCSORGBACK
 10
0.0
 20
0.0
 30
0.0
  9
$PUCSBASE
  2

  9
$PUCSNAME
  2

  9
$PUCSORG
 10
0.0
 20
0.0
 30
0.0
  9
$PUCSXDIR
 10
1.0
 20
0.0
 30
0.0
  9
$PUCSYDIR
 10
0.0
 20
1.0
 30
0.0
  9
$PUCSORTHOREF
  2

  9
$PUCSORTHOVIEW
 70
0
  9
$PUCSORGTOP
 10
0.0
 20
0.0
 30
0.0
  9
$PUCSORGBOTTOM
 10
0.0
 20
0.0
 30
0.0
  9
$PUCSORGLEFT
 10
0.0
 20
0.0
 30
0.0
  9
$PUCSORGRIGHT
 10
0.0
 20
0.0
 30
0.0
  9
$PUCSORGFRONT
 10
0.0
 20
0.0
 30
0.0
  9
$PUCSORGBACK
 10
0.0
 20
0.0
 30
0.0
  9
$USERI1
 70
0
  9
$USERI2
 70
0
  9
$USERI3
 70
0
  9
$USERI4
 70
0
  9
$USERI5
 70
0
  9
$USERR1
 40
0.0
  9
$USERR2
 40
0.0
  9
$USERR3
 40
0.0
  9
$USERR4
 40
0.0
  9
$USERR5
 40
0.0
  9
$WORLDVIEW
 70
1
  9
$SHADEDGE
 70
3
  9
$SHADEDIF
 70
70
  9
$TILEMODE
 70
1
  9
$MAXACTVP
 70
64
  9
$PINSBASE
 10
0.0
 20
0.0
 30
0.0
  9
$PLIMCHECK
 70
0
  9
$PEXTMIN
 10
0.0
 20
0.0
 30
0.0
  9
$PEXTMAX
 10
0.0
 20
0.0
 30
0.0
  9
$PLIMMIN
 10
0.0
 20
0.0
  9
$PLIMMAX
 10
12.0
 20
9.0
  9
$UNITMODE
 70
0
  9
$VISRETAIN
 70
1
  9
$PLINEGEN
 70
0
  9
$PSLTSCALE
 70
1
  9
$TREEDEPTH
 70
3020
  9
$CMLSTYLE
  2
Standard
  9
$CMLJUST
 70
0
  9
$CMLSCALE
 40
1.0
  9
$PROXYGRAPHICS
 70
1
  9
$MEASUREMENT
 70
0
  9
$CELWEIGHT
370
-1
  9
$ENDCAPS
280
0
  9
$JOINSTYLE
280
0
  9
$LWDISPLAY
290
0
  9
$INSUNITS
 70
6
  9
$HYPERLINKBASE
  1

  9
$STYLESHEET
  1

  9
$XEDIT
290
1
  9
$CEPSNTYPE
380
0
  9
$PSTYLEMODE
290
1
  9
$FINGERPRINTGUID
  2
{A41CE1B4-3579-6A4D-89A0-75410D7CBE97}
  9
$VERSIONGUID
  2
{980DF70B-E762-48B7-8B9C-97BA2A4150CF}
  9
$EXTNAMES
290
1
  9
$PSVPSCALE
 40
0.0
  9
$OLESTARTUP
290
0
  9
$SORTENTS
280
127
  9
$INDEXCTL
280
0
  9
$HIDETEXT
280
1
  9
$XCLIPFRAME
280
2
  9
$HALOGAP
280
0
  9
$OBSCOLOR
 70
257
  9
$OBSLTYPE
280
0
  9
$INTERSECTIONDISPLAY
280
0
  9
$INTERSECTIONCOLOR
 70
257
  9
$DIMASSOC
280
2
  9
$PROJECTNAME
  1

  9
$CAMERADISPLAY
290
0
  9
$LENSLENGTH
 40
50.0
  9
$CAMERAHEIGHT
 40
0.0
  9
$STEPSPERSEC
 40
2.0
  9
$STEPSIZE
 40
6.0
  9
$3DDWFPREC
 40
2.0
  9
$PSOLWIDTH
 40
0.25
  9
$PSOLHEIGHT
 40
4.0
  9
$LOFTANG1
 40
1.570796326794896
  9
$LOFTANG2
 40
1.570796326794896
  9
$LOFTMAG1
 40
0.0
  9
$LOFTMAG2
 40
0.0
  9
$LOFTPARAM
 70
7
  9
$LOFTNORMALS
280
1
  9
$LATITUDE
 40
37.795
  9
$LONGITUDE
 40
-122.394
  9
$NORTHDIRECTION
 40
0.0
  9
$TIMEZONE
 70
-8000
  9
$LIGHTGLYPHDISPLAY
280
1
  9
$TILEMODELIGHTSYNCH
280
1
  9
$CMATERIAL
347
96
  9
$SOLIDHIST
280
0
  9
$SHOWHIST
280
1
  9
$DWFFRAME
280
2
  9
$DGNFRAME
280
0
  9
$REALWORLDSCALE
290
1
  9
$INTERFERECOLOR
 62
1
  9
$INTERFEREOBJVS
345
A3
  9
$INTERFEREVPVS
346
A0
  9
$CSHADOW
280
0
  9
$SHADOWPLANELOCATION
 40
0.0
  0
ENDSEC
  0
SECTION
  2
CLASSES
  0
CLASS
  1
ACDBDICTIONARYWDFLT
  2
AcDbDictionaryWithDefault
  3
ObjectDBX Classes
 90
0
 91
1
280
0
281
0
  0
CLASS
  1
DICTIONARYVAR
  2
AcDbDictionaryVar
  3
ObjectDBX Classes
 90
0
 91
25
280
0
281
0
  0
CLASS
  1
TABLESTYLE
  2
AcDbTableStyle
  3
ObjectDBX Classes
 90
4095
 91
1
280
0
281
0
  0
CLASS
  1
MATERIAL
  2
AcDbMaterial
  3
ObjectDBX Classes
 90
1153
 91
3
280
0
281
0
  0
CLASS
  1
VISUALSTYLE
  2
AcDbVisualStyle
  3
ObjectDBX Classes
 90
4095
 91
24
280
0
281
0
  0
CLASS
  1
SCALE
  2
AcDbScale
  3
ObjectDBX Classes
 90
1153
 91
33
280
0
281
0
  0
CLASS
  1
MLEADERSTYLE
  2
AcDbMLeaderStyle
  3
ACDB_MLEADERSTYLE_CLASS
 90
4095
 91
2
280
0
281
0
  0
CLASS
  1
CELLSTYLEMAP
  2
AcDbCellStyleMap
  3
ObjectDBX Classes
 90
1152
 91
1
280
0
281
0
  0
CLASS
  1
EXACXREFPANELOBJECT
  2
ExAcXREFPanelObject
  3
EXAC_ESW
 90
1025
 91
0
280
0
281
0
  0
CLASS
  1
NPOCOLLECTION
  2
AcDbImpNonPersistentObjectsCollection
  3
ObjectDBX Classes
 90
1153
 91
0
280
0
281
0
  0
CLASS
  1
LAYER_INDEX
  2
AcDbLayerIndex
  3
ObjectDBX Classes
 90
0
 91
0
280
0
281
0
  0
CLASS
  1
SPATIAL_INDEX
  2
AcDbSpatialIndex
  3
ObjectDBX Classes
 90
0
 91
0
280
0
281
0
  0
CLASS
  1
IDBUFFER
  2
AcDbIdBuffer
  3
ObjectDBX Classes
 90
0
 91
0
280
0
281
0
  0
CLASS
  1
ACDBSECTIONVIEWSTYLE
  2
AcDbSectionViewStyle
  3
ObjectDBX Classes
 90
1025
 91
2
280
0
281
0
  0
CLASS
  1
ACDBDETAILVIEWSTYLE
  2
AcDbDetailViewStyle
  3
ObjectDBX Classes
 90
1025
 91
2
280
0
281
0
  0
CLASS
  1
DIMASSOC
  2
AcDbDimAssoc
  3
"AcDbDimAssoc|Product Desc:     AcDim ARX App For Dimension|Company:          Autodesk, Inc.|WEB Address:      www.autodesk.com"
 90
0
 91
0
280
0
281
0
  0
CLASS
  1
SORTENTSTABLE
  2
AcDbSortentsTable
  3
ObjectDBX Classes
 90
0
 91
1
280
0
281
0
  0
CLASS
  1
SOLID_BACKGROUND
  2
AcDbSolidBackground
  3
SCENEOE
 90
4095
 91
0
280
0
281
0
  0
CLASS
  1
SUN
  2
AcDbSun
  3
SCENEOE
 90
1153
 91
0
280
0
281
0
  0
CLASS
  1
MENTALRAYRENDERSETTINGS
  2
AcDbMentalRayRenderSettings
  3
SCENEOE
 90
1024
 91
0
280
0
281
0
  0
CLASS
  1
RASTERVARIABLES
  2
AcDbRasterVariables
  3
ISM
 90
0
 91
0
280
0
281
0
  0
CLASS
  1
ACDBPLACEHOLDER
  2
AcDbPlaceHolder
  3
ObjectDBX Classes
 90
0
 91
0
280
0
281
0
  0
CLASS
  1
LAYOUT
  2
AcDbLayout
  3
ObjectDBX Classes
 90
0
 91
0
280
0
281
0
  0
ENDSEC
  0
SECTION
  2
TABLES
  0
TABLE
  2
VPORT
  5
8
330
0
100
AcDbSymbolTable
 70
1
  0
VPORT
  5
94
330
8
100
AcDbSymbolTableRecord
100
AcDbViewportTableRecord
  2
*Active
 70
0
 10
0.0
 20
0.0
 11
1.0
 21
1.0
 12
-113088.3749308149
 22
-49098.69678851279
 13
0.0
 23
0.0
 14
0.5
 24
0.5
 15
0.5
 25
0.5
 16
-7.27596e-11
 26
0.0
 36
359988.4708198702
 17
113227.034190108
 27
49149.92773575635
 37
-87.0186081867537
 40
64.21789278559882
 41
2.29403409090909
 42
50.0
 43
0.0
 44
0.0
 50
0.0
 51
0.0
 71
0
 72
1000
 73
1
 74
3
 75
0
 76
1
 77
0
 78
0
281
0
 65
1
110
0.0
120
0.0
130
0.0
111
1.0
121
0.0
131
0.0
112
0.0
122
1.0
132
0.0
 79
0
146
0.0
 60
3
 61
5
348
9F
292
1
282
1
141
0.0
142
0.0
 63
250
421
3355443
1001
ACAD_NAV_VCDISPLAY
1070
3
  0
ENDTAB
  0
TABLE
  2
LTYPE
  5
5
330
0
100
AcDbSymbolTable
 70
6
  0
LTYPE
  5
14
330
5
100
AcDbSymbolTableRecord
100
AcDbLinetypeTableRecord
  2
ByBlock
 70
0
  3

 72
65
 73
0
 40
0.0
  0
LTYPE
  5
15
330
5
100
AcDbSymbolTableRecord
100
AcDbLinetypeTableRecord
  2
ByLayer
 70
0
  3

 72
65
 73
0
 40
0.0
  0
LTYPE
  5
16
330
5
100
AcDbSymbolTableRecord
100
AcDbLinetypeTableRecord
  2
Continuous
 70
0
  3
Solid line
 72
65
 73
0
 40
0.0
  0
LTYPE
  5
670
330
5
100
AcDbSymbolTableRecord
100
AcDbLinetypeTableRecord
  2
HIDDEN
 70
0
  3
Hidden __ __ __ __ __ __ __ __ __ __ __ __ __ _
 72
65
 73
2
 40
9.524999999999999
 49
6.349999999999999
 74
0
 49
-3.174999999999999
 74
0
  0
LTYPE
  5
671
330
5
100
AcDbSymbolTableRecord
100
AcDbLinetypeTableRecord
  2
A
 70
0
  3
GDS LA      
 72
65
 73
0
 40
0.0
  0
LTYPE
  5
672
330
5
100
AcDbSymbolTableRecord
100
AcDbLinetypeTableRecord
  2
CACHE
 70
0
  3
Caché __ __ __ __ __ __ __ __ __ __ __ __ __ __
 72
65
 73
2
 40
9.524999999999999
 49
6.349999999999999
 74
0
 49
-3.174999999999999
 74
0
  0
ENDTAB
  0
TABLE
  2
LAYER
  5
2
102
{ACAD_XDICTIONARY
360
18E
102
}
330
0
100
AcDbSymbolTable
 70
36
  0
LAYER
  5
10
102
{ACAD_XDICTIONARY
360
E6
102
}
330
2
100
AcDbSymbolTableRecord
100
AcDbLayerTableRecord
  2
0
 70
0
 62
7
  6
Continuous
370
-3
390
F
347
98
348
0
  0
LAYER
  5
673
330
2
100
AcDbSymbolTableRecord
100
AcDbLayerTableRecord
  2
Defpoints
 70
0
 62
7
  6
Continuous
290
0
370
-3
390
F
347
98
348
0
  0
LAYER
  5
674
330
2
100
AcDbSymbolTableRecord
100
AcDbLayerTableRecord
  2
A-wall
 70
0
 62
5
  6
Continuous
370
-3
390
F
347
98
348
0
1001
AcAecLayerStandard
1000

1000

  0
LAYER
  5
675
330
2
100
AcDbSymbolTableRecord
100
AcDbLayerTableRecord
  2
txt
 70
0
 62
3
  6
Continuous
370
-3
390
F
347
98
348
0
  0
LAYER
  5
676
330
2
100
AcDbSymbolTableRecord
100
AcDbLayerTableRecord
  2
A- Axis no.
 70
0
 62
5
  6
Continuous
370
-3
390
F
347
98
348
0
1001
AcAecLayerStandard
1000

1000

  0
LAYER
  5
677
330
2
100
AcDbSymbolTableRecord
100
AcDbLayerTableRecord
  2
A-Col
 70
0
 62
2
  6
Continuous
370
-3
390
F
347
98
348
0
1001
AcAecLayerStandard
1000

1000

  0
LAYER
  5
678
330
2
100
AcDbSymbolTableRecord
100
AcDbLayerTableRecord
  2
A- Hatch
 70
0
 62
11
  6
Continuous
370
-3
390
F
347
98
348
0
1001
AcAecLayerStandard
1000

1000

  0
LAYER
  5
679
330
2
100
AcDbSymbolTableRecord
100
AcDbLayerTableRecord
  2
manhole
 70
0
 62
4
  6
Continuous
370
-3
390
F
347
98
348
0
1001
AcAecLayerStandard
1000

1000

  0
LAYER
  5
67A
330
2
100
AcDbSymbolTableRecord
100
AcDbLayerTableRecord
  2
mango
 70
0
 62
3
  6
Continuous
370
-3
390
F
347
98
348
0
1001
AcAecLayerStandard
1000

1000

  0
LAYER
  5
67B
330
2
100
AcDbSymbolTableRecord
100
AcDbLayerTableRecord
  2
GATE
 70
0
 62
42
  6
Continuous
370
-3
390
F
347
98
348
0
1001
AcAecLayerStandard
1000

1000

  0
LAYER
  5
67C
330
2
100
AcDbSymbolTableRecord
100
AcDbLayerTableRecord
  2
Hatch-Green
 70
0
 62
3
  6
Continuous
370
-3
390
F
347
98
348
0
1001
RAK
1000
{ACET-LAYISO
1070
0
1070
3
1000
Continuous
1071
-3
1071
1
1005
F
1000
ACET-LAYISO}
  0
LAYER
  5
67D
330
2
100
AcDbSymbolTableRecord
100
AcDbLayerTableRecord
  2
Orange
 70
0
 62
3
  6
Continuous
370
-3
390
F
347
98
348
0
1001
AcAecLayerStandard
1000

1000

  0
LAYER
  5
67E
330
2
100
AcDbSymbolTableRecord
100
AcDbLayerTableRecord
  2
Palm
 70
0
 62
3
  6
Continuous
370
-3
390
F
347
98
348
0
1001
RAK
1000
{ACET-LAYISO
1070
0
1070
3
1000
Continuous
1071
-3
1071
1
1005
F
1000
ACET-LAYISO}
  0
LAYER
  5
67F
330
2
100
AcDbSymbolTableRecord
100
AcDbLayerTableRecord
  2
Side Walk
 70
0
 62
95
  6
Continuous
370
-3
390
F
347
98
348
0
1001
AcAecLayerStandard
1000

1000

  0
LAYER
  5
680
330
2
100
AcDbSymbolTableRecord
100
AcDbLayerTableRecord
  2
A-Furn
 70
0
 62
21
  6
Continuous
370
35
390
F
347
98
348
0
1001
AcAecLayerStandard
1000

1000

  0
LAYER
  5
681
330
2
100
AcDbSymbolTableRecord
100
AcDbLayerTableRecord
  2
A-Elev
 70
0
 62
45
  6
Continuous
370
-3
390
F
347
98
348
0
1001
AcAecLayerStandard
1000

1000

  0
LAYER
  5
682
330
2
100
AcDbSymbolTableRecord
100
AcDbLayerTableRecord
  2
A-SYMB
 70
0
 62
3
  6
Continuous
370
-3
390
F
347
98
348
0
1001
RAK
1000
{ACET-LAYISO
1070
0
1070
-3
1000
Continuous
1071
-3
1071
1
1005
F
1000
ACET-LAYISO}
  0
LAYER
  5
683
330
2
100
AcDbSymbolTableRecord
100
AcDbLayerTableRecord
  2
A-STRS-IDEN
 70
0
 62
8
  6
Continuous
370
-3
390
F
347
98
348
0
1001
RAK
1000
{ACET-LAYISO
1070
0
1070
8
1000
Continuous
1071
-3
1071
1
1005
F
1000
ACET-LAYISO}
  0
LAYER
  5
684
102
{ACAD_XDICTIONARY
360
685
102
}
330
2
100
AcDbSymbolTableRecord
100
AcDbLayerTableRecord
  2
col
 70
0
 62
2
  6
Continuous
370
-3
390
F
347
98
348
0
1001
AcAecLayerStandard
1000

1000

  0
LAYER
  5
686
330
2
100
AcDbSymbolTableRecord
100
AcDbLayerTableRecord
  2
border line3
 70
0
 62
62
  6
Continuous
370
50
390
F
347
98
348
0
  0
LAYER
  5
687
330
2
100
AcDbSymbolTableRecord
100
AcDbLayerTableRecord
  2
FireEquipment
 70
0
 62
1
  6
Continuous
370
-3
390
F
347
98
348
0
1001
RAK
1000
{LAYOUT
1070
0
1070
1
1000
CONTINUOUS
1000
LAYOUT}
1000
{ACET-LAYISO
1070
0
1070
1
1000
Continuous
1071
-3
1071
1
1005
F
1000
ACET-LAYISO}
  0
LAYER
  5
688
330
2
100
AcDbSymbolTableRecord
100
AcDbLayerTableRecord
  2
Finished product
 70
0
 62
2
  6
Continuous
370
-3
390
F
347
98
348
0
1001
AcAecLayerStandard
1000

1000

1001
AcCmTransparency
1071
0
  0
LAYER
  5
689
330
2
100
AcDbSymbolTableRecord
100
AcDbLayerTableRecord
  2
saap..joint
 70
0
 62
230
  6
Continuous
370
-3
390
F
347
98
348
0
1001
AcAecLayerStandard
1000

1000

  0
LAYER
  5
68A
102
{ACAD_XDICTIONARY
360
68B
102
}
330
2
100
AcDbSymbolTableRecord
100
AcDbLayerTableRecord
  2
A
 70
0
 62
7
  6
A
370
-3
390
F
347
98
348
0
1001
RAK
1000
{ACET-LAYISO
1070
0
1070
7
1000
A
1071
-3
1071
1
1005
F
1000
ACET-LAYISO}
  0
LAYER
  5
68C
330
2
100
AcDbSymbolTableRecord
100
AcDbLayerTableRecord
  2
DETIALS
 70
0
 62
1
  6
Continuous
370
-3
390
F
347
98
348
0
  0
LAYER
  5
68D
330
2
100
AcDbSymbolTableRecord
100
AcDbLayerTableRecord
  2
A-SUP
 70
0
 62
140
  6
Continuous
370
-3
390
F
347
98
348
0
  0
LAYER
  5
68E
330
2
100
AcDbSymbolTableRecord
100
AcDbLayerTableRecord
  2
M-DIFUSER
 70
0
 62
195
  6
Continuous
370
-3
390
F
347
98
348
0
  0
LAYER
  5
68F
330
2
100
AcDbSymbolTableRecord
100
AcDbLayerTableRecord
  2
M-DUCT-SA
 70
0
 62
5
  6
Continuous
370
-3
390
F
347
98
348
0
  0
LAYER
  5
690
330
2
100
AcDbSymbolTableRecord
100
AcDbLayerTableRecord
  2
A-SUP-texts
 70
0
 62
140
  6
Continuous
370
-3
390
F
347
98
348
0
  0
LAYER
  5
691
330
2
100
AcDbSymbolTableRecord
100
AcDbLayerTableRecord
  2
A-SUP-thin
 70
0
 62
8
  6
Continuous
370
-3
390
F
347
98
348
0
  0
LAYER
  5
692
330
2
100
AcDbSymbolTableRecord
100
AcDbLayerTableRecord
  2
A-RET
 70
0
 62
34
  6
Continuous
370
-3
390
F
347
98
348
0
  0
LAYER
  5
693
330
2
100
AcDbSymbolTableRecord
100
AcDbLayerTableRecord
  2
A-RET-thin
 70
0
 62
8
  6
Continuous
370
-3
390
F
347
98
348
0
  0
LAYER
  5
694
330
2
100
AcDbSymbolTableRecord
100
AcDbLayerTableRecord
  2
A-RET-texts
 70
0
 62
34
  6
Continuous
370
-3
390
F
347
98
348
0
  0
LAYER
  5
48C5
330
2
100
AcDbSymbolTableRecord
100
AcDbLayerTableRecord
  2
P-CHWS
 70
0
 62
4
  6
Continuous
370
-3
390
F
347
98
  0
LAYER
  5
48C6
330
2
100
AcDbSymbolTableRecord
100
AcDbLayerTableRecord
  2
P-CHWR
 70
0
 62
30
  6
Continuous
370
-3
390
F
347
98
  0
LAYER
  5
48C7
330
2
100
AcDbSymbolTableRecord
100
AcDbLayerTableRecord
  2
P-CHW-TXT
 70
0
 62
7
  6
Continuous
370
-3
390
F
347
98
  0
ENDTAB
  0
TABLE
  2
STYLE
  5
3
330
0
100
AcDbSymbolTable
 70
4
  0
STYLE
  5
11
330
3
100
AcDbSymbolTableRecord
100
AcDbTextStyleTableRecord
  2
Standard
 70
0
 40
0.0
 41
1.0
 50
0.0
 71
0
 42
0.2
  3
arial.ttf
  4

1001
ACAD
1000
Arial
1071
34
  0
STYLE
  5
DC
330
3
100
AcDbSymbolTableRecord
100
AcDbTextStyleTableRecord
  2
Annotative
 70
0
 40
0.0
 41
1.0
 50
0.0
 71
0
 42
0.2
  3
arial.ttf
  4

1001
AcadAnnotative
1000
AnnotativeData
1002
{
1070
1
1070
1
1002
}
1001
ACAD
1000
Arial
1071
34
  0
STYLE
  5
695
330
3
100
AcDbSymbolTableRecord
100
AcDbTextStyleTableRecord
  2
STEP-IDEN
 70
0
 40
0.0
 41
0.85
 50
0.0
 71
0
 42
0.15
  3
romanc.shx
  4

  0
STYLE
  5
696
330
3
100
AcDbSymbolTableRecord
100
AcDbTextStyleTableRecord
  2
ARIAL
 70
0
 40
0.0
 41
1.0
 50
0.0
 71
0
 42
0.2
  3
arial.ttf
  4

1001
ACAD
1000
Arabic Transparent
1071
34
  0
ENDTAB
  0
TABLE
  2
VIEW
  5
6
330
0
100
AcDbSymbolTable
 70
0
  0
ENDTAB
  0
TABLE
  2
UCS
  5
7
330
0
100
AcDbSymbolTable
 70
0
  0
ENDTAB
  0
TABLE
  2
APPID
  5
9
330
0
100
AcDbSymbolTable
 70
30
  0
APPID
  5
12
330
9
100
AcDbSymbolTableRecord
100
AcDbRegAppTableRecord
  2
ACAD
 70
0
  0
APPID
  5
DD
330
9
100
AcDbSymbolTableRecord
100
AcDbRegAppTableRecord
  2
AcadAnnoPO
 70
0
  0
APPID
  5
DE
330
9
100
AcDbSymbolTableRecord
100
AcDbRegAppTableRecord
  2
AcadAnnotative
 70
0
  0
APPID
  5
DF
330
9
100
AcDbSymbolTableRecord
100
AcDbRegAppTableRecord
  2
ACAD_DSTYLE_DIMJAG
 70
0
  0
APPID
  5
E0
330
9
100
AcDbSymbolTableRecord
100
AcDbRegAppTableRecord
  2
ACAD_DSTYLE_DIMTALN
 70
0
  0
APPID
  5
107
330
9
100
AcDbSymbolTableRecord
100
AcDbRegAppTableRecord
  2
ACAD_MLEADERVER
 70
0
  0
APPID
  5
1A6
330
9
100
AcDbSymbolTableRecord
100
AcDbRegAppTableRecord
  2
ACAD_NAV_VCDISPLAY
 70
0
  0
APPID
  5
697
330
9
100
AcDbSymbolTableRecord
100
AcDbRegAppTableRecord
  2
ACAD_PSEXT
 70
0
  0
APPID
  5
698
330
9
100
AcDbSymbolTableRecord
100
AcDbRegAppTableRecord
  2
AcAecLayerStandard
 70
0
  0
APPID
  5
699
330
9
100
AcDbSymbolTableRecord
100
AcDbRegAppTableRecord
  2
AcCmTransparency
 70
0
  0
APPID
  5
69A
330
9
100
AcDbSymbolTableRecord
100
AcDbRegAppTableRecord
  2
RAK
 70
0
  0
APPID
  5
69B
330
9
100
AcDbSymbolTableRecord
100
AcDbRegAppTableRecord
  2
AcDbDynamicBlockGUID
 70
0
  0
APPID
  5
69C
330
9
100
AcDbSymbolTableRecord
100
AcDbRegAppTableRecord
  2
AcDbBlockRepETag
 70
0
  0
APPID
  5
69D
330
9
100
AcDbSymbolTableRecord
100
AcDbRegAppTableRecord
  2
GradientColor1ACI
 70
0
  0
APPID
  5
69E
330
9
100
AcDbSymbolTableRecord
100
AcDbRegAppTableRecord
  2
GradientColor2ACI
 70
0
  0
APPID
  5
69F
330
9
100
AcDbSymbolTableRecord
100
AcDbRegAppTableRecord
  2
AUTOFLUID.EP31
 70
0
  0
APPID
  5
6A0
330
9
100
AcDbSymbolTableRecord
100
AcDbRegAppTableRecord
  2
AUTOFLUID.0
 70
0
  0
APPID
  5
6A1
330
9
100
AcDbSymbolTableRecord
100
AcDbRegAppTableRecord
  2
AUTOFLUID
 70
0
  0
APPID
  5
6A2
330
9
100
AcDbSymbolTableRecord
100
AcDbRegAppTableRecord
  2
AUTOFLUID.TEXT
 70
0
  0
APPID
  5
6A3
330
9
100
AcDbSymbolTableRecord
100
AcDbRegAppTableRecord
  2
AUTOFLUID.EP00
 70
0
  0
APPID
  5
6A4
330
9
100
AcDbSymbolTableRecord
100
AcDbRegAppTableRecord
  2
AUTOFLUID.1
 70
0
  0
APPID
  5
6A5
330
9
100
AcDbSymbolTableRecord
100
AcDbRegAppTableRecord
  2
AUTOFLUID.EP13
 70
0
  0
APPID
  5
6A6
330
9
100
AcDbSymbolTableRecord
100
AcDbRegAppTableRecord
  2
AUTOFLUID.7
 70
0
  0
APPID
  5
6A7
330
9
100
AcDbSymbolTableRecord
100
AcDbRegAppTableRecord
  2
AUTOFLUID.EP12
 70
0
  0
APPID
  5
44EB
330
9
100
AcDbSymbolTableRecord
100
AcDbRegAppTableRecord
  2
ACAD_EXEMPT_FROM_CAD_STANDARDS
 70
0
  0
APPID
  5
44F4
330
9
100
AcDbSymbolTableRecord
100
AcDbRegAppTableRecord
  2
ACAD_DSTYLE_DIMRADIAL_EXTENSION
 70
0
  0
APPID
  5
47EF
330
9
100
AcDbSymbolTableRecord
100
AcDbRegAppTableRecord
  2
Acad_TC
 70
0
  0
APPID
  5
480D
330
9
100
AcDbSymbolTableRecord
100
AcDbRegAppTableRecord
  2
AcLayerTools
 70
0
  0
APPID
  5
48DE
330
9
100
AcDbSymbolTableRecord
100
AcDbRegAppTableRecord
  2
HATCHBACKGROUNDCOLOR
 70
0
  0
APPID
  5
48DF
330
9
100
AcDbSymbolTableRecord
100
AcDbRegAppTableRecord
  2
EZDXF
 70
0
  0
ENDTAB
  0
TABLE
  2
DIMSTYLE
  5
A
330
0
100
AcDbSymbolTable
 70
2
100
AcDbDimStyleTable
  0
DIMSTYLE
105
27
102
{ACAD_REACTORS
330
3625
330
3626
102
}
330
A
100
AcDbSymbolTableRecord
100
AcDbDimStyleTableRecord
  2
Standard
 70
0
 40
1.0
 41
2.5
 42
0.625
 43
3.75
 44
1.25
 45
0.0
 46
0.0
 47
0.0
 48
0.0
 49
2.5
140
2.5
141
2.5
142
0.0
143
0.03937007874
144
1.0
145
0.0
146
1.0
147
0.1
148
0.0
 69
0
 70
0
 71
0
 72
0
 73
0
 74
0
 75
0
 76
0
 77
1
 78
8
 79
3
170
0
171
3
172
1
173
0
174
0
175
0
176
1
177
0
178
1
179
2
271
2
272
2
273
2
274
3
275
0
276
0
277
2
278
44
279
0
280
0
281
0
282
0
283
0
284
8
285
0
286
0
288
0
289
3
290
0
340
11
371
-2
372
-2
1001
ACAD_DSTYLE_DIMJAG
1070
388
1040
1.5
1001
ACAD_DSTYLE_DIMTALN
1070
392
1070
0
  0
DIMSTYLE
105
E1
330
A
100
AcDbSymbolTableRecord
100
AcDbDimStyleTableRecord
  2
Annotative
 70
0
 40
0.0
 41
2.5
 42
0.625
 43
3.75
 44
1.25
 45
0.0
 46
0.0
 47
0.0
 48
0.0
 49
2.5
140
2.5
141
2.5
142
0.0
143
0.03937007874
144
1.0
145
0.0
146
1.0
147
0.625
148
0.0
 69
0
 70
0
 71
0
 72
0
 73
0
 74
0
 75
0
 76
0
 77
1
 78
8
 79
3
170
0
171
3
172
1
173
0
174
0
175
0
176
0
177
0
178
0
179
2
271
2
272
2
273
2
274
3
275
0
276
0
277
2
278
44
279
0
280
0
281
0
282
0
283
0
284
8
285
0
286
0
288
0
289
3
290
0
340
11
371
-2
372
-2
1001
AcadAnnotative
1000
AnnotativeData
1002
{
1070
1
1070
1
1002
}
1001
ACAD_DSTYLE_DIMJAG
1070
388
1040
1.5
1001
ACAD_DSTYLE_DIMTALN
1070
392
1070
0
  0
ENDTAB
  0
TABLE
  2
BLOCK_RECORD
  5
1
330
0
100
AcDbSymbolTable
 70
17
  0
BLOCK_RECORD
  5
1F
102
{ACAD_XDICTIONARY
360
15D
102
}
330
1
100
AcDbSymbolTableRecord
100
AcDbBlockTableRecord
  2
*Model_Space
340
22
 70
0
280
1
281
0
  0
BLOCK_RECORD
  5
58
330
1
100
AcDbSymbolTableRecord
100
AcDbBlockTableRecord
  2
*Paper_Space
340
59
 70
0
280
1
281
0
  0
BLOCK_RECORD
  5
5D
330
1
100
AcDbSymbolTableRecord
100
AcDbBlockTableRecord
  2
*Paper_Space0
340
5E
 70
0
280
1
281
0
  0
BLOCK_RECORD
  5
24F
102
{ACAD_XDICTIONARY
360
250
102
}
330
1
100
AcDbSymbolTableRecord
100
AcDbBlockTableRecord
  2
TREE
340
0
 70
0
280
1
281
0
1001
AcDbDynamicBlockGUID
1000
{1DCAAA86-BA5B-4B7B-91FD-2331DF4A5F46}
1001
AcDbBlockRepETag
1070
1
1071
488
  0
BLOCK_RECORD
  5
43B
102
{ACAD_XDICTIONARY
360
43C
102
}
330
1
100
AcDbSymbolTableRecord
100
AcDbBlockTableRecord
  2
PALM
340
0
 70
0
280
1
281
0
1001
AcDbDynamicBlockGUID
1000
{92543BE2-A658-4F13-9595-1412F4F86A15}
1001
AcDbBlockRepETag
1070
1
1071
391
  0
BLOCK_RECORD
  5
5C6
330
1
100
AcDbSymbolTableRecord
100
AcDbBlockTableRecord
  2
Bk-Stair_Arrow
340
0
 70
0
280
1
281
0
  0
BLOCK_RECORD
  5
5D0
330
1
100
AcDbSymbolTableRecord
100
AcDbBlockTableRecord
  2
Bk-Stair_Dot
340
0
 70
0
280
1
281
0
  0
BLOCK_RECORD
  5
5D4
330
1
100
AcDbSymbolTableRecord
100
AcDbBlockTableRecord
  2
Bk-Step_No
340
0
 70
0
280
1
281
0
  0
BLOCK_RECORD
  5
5D9
330
1
100
AcDbSymbolTableRecord
100
AcDbBlockTableRecord
  2
machine1
340
0
 70
1
280
1
281
0
  0
BLOCK_RECORD
  5
5E0
330
1
100
AcDbSymbolTableRecord
100
AcDbBlockTableRecord
  2
machine2
340
0
 70
1
280
1
281
0
  0
BLOCK_RECORD
  5
5E7
330
1
100
AcDbSymbolTableRecord
100
AcDbBlockTableRecord
  2
u
340
0
 70
1
280
1
281
0
  0
BLOCK_RECORD
  5
5EE
330
1
100
AcDbSymbolTableRecord
100
AcDbBlockTableRecord
  2
h
340
0
 70
1
280
1
281
0
  0
BLOCK_RECORD
  5
604
330
1
100
AcDbSymbolTableRecord
100
AcDbBlockTableRecord
  2
jl
340
0
 70
1
280
1
281
0
  0
BLOCK_RECORD
  5
623
330
1
100
AcDbSymbolTableRecord
100
AcDbBlockTableRecord
  2
hnhjnh
340
0
 70
1
280
1
281
1
  0
BLOCK_RECORD
  5
643
330
1
100
AcDbSymbolTableRecord
100
AcDbBlockTableRecord
  2
asdada
340
0
 70
1
280
1
281
1
  0
BLOCK_RECORD
  5
44A6
330
1
100
AcDbSymbolTableRecord
100
AcDbBlockTableRecord
  2
*D13
340
0
 70
0
280
1
281
0
  0
BLOCK_RECORD
  5
44B3
330
1
100
AcDbSymbolTableRecord
100
AcDbBlockTableRecord
  2
*D14
340
0
 70
0
280
1
281
0
  0
ENDTAB
  0
ENDSEC
  0
SECTION
  2
BLOCKS
  0
BLOCK
  5
20
330
1F
100
AcDbEntity
  8
0
100
AcDbBlockBegin
  2
*Model_Space
 70
0
 10
0.0
 20
0.0
 30
0.0
  3
*Model_Space
  1

  0
ENDBLK
  5
21
330
1F
100
AcDbEntity
  8
0
100
AcDbBlockEnd
  0
BLOCK
  5
5A
330
58
100
AcDbEntity
 67
1
  8
0
100
AcDbBlockBegin
  2
*Paper_Space
 70
0
 10
0.0
 20
0.0
 30
0.0
  3
*Paper_Space
  1

  0
ENDBLK
  5
5B
330
58
100
AcDbEntity
 67
1
  8
0
100
AcDbBlockEnd
  0
BLOCK
  5
5F
330
5D
100
AcDbEntity
 67
1
  8
0
100
AcDbBlockBegin
  2
*Paper_Space0
 70
0
 10
0.0
 20
0.0
 30
0.0
  3
*Paper_Space0
  1

  0
ENDBLK
  5
60
330
5D
100
AcDbEntity
 67
1
  8
0
100
AcDbBlockEnd
  0
BLOCK
  5
251
330
24F
100
AcDbEntity
  8
0
100
AcDbBlockBegin
  2
TREE
 70
0
 10
0.0
 20
0.0
 30
0.0
  3
TREE
  1

  0
LINE
  5
252
330
24F
100
AcDbEntity
  8
mango
 62
3
100
AcDbLine
 10
8.08488700003363
 20
-8.670520499814298
 30
0.0
 11
9.384243500040613
 21
-9.017341499682516
 31
0.0
1001
AcDbBlockRepETag
1070
1
1071
0
1005
252
  0
LINE
  5
253
330
24F
100
AcDbEntity
  8
mango
 62
3
100
AcDbLine
 10
22.52218500003801
 20
-9.190751999849454
 30
0.0
 11
23.82154200001969
 21
-8.670520499814298
 31
0.0
1001
AcDbBlockRepETag
1070
1
1071
1
1005
253
  0
LINE
  5
254
330
24F
100
AcDbEntity
  8
mango
 62
3
100
AcDbLine
 10
-23.96591499997885
 20
-8.15028949966654
 30
0.0
 11
-25.4096449999779
 21
-9.364161999663338
 31
0.0
1001
AcDbBlockRepETag
1070
1
1071
2
1005
254
  0
LINE
  5
255
330
24F
100
AcDbEntity
  8
mango
 62
3
100
AcDbLine
 10
-3.898070499970343
 20
-9.017341499682516
 30
0.0
 11
-2.598713499959558
 21
-7.976878999732433
 31
0.0
1001
AcDbBlockRepETag
1070
1
1071
3
1005
255
  0
LINE
  5
256
330
24F
100
AcDbEntity
  8
mango
 62
3
100
AcDbLine
 10
-18.33536849997472
 20
-8.32369999983348
 30
0.0
 11
-19.6347254999564
 21
-9.017341499682516
 31
0.0
1001
AcDbBlockRepETag
1070
1
1071
4
1005
256
  0
LINE
  5
257
330
24F
100
AcDbEntity
  8
mango
 62
3
100
AcDbLine
 10
-1.299356999952578
 20
-10.05780399986543
 30
0.0
 11
-0.5774919999530539
 21
-8.670520499814298
 31
0.0
1001
AcDbBlockRepETag
1070
1
1071
5
1005
257
  0
LINE
  5
258
330
24F
100
AcDbEntity
  8
mango
 62
3
100
AcDbLine
 10
5.341800500027601
 20
-9.017341499682516
 30
0.0
 11
4.908681500033708
 21
-7.630057999864219
 31
0.0
1001
AcDbBlockRepETag
1070
1
1071
6
1005
258
  0
LINE
  5
259
330
24F
100
AcDbEntity
  8
mango
 62
3
100
AcDbLine
 10
1.010611000034258
 20
-8.497109999647364
 30
0.0
 11
1.443730000028152
 21
-10.40462449984625
 31
0.0
1001
AcDbBlockRepETag
1070
1
1071
7
1005
259
  0
LINE
  5
25A
330
24F
100
AcDbEntity
  8
mango
 62
3
100
AcDbLine
 10
21.27039600003627
 20
-9.34712199983187
 30
0.0
 11
20.28899400003138
 21
-6.891309999860822
 31
0.0
1001
AcDbBlockRepETag
1070
1
1071
8
1005
25A
  0
LINE
  5
25B
330
24F
100
AcDbEntity
  8
mango
 62
3
100
AcDbLine
 10
18.32618900004309
 20
-6.59661249979399
 30
0.0
 11
19.55294200003845
 21
-9.543586999643594
 31
0.0
1001
AcDbBlockRepETag
1070
1
1071
9
1005
25B
  0
LINE
  5
25C
330
24F
100
AcDbEntity
  8
mango
 62
3
100
AcDbLine
 10
17.26300300002913
 20
-9.44535449985415
 30
0.0
 11
16.03624950002995
 21
-6.301914999727159
 31
0.0
1001
AcDbBlockRepETag
1070
1
1071
10
1005
25C
  0
LINE
  5
25D
330
24F
100
AcDbEntity
  8
mango
 62
3
100
AcDbLine
 10
13.99166150004021
 20
-5.712519999826326
 30
0.0
 11
15.30019800004083
 21
-9.34712199983187
 31
0.0
1001
AcDbBlockRepETag
1070
1
1071
11
1005
25D
  0
LINE
  5
25E
330
24F
100
AcDbEntity
  8
mango
 62
3
100
AcDbLine
 10
12.60134100003051
 20
-9.150656999787316
 30
0.0
 11
11.53815500004566
 21
-4.926659999648108
 31
0.0
1001
AcDbBlockRepETag
1070
1
1071
12
1005
25E
  0
LINE
  5
25F
330
24F
100
AcDbEntity
  8
mango
 62
3
100
AcDbLine
 10
9.329999500041591
 20
-4.730194999836384
 30
0.0
 11
10.22961850004503
 21
-9.052424499765037
 31
0.0
1001
AcDbBlockRepETag
1070
1
1071
13
1005
25F
  0
LINE
  5
260
330
24F
100
AcDbEntity
  8
mango
 62
3
100
AcDbLine
 10
-2.131234499975107
 20
-12.74977299966849
 30
0.0
 11
0.8751380000321658
 21
-8.27522649965249
 31
0.0
1001
AcDbBlockRepETag
1070
1
1071
14
1005
260
  0
LINE
  5
261
330
24F
100
AcDbEntity
  8
mango
 62
3
100
AcDbLine
 10
0.8751380000321658
 20
-8.27522649965249
 30
0.0
 11
7.345374000025912
 21
-11.80776349967345
 31
0.0
1001
AcDbBlockRepETag
1070
1
1071
15
1005
261
  0
LINE
  5
262
330
24F
100
AcDbEntity
  8
mango
 62
3
100
AcDbLine
 10
-1.020183999964501
 20
-9.452738999854773
 30
0.0
 11
-2.327302499965298
 21
-7.647219999693334
 31
0.0
1001
AcDbBlockRepETag
1070
1
1071
16
1005
262
  0
LINE
  5
263
330
24F
100
AcDbEntity
  8
mango
 62
3
100
AcDbLine
 10
-24.87137199996505
 20
-8.934037499828264
 30
0.0
 11
-22.53220899996813
 21
-10.29041199968196
 31
0.0
1001
AcDbBlockRepETag
1070
1
1071
17
1005
263
  0
LINE
  5
264
330
24F
100
AcDbEntity
  8
mango
 62
3
100
AcDbLine
 10
-20.59634999997797
 20
-9.515340999700127
 30
0.0
 11
-23.33881699995254
 21
-7.57766249985434
 31
0.0
1001
AcDbBlockRepETag
1070
1
1071
18
1005
264
  0
LINE
  5
265
330
24F
100
AcDbEntity
  8
mango
 62
3
100
AcDbLine
 10
-18.41850899995188
 20
-8.255849999841303
 30
0.0
 11
-18.41850899995188
 21
-12.80939399986528
 31
0.0
1001
AcDbBlockRepETag
1070
1
1071
19
1005
265
  0
LINE
  5
266
330
24F
100
AcDbEntity
  8
mango
 62
3
100
AcDbLine
 10
-16.3213284999656
 20
-12.61562599986791
 30
0.0
 11
-15.99868549997336
 21
-7.383894499856977
 31
0.0
1001
AcDbBlockRepETag
1070
1
1071
20
1005
266
  0
LINE
  5
267
330
24F
100
AcDbEntity
  8
mango
 62
3
100
AcDbLine
 10
-13.57886149996193
 20
-6.608823499642312
 30
0.0
 11
-14.1434869999648
 21
-12.51874199975282
 31
0.0
1001
AcDbBlockRepETag
1070
1
1071
21
1005
267
  0
LINE
  5
268
330
24F
100
AcDbEntity
  8
mango
 62
3
100
AcDbLine
 10
-11.72366349995718
 20
-11.54990299977362
 30
0.0
 11
-11.15903799995431
 21
-5.930635999655351
 31
0.0
1001
AcDbBlockRepETag
1070
1
1071
22
1005
268
  0
LINE
  5
269
330
24F
100
AcDbEntity
  8
mango
 62
3
100
AcDbLine
 10
-8.255249499954516
 20
-4.671144999796523
 30
0.0
 11
-8.739214499975787
 21
-11.16236749966629
 31
0.0
1001
AcDbBlockRepETag
1070
1
1071
23
1005
269
  0
LINE
  5
26A
330
24F
100
AcDbEntity
  8
mango
 62
3
100
AcDbLine
 10
-5.996747499972115
 20
-10.48417999967933
 30
0.0
 11
-5.59344349996536
 21
-3.896073499694466
 31
0.0
1001
AcDbBlockRepETag
1070
1
1071
24
1005
26A
  0
LINE
  5
26B
330
24F
100
AcDbEntity
  8
mango
 62
3
100
AcDbLine
 10
-1.443729999969946
 20
-17.16763049969449
 30
0.0
 11
-0.7218649999704212
 21
-19.59537599980831
 31
0.0
1001
AcDbBlockRepETag
1070
1
1071
25
1005
26B
  0
LINE
  5
26C
330
24F
100
AcDbEntity
  8
mango
 62
3
100
AcDbLine
 10
-1.085539999970932
 20
-18.24482999974861
 30
0.0
 11
2.835815500031458
 21
-13.92728549963794
 31
0.0
1001
AcDbBlockRepETag
1070
1
1071
26
1005
26C
  0
LINE
  5
26D
330
24F
100
AcDbEntity
  8
mango
 62
3
100
AcDbLine
 10
1.528697000030661
 20
-11.25825749966316
 30
0.0
 11
-1.869810999953188
 21
-15.57580249966122
 31
0.0
1001
AcDbBlockRepETag
1070
1
1071
27
1005
26D
  0
LINE
  5
26E
330
24F
100
AcDbEntity
  8
mango
 62
3
100
AcDbLine
 10
-25.4096449999779
 20
-9.364161999663338
 30
0.0
 11
-26.70900149995578
 21
-10.92485599964857
 31
0.0
1001
AcDbBlockRepETag
1070
1
1071
28
1005
26E
  0
LINE
  5
26F
330
24F
100
AcDbEntity
  8
mango
 62
3
100
AcDbLine
 10
-26.70900149995578
 20
-10.92485599964857
 30
0.0
 11
-28.00835849996656
 21
-12.3121389998123
 31
0.0
1001
AcDbBlockRepETag
1070
1
1071
29
1005
26F
  0
LINE
  5
270
330
24F
100
AcDbEntity
  8
mango
 62
3
100
AcDbLine
 10
-28.00835849996656
 20
-12.3121389998123
 30
0.0
 11
-29.30771549997735
 21
-13.17919099982828
 31
0.0
1001
AcDbBlockRepETag
1070
1
1071
30
1005
270
  0
LINE
  5
271
330
24F
100
AcDbEntity
  8
mango
 62
3
100
AcDbLine
 10
-29.30771549997735
 20
-13.17919099982828
 30
0.0
 11
-26.70900149995578
 21
-13.87283249967731
 31
0.0
1001
AcDbBlockRepETag
1070
1
1071
31
1005
271
  0
LINE
  5
272
330
24F
100
AcDbEntity
  8
mango
 62
3
100
AcDbLine
 10
-26.70900149995578
 20
-13.87283249967731
 30
0.0
 11
-24.9765259999549
 21
-13.52601199969649
 31
0.0
1001
AcDbBlockRepETag
1070
1
1071
32
1005
272
  0
LINE
  5
273
330
24F
100
AcDbEntity
  8
mango
 62
3
100
AcDbLine
 10
-24.9765259999549
 20
-13.52601199969649
 30
0.0
 11
-23.09967699996196
 21
-13.52601199969649
 31
0.0
1001
AcDbBlockRepETag
1070
1
1071
33
1005
273
  0
LINE
  5
274
330
24F
100
AcDbEntity
  8
mango
 62
3
100
AcDbLine
 10
-23.09967699996196
 20
-13.52601199969649
 30
0.0
 11
-21.65594749996671
 21
-13.00578049966134
 31
0.0
1001
AcDbBlockRepETag
1070
1
1071
34
1005
274
  0
LINE
  5
275
330
24F
100
AcDbEntity
  8
mango
 62
3
100
AcDbLine
 10
-21.65594749996671
 20
-13.00578049966134
 30
0.0
 11
-19.20160649996251
 21
-12.83237049984746
 31
0.0
1001
AcDbBlockRepETag
1070
1
1071
35
1005
275
  0
LINE
  5
276
330
24F
100
AcDbEntity
  8
mango
 62
3
100
AcDbLine
 10
-19.20160649996251
 20
-12.83237049984746
 30
0.0
 11
-17.180384999956
 21
-12.65895999968052
 31
0.0
1001
AcDbBlockRepETag
1070
1
1071
36
1005
276
  0
LINE
  5
277
330
24F
100
AcDbEntity
  8
mango
 62
3
100
AcDbLine
 10
-17.180384999956
 20
-12.65895999968052
 30
0.0
 11
-14.2929249999579
 21
-12.48554949974641
 31
0.0
1001
AcDbBlockRepETag
1070
1
1071
37
1005
277
  0
LINE
  5
278
330
24F
100
AcDbEntity
  8
mango
 62
3
100
AcDbLine
 10
-14.2929249999579
 20
-12.48554949974641
 30
0.0
 11
-12.84919549996266
 21
-11.79190799966454
 31
0.0
1001
AcDbBlockRepETag
1070
1
1071
38
1005
278
  0
LINE
  5
279
330
24F
100
AcDbEntity
  8
mango
 62
3
100
AcDbLine
 10
-12.84919549996266
 20
-11.79190799966454
 30
0.0
 11
-11.40546549996361
 21
-11.44508699979633
 31
0.0
1001
AcDbBlockRepETag
1070
1
1071
39
1005
279
  0
LINE
  5
27A
330
24F
100
AcDbEntity
  8
mango
 62
3
100
AcDbLine
 10
-11.40546549996361
 20
-11.44508699979633
 30
0.0
 11
-10.10610899995663
 21
-11.27167649986222
 31
0.0
1001
AcDbBlockRepETag
1070
1
1071
40
1005
27A
  0
LINE
  5
27B
330
24F
100
AcDbEntity
  8
mango
 62
3
100
AcDbLine
 10
-10.10610899995663
 20
-11.27167649986222
 30
0.0
 11
-7.796140999969793
 21
-11.09826649981551
 31
0.0
1001
AcDbBlockRepETag
1070
1
1071
41
1005
27B
  0
LINE
  5
27C
330
24F
100
AcDbEntity
  8
mango
 62
3
100
AcDbLine
 10
-7.796140999969793
 20
-11.09826649981551
 30
0.0
 11
-6.496783999959006
 21
-10.75144549971446
 31
0.0
1001
AcDbBlockRepETag
1070
1
1071
42
1005
27C
  0
LINE
  5
27D
330
24F
100
AcDbEntity
  8
mango
 62
3
100
AcDbLine
 10
-6.496783999959006
 20
-10.75144549971446
 30
0.0
 11
-5.197427499952027
 21
-10.23121399967931
 31
0.0
1001
AcDbBlockRepETag
1070
1
1071
43
1005
27D
  0
LINE
  5
27E
330
24F
100
AcDbEntity
  8
mango
 62
3
100
AcDbLine
 10
-5.197427499952027
 20
-10.23121399967931
 30
0.0
 11
-3.898070499970343
 21
-9.017341499682516
 31
0.0
1001
AcDbBlockRepETag
1070
1
1071
44
1005
27E
  0
LINE
  5
27F
330
24F
100
AcDbEntity
  8
mango
 62
3
100
AcDbLine
 10
-19.6347254999564
 20
-9.017341499682516
 30
0.0
 11
-21.22282849997282
 21
-9.710982999764383
 31
0.0
1001
AcDbBlockRepETag
1070
1
1071
45
1005
27F
  0
LINE
  5
280
330
24F
100
AcDbEntity
  8
mango
 62
3
100
AcDbLine
 10
-21.22282849997282
 20
-9.710982999764383
 30
0.0
 11
-25.12089899997226
 21
-11.27167649986222
 31
0.0
1001
AcDbBlockRepETag
1070
1
1071
46
1005
280
  0
LINE
  5
281
330
24F
100
AcDbEntity
  8
mango
 62
3
100
AcDbLine
 10
-25.12089899997226
 20
-11.27167649986222
 30
0.0
 11
-26.42025549997925
 21
-11.96531849983148
 31
0.0
1001
AcDbBlockRepETag
1070
1
1071
47
1005
281
  0
LINE
  5
282
330
24F
100
AcDbEntity
  8
mango
 62
3
100
AcDbLine
 10
-26.42025549997925
 20
-11.96531849983148
 30
0.0
 11
-27.71961249996093
 21
-13.00578049966134
 31
0.0
1001
AcDbBlockRepETag
1070
1
1071
48
1005
282
  0
LINE
  5
283
330
24F
100
AcDbEntity
  8
mango
 62
3
100
AcDbLine
 10
-27.71961249996093
 20
-13.00578049966134
 30
0.0
 11
-29.01896949997172
 21
-13.17919099982828
 31
0.0
1001
AcDbBlockRepETag
1070
1
1071
49
1005
283
  0
LINE
  5
284
330
24F
100
AcDbEntity
  8
mango
 62
3
100
AcDbLine
 10
-11.26109249997535
 20
-11.44508699979633
 30
0.0
 11
-11.69421149996924
 21
-13.17919099982828
 31
0.0
1001
AcDbBlockRepETag
1070
1
1071
50
1005
284
  0
LINE
  5
285
330
24F
100
AcDbEntity
  8
mango
 62
3
100
AcDbLine
 10
-11.69421149996924
 20
-13.17919099982828
 30
0.0
 11
-12.41607649996877
 21
-14.56647449964657
 31
0.0
1001
AcDbBlockRepETag
1070
1
1071
51
1005
285
  0
LINE
  5
286
330
24F
100
AcDbEntity
  8
mango
 62
3
100
AcDbLine
 10
-12.41607649996877
 20
-14.56647449964657
 30
0.0
 11
-12.7048224999744
 21
-16.12716799974441
 31
0.0
1001
AcDbBlockRepETag
1070
1
1071
52
1005
286
  0
LINE
  5
287
330
24F
100
AcDbEntity
  8
mango
 62
3
100
AcDbLine
 10
-12.7048224999744
 20
-16.12716799974441
 30
0.0
 11
-13.13794149996829
 21
-17.51445099967532
 31
0.0
1001
AcDbBlockRepETag
1070
1
1071
53
1005
287
  0
LINE
  5
288
330
24F
100
AcDbEntity
  8
mango
 62
3
100
AcDbLine
 10
-13.13794149996829
 20
-17.51445099967532
 30
0.0
 11
-14.00417949995608
 21
-18.90173449972644
 31
0.0
1001
AcDbBlockRepETag
1070
1
1071
54
1005
288
  0
LINE
  5
289
330
24F
100
AcDbEntity
  8
mango
 62
3
100
AcDbLine
 10
-14.00417949995608
 20
-18.90173449972644
 30
0.0
 11
-14.58167099996353
 21
-20.28901749965735
 31
0.0
1001
AcDbBlockRepETag
1070
1
1071
55
1005
289
  0
LINE
  5
28A
330
24F
100
AcDbEntity
  8
mango
 62
3
100
AcDbLine
 10
-14.58167099996353
 20
-20.28901749965735
 30
0.0
 11
-15.1591629999748
 21
-21.84971149964258
 31
0.0
1001
AcDbBlockRepETag
1070
1
1071
56
1005
28A
  0
LINE
  5
28B
330
24F
100
AcDbEntity
  8
mango
 62
3
100
AcDbLine
 10
-15.1591629999748
 20
-21.84971149964258
 30
0.0
 11
-16.45851999995648
 21
-22.89017399982549
 31
0.0
1001
AcDbBlockRepETag
1070
1
1071
57
1005
28B
  0
LINE
  5
28C
330
24F
100
AcDbEntity
  8
mango
 62
3
100
AcDbLine
 10
-16.45851999995648
 20
-22.89017399982549
 30
0.0
 11
-17.75787699996726
 21
-24.10404649982229
 31
0.0
1001
AcDbBlockRepETag
1070
1
1071
58
1005
28C
  0
LINE
  5
28D
330
24F
100
AcDbEntity
  8
mango
 62
3
100
AcDbLine
 10
-17.75787699996726
 20
-24.10404649982229
 30
0.0
 11
-18.76848749996861
 21
-25.49132999964058
 31
0.0
1001
AcDbBlockRepETag
1070
1
1071
59
1005
28D
  0
LINE
  5
28E
330
24F
100
AcDbEntity
  8
mango
 62
3
100
AcDbLine
 10
-18.76848749996861
 20
-25.49132999964058
 30
0.0
 11
-17.46913099996163
 21
-25.83815049985424
 31
0.0
1001
AcDbBlockRepETag
1070
1
1071
60
1005
28E
  0
LINE
  5
28F
330
24F
100
AcDbEntity
  8
mango
 62
3
100
AcDbLine
 10
-17.46913099996163
 20
-25.83815049985424
 30
0.0
 11
-13.57106049996218
 21
-24.2774569997564
 31
0.0
1001
AcDbBlockRepETag
1070
1
1071
61
1005
28F
  0
LINE
  5
290
330
24F
100
AcDbEntity
  8
mango
 62
3
100
AcDbLine
 10
-13.57106049996218
 20
-24.2774569997564
 30
0.0
 11
-11.8385844999575
 21
-23.93063599965535
 31
0.0
1001
AcDbBlockRepETag
1070
1
1071
62
1005
290
  0
LINE
  5
291
330
24F
100
AcDbEntity
  8
mango
 62
3
100
AcDbLine
 10
-11.8385844999575
 20
-23.93063599965535
 30
0.0
 11
-10.53922749997582
 21
-23.41040499974043
 31
0.0
1001
AcDbBlockRepETag
1070
1
1071
63
1005
291
  0
LINE
  5
292
330
24F
100
AcDbEntity
  8
mango
 62
3
100
AcDbLine
 10
-10.53922749997582
 20
-23.41040499974043
 30
0.0
 11
-9.384243999957107
 21
-21.50289049977437
 31
0.0
1001
AcDbBlockRepETag
1070
1
1071
64
1005
292
  0
LINE
  5
293
330
24F
100
AcDbEntity
  8
mango
 62
3
100
AcDbLine
 10
-9.384243999957107
 20
-21.50289049977437
 30
0.0
 11
-8.229259999963688
 21
-19.76878649974242
 31
0.0
1001
AcDbBlockRepETag
1070
1
1071
65
1005
293
  0
LINE
  5
294
330
24F
100
AcDbEntity
  8
mango
 62
3
100
AcDbLine
 10
-8.229259999963688
 20
-19.76878649974242
 30
0.0
 11
-7.218648999958531
 21
-18.03468249971047
 31
0.0
1001
AcDbBlockRepETag
1070
1
1071
66
1005
294
  0
LINE
  5
295
330
24F
100
AcDbEntity
  8
mango
 62
3
100
AcDbLine
 10
-7.218648999958531
 20
-18.03468249971047
 30
0.0
 11
-5.919292499951551
 21
-17.34104099986143
 31
0.0
1001
AcDbBlockRepETag
1070
1
1071
67
1005
295
  0
LINE
  5
296
330
24F
100
AcDbEntity
  8
mango
 62
3
100
AcDbLine
 10
-5.919292499951551
 20
-17.34104099986143
 30
0.0
 11
-3.031832499953451
 21
-15.26011599972844
 31
0.0
1001
AcDbBlockRepETag
1070
1
1071
68
1005
296
  0
LINE
  5
297
330
24F
100
AcDbEntity
  8
mango
 62
3
100
AcDbLine
 10
-3.031832499953451
 20
-15.26011599972844
 30
0.0
 11
-2.598713499959558
 21
-13.87283249967731
 31
0.0
1001
AcDbBlockRepETag
1070
1
1071
69
1005
297
  0
LINE
  5
298
330
24F
100
AcDbEntity
  8
mango
 62
3
100
AcDbLine
 10
-2.598713499959558
 20
-13.87283249967731
 30
0.0
 11
-2.16559499996947
 21
-11.44508699979633
 31
0.0
1001
AcDbBlockRepETag
1070
1
1071
70
1005
298
  0
LINE
  5
299
330
24F
100
AcDbEntity
  8
mango
 62
3
100
AcDbLine
 10
-2.16559499996947
 20
-11.44508699979633
 30
0.0
 11
-1.299356999952578
 21
-10.05780399986543
 31
0.0
1001
AcDbBlockRepETag
1070
1
1071
71
1005
299
  0
LINE
  5
29A
330
24F
100
AcDbEntity
  8
mango
 62
3
100
AcDbLine
 10
-2.16559499996947
 20
-12.13872849964537
 30
0.0
 11
-2.021221999952103
 21
-14.39306399971246
 31
0.0
1001
AcDbBlockRepETag
1070
1
1071
72
1005
29A
  0
LINE
  5
29B
330
24F
100
AcDbEntity
  8
mango
 62
3
100
AcDbLine
 10
-2.021221999952103
 20
-14.39306399971246
 30
0.0
 11
-1.87684899996384
 21
-15.78034699964337
 31
0.0
1001
AcDbBlockRepETag
1070
1
1071
73
1005
29B
  0
LINE
  5
29C
330
24F
100
AcDbEntity
  8
mango
 62
3
100
AcDbLine
 10
-1.87684899996384
 20
-15.78034699964337
 30
0.0
 11
-1.443729999969946
 21
-17.16763049969449
 31
0.0
1001
AcDbBlockRepETag
1070
1
1071
74
1005
29C
  0
LINE
  5
29D
330
24F
100
AcDbEntity
  8
mango
 62
3
100
AcDbLine
 10
-4.908681499975499
 20
-10.23121399967931
 30
0.0
 11
-5.486173499957658
 21
-12.48554949974641
 31
0.0
1001
AcDbBlockRepETag
1070
1
1071
75
1005
29D
  0
LINE
  5
29E
330
24F
100
AcDbEntity
  8
mango
 62
3
100
AcDbLine
 10
-5.486173499957658
 20
-12.3121389998123
 30
0.0
 11
-6.785529999964637
 21
-13.17919099982828
 31
0.0
1001
AcDbBlockRepETag
1070
1
1071
76
1005
29E
  0
LINE
  5
29F
330
24F
100
AcDbEntity
  8
mango
 62
3
100
AcDbLine
 10
-6.785529999964637
 20
-13.17919099982828
 30
0.0
 11
-7.796140999969793
 21
-14.56647449964657
 31
0.0
1001
AcDbBlockRepETag
1070
1
1071
77
1005
29F
  0
LINE
  5
2A0
330
24F
100
AcDbEntity
  8
mango
 62
3
100
AcDbLine
 10
-7.796140999969793
 20
-14.56647449964657
 30
0.0
 11
-9.095497999951476
 21
-15.9537574998103
 31
0.0
1001
AcDbBlockRepETag
1070
1
1071
78
1005
2A0
  0
LINE
  5
2A1
330
24F
100
AcDbEntity
  8
mango
 62
3
100
AcDbLine
 10
-9.095497999951476
 20
-15.9537574998103
 30
0.0
 11
-9.961735999968367
 21
-17.34104099986143
 31
0.0
1001
AcDbBlockRepETag
1070
1
1071
79
1005
2A1
  0
LINE
  5
2A2
330
24F
100
AcDbEntity
  8
mango
 62
3
100
AcDbLine
 10
-9.961735999968367
 20
-17.34104099986143
 30
0.0
 11
-11.26109249997535
 21
-18.38150299969129
 31
0.0
1001
AcDbBlockRepETag
1070
1
1071
80
1005
2A2
  0
LINE
  5
2A3
330
24F
100
AcDbEntity
  8
mango
 62
3
100
AcDbLine
 10
-11.26109249997535
 20
-18.38150299969129
 30
0.0
 11
-12.41607649996877
 21
-19.76878649974242
 31
0.0
1001
AcDbBlockRepETag
1070
1
1071
81
1005
2A3
  0
LINE
  5
2A4
330
24F
100
AcDbEntity
  8
mango
 62
3
100
AcDbLine
 10
-12.41607649996877
 20
-19.76878649974242
 30
0.0
 11
-12.99356849998003
 21
-21.15606949967332
 31
0.0
1001
AcDbBlockRepETag
1070
1
1071
82
1005
2A4
  0
LINE
  5
2A5
330
24F
100
AcDbEntity
  8
mango
 62
3
100
AcDbLine
 10
-12.99356849998003
 20
-21.15606949967332
 30
0.0
 11
-15.59228199996869
 21
-23.23699449980631
 31
0.0
1001
AcDbBlockRepETag
1070
1
1071
83
1005
2A5
  0
LINE
  5
2A6
330
24F
100
AcDbEntity
  8
mango
 62
3
100
AcDbLine
 10
-15.59228199996869
 20
-23.23699449980631
 30
0.0
 11
-16.89163899997948
 21
-24.4508674996905
 31
0.0
1001
AcDbBlockRepETag
1070
1
1071
84
1005
2A6
  0
LINE
  5
2A7
330
24F
100
AcDbEntity
  8
mango
 62
3
100
AcDbLine
 10
-16.89163899997948
 20
-24.4508674996905
 30
0.0
 11
-18.19099549995735
 21
-25.14450899977238
 31
0.0
1001
AcDbBlockRepETag
1070
1
1071
85
1005
2A7
  0
LINE
  5
2A8
330
24F
100
AcDbEntity
  8
mango
 62
3
100
AcDbLine
 10
-18.20879099995363
 20
-25.23140249983408
 30
0.0
 11
-18.7969939999748
 21
-25.54540599975736
 31
0.0
1001
AcDbBlockRepETag
1070
1
1071
86
1005
2A8
  0
LINE
  5
2A9
330
24F
100
AcDbEntity
  8
mango
 62
3
100
AcDbLine
 10
-16.64024899996002
 20
-24.21089199976996
 30
0.0
 11
-16.70560499996645
 21
-25.54540599975736
 31
0.0
1001
AcDbBlockRepETag
1070
1
1071
87
1005
2A9
  0
LINE
  5
2AA
330
24F
100
AcDbEntity
  8
mango
 62
3
100
AcDbLine
 10
-16.64024899996002
 20
-24.21089199976996
 30
0.0
 11
-17.75129949997063
 21
-24.13239099970088
 31
0.0
1001
AcDbBlockRepETag
1070
1
1071
88
1005
2AA
  0
LINE
  5
2AB
330
24F
100
AcDbEntity
  8
mango
 62
3
100
AcDbLine
 10
-16.57489299995359
 20
-23.11188049963675
 30
0.0
 11
-15.33313049995922
 21
-23.11188049963675
 31
0.0
1001
AcDbBlockRepETag
1070
1
1071
89
1005
2AB
  0
LINE
  5
2AC
330
24F
100
AcDbEntity
  8
mango
 62
3
100
AcDbLine
 10
-15.33313049995922
 20
-23.11188049963675
 30
0.0
 11
-15.46384249997209
 21
-24.99589999974705
 31
0.0
1001
AcDbBlockRepETag
1070
1
1071
90
1005
2AC
  0
LINE
  5
2AD
330
24F
100
AcDbEntity
  8
mango
 62
3
100
AcDbLine
 10
-13.89529999997467
 20
-24.3678934997879
 30
0.0
 11
-13.96065599995199
 21
-21.93436849978752
 31
0.0
1001
AcDbBlockRepETag
1070
1
1071
91
1005
2AD
  0
LINE
  5
2AE
330
24F
100
AcDbEntity
  8
mango
 62
3
100
AcDbLine
 10
-13.96065599995199
 20
-21.93436849978752
 30
0.0
 11
-15.52919799997471
 21
-22.16987099964172
 31
0.0
1001
AcDbBlockRepETag
1070
1
1071
92
1005
2AE
  0
LINE
  5
2AF
330
24F
100
AcDbEntity
  8
mango
 62
3
100
AcDbLine
 10
-14.81028299996978
 20
-20.75685599981807
 30
0.0
 11
-12.71889349995763
 21
-20.52135349973105
 31
0.0
1001
AcDbBlockRepETag
1070
1
1071
93
1005
2AF
  0
LINE
  5
2B0
330
24F
100
AcDbEntity
  8
mango
 62
3
100
AcDbLine
 10
-12.71889349995763
 20
-20.52135349973105
 30
0.0
 11
-11.93462249997537
 21
-23.89688849984668
 31
0.0
1001
AcDbBlockRepETag
1070
1
1071
94
1005
2B0
  0
LINE
  5
2B1
330
24F
100
AcDbEntity
  8
mango
 62
3
100
AcDbLine
 10
-13.96065599995199
 20
-18.79433599975891
 30
0.0
 11
-11.60784299997613
 21
-18.79433599975891
 31
0.0
1001
AcDbBlockRepETag
1070
1
1071
95
1005
2B1
  0
LINE
  5
2B2
330
24F
100
AcDbEntity
  8
mango
 62
3
100
AcDbLine
 10
-11.60784299997613
 20
-18.79433599975891
 30
0.0
 11
-9.777876999956787
 21
-22.09136999980547
 31
0.0
1001
AcDbBlockRepETag
1070
1
1071
96
1005
2B2
  0
LINE
  5
2B3
330
24F
100
AcDbEntity
  8
mango
 62
3
100
AcDbLine
 10
-13.11102899996331
 20
-17.38132099970244
 30
0.0
 11
-9.84323299996322
 21
-17.06731799966656
 31
0.0
1001
AcDbBlockRepETag
1070
1
1071
97
1005
2B3
  0
LINE
  5
2B4
330
24F
100
AcDbEntity
  8
mango
 62
3
100
AcDbLine
 10
-9.84323299996322
 20
-17.06731799966656
 30
0.0
 11
-8.536114499962421
 21
-20.05034899967723
 31
0.0
1001
AcDbBlockRepETag
1070
1
1071
98
1005
2B4
  0
LINE
  5
2B5
330
24F
100
AcDbEntity
  8
mango
 62
3
100
AcDbLine
 10
-12.58818199997768
 20
-15.65430299984291
 30
0.0
 11
-8.274690999969607
 21
-15.10479749972001
 31
0.0
1001
AcDbBlockRepETag
1070
1
1071
99
1005
2B5
  0
LINE
  5
2B6
330
24F
100
AcDbEntity
  8
mango
 62
3
100
AcDbLine
 10
-8.274690999969607
 20
-15.10479749972001
 30
0.0
 11
-7.228996499965433
 21
-18.00932749966159
 31
0.0
1001
AcDbBlockRepETag
1070
1
1071
100
1005
2B6
  0
LINE
  5
2B7
330
24F
100
AcDbEntity
  8
mango
 62
3
100
AcDbLine
 10
-11.80391049996251
 20
-13.45628049969673
 30
0.0
 11
-6.902216499962377
 21
-13.22077799984254
 31
0.0
1001
AcDbBlockRepETag
1070
1
1071
101
1005
2B7
  0
LINE
  5
2B8
330
24F
100
AcDbEntity
  8
mango
 62
3
100
AcDbLine
 10
-6.902216499962377
 20
-13.22077799984254
 30
0.0
 11
-5.202962999959709
 21
-16.75331449974328
 31
0.0
1001
AcDbBlockRepETag
1070
1
1071
102
1005
2B8
  0
LINE
  5
2B9
330
24F
100
AcDbEntity
  8
mango
 62
3
100
AcDbLine
 10
-11.34641949995421
 20
-11.65076149976812
 30
0.0
 11
-5.137606999953277
 21
-11.1797569997143
 31
0.0
1001
AcDbBlockRepETag
1070
1
1071
103
1005
2B9
  0
LINE
  5
2BA
330
24F
100
AcDbEntity
  8
mango
 62
3
100
AcDbLine
 10
-5.137606999953277
 20
-11.1797569997143
 30
0.0
 11
-3.176928999979281
 21
-15.26179899973795
 31
0.0
1001
AcDbBlockRepETag
1070
1
1071
104
1005
2BA
  0
LINE
  5
2BB
330
24F
100
AcDbEntity
  8
mango
 62
3
100
AcDbLine
 10
-2.196590499952435
 20
-11.49375999975018
 30
0.0
 11
-4.026555999967968
 21
-9.21723649976775
 31
0.0
1001
AcDbBlockRepETag
1070
1
1071
105
1005
2BB
  0
LINE
  5
2BC
330
24F
100
AcDbEntity
  8
mango
 62
3
100
AcDbLine
 10
-27.21053499996197
 20
-11.54990299977362
 30
0.0
 11
-26.40392699997756
 21
-11.93743849964812
 31
0.0
1001
AcDbBlockRepETag
1070
1
1071
106
1005
2BC
  0
LINE
  5
2BD
330
24F
100
AcDbEntity
  8
mango
 62
3
100
AcDbLine
 10
-26.40392699997756
 20
-11.93743849964812
 30
0.0
 11
-26.88789149996592
 21
-13.77823299984447
 31
0.0
1001
AcDbBlockRepETag
1070
1
1071
107
1005
2BD
  0
LINE
  5
2BE
330
24F
100
AcDbEntity
  8
mango
 62
3
100
AcDbLine
 10
-24.87137199996505
 20
-13.48758149985224
 30
0.0
 11
-24.38740749997669
 21
-10.96859949966892
 31
0.0
1001
AcDbBlockRepETag
1070
1
1071
108
1005
2BE
  0
LINE
  5
2BF
330
24F
100
AcDbEntity
  8
mango
 62
3
100
AcDbLine
 10
-24.38740749997669
 20
-10.96859949966892
 30
0.0
 11
-26.08128399995621
 21
-10.38729599979706
 31
0.0
1001
AcDbBlockRepETag
1070
1
1071
109
1005
2BF
  0
LINE
  5
2C0
330
24F
100
AcDbEntity
  8
mango
 62
3
100
AcDbLine
 10
-22.53220899996813
 20
-10.29041199968196
 30
0.0
 11
-22.93551299997489
 21
-13.48758149985224
 31
0.0
1001
AcDbBlockRepETag
1070
1
1071
110
1005
2C0
  0
LINE
  5
2C1
330
24F
100
AcDbEntity
  8
mango
 62
3
100
AcDbLine
 10
-20.91899349997402
 20
-12.90627799974754
 30
0.0
 11
-20.59634999997797
 21
-9.515340999700127
 31
0.0
1001
AcDbBlockRepETag
1070
1
1071
111
1005
2C1
  0
LINE
  5
2C2
330
24F
100
AcDbEntity
  8
mango
 62
3
100
AcDbLine
 10
9.384243500040613
 20
-9.017341499682516
 30
0.0
 11
12.99356850003823
 21
-9.190751999849454
 31
0.0
1001
AcDbBlockRepETag
1070
1
1071
112
1005
2C2
  0
LINE
  5
2C3
330
24F
100
AcDbEntity
  8
mango
 62
3
100
AcDbLine
 10
12.99356850003823
 20
-9.190751999849454
 30
0.0
 11
15.01479000004474
 21
-9.364161999663338
 31
0.0
1001
AcDbBlockRepETag
1070
1
1071
113
1005
2C3
  0
LINE
  5
2C4
330
24F
100
AcDbEntity
  8
mango
 62
3
100
AcDbLine
 10
15.01479000004474
 20
-9.364161999663338
 30
0.0
 11
18.33536850003293
 21
-9.537572499830276
 31
0.0
1001
AcDbBlockRepETag
1070
1
1071
114
1005
2C4
  0
LINE
  5
2C5
330
24F
100
AcDbEntity
  8
mango
 62
3
100
AcDbLine
 10
18.33536850003293
 20
-9.537572499830276
 30
0.0
 11
19.77909850003198
 21
-9.537572499830276
 31
0.0
1001
AcDbBlockRepETag
1070
1
1071
115
1005
2C5
  0
LINE
  5
2C6
330
24F
100
AcDbEntity
  8
mango
 62
3
100
AcDbLine
 10
19.77909850003198
 20
-9.537572499830276
 30
0.0
 11
21.07845550004276
 21
-9.364161999663338
 31
0.0
1001
AcDbBlockRepETag
1070
1
1071
116
1005
2C6
  0
LINE
  5
2C7
330
24F
100
AcDbEntity
  8
mango
 62
3
100
AcDbLine
 10
21.07845550004276
 20
-9.364161999663338
 30
0.0
 11
22.52218500003801
 21
-9.190751999849454
 31
0.0
1001
AcDbBlockRepETag
1070
1
1071
117
1005
2C7
  0
LINE
  5
2C8
330
24F
100
AcDbEntity
  8
mango
 62
3
100
AcDbLine
 10
-0.7218649999704212
 20
-19.59537599980831
 30
0.0
 11
0.2887460000347346
 21
-21.15606949967332
 31
0.0
1001
AcDbBlockRepETag
1070
1
1071
118
1005
2C8
  0
LINE
  5
2C9
330
24F
100
AcDbEntity
  8
mango
 62
3
100
AcDbLine
 10
0.2887460000347346
 20
-21.15606949967332
 30
0.0
 11
1.010611000034258
 21
-22.71676349965856
 31
0.0
1001
AcDbBlockRepETag
1070
1
1071
119
1005
2C9
  0
LINE
  5
2CA
330
24F
100
AcDbEntity
  8
mango
 62
3
100
AcDbLine
 10
1.010611000034258
 20
-22.71676349965856
 30
0.0
 11
2.309967500041238
 21
-23.58381549967453
 31
0.0
1001
AcDbBlockRepETag
1070
1
1071
120
1005
2CA
  0
LINE
  5
2CB
330
24F
100
AcDbEntity
  8
mango
 62
3
100
AcDbLine
 10
2.309967500041238
 20
-23.58381549967453
 30
0.0
 11
3.320578500046393
 21
-24.97109849983826
 31
0.0
1001
AcDbBlockRepETag
1070
1
1071
121
1005
2CB
  0
LINE
  5
2CC
330
24F
100
AcDbEntity
  8
mango
 62
3
100
AcDbLine
 10
3.320578500046393
 20
-24.97109849983826
 30
0.0
 11
4.619935500028077
 21
-25.49132999964058
 31
0.0
1001
AcDbBlockRepETag
1070
1
1071
122
1005
2CC
  0
LINE
  5
2CD
330
24F
100
AcDbEntity
  8
mango
 62
3
100
AcDbLine
 10
4.619935500028077
 20
-25.49132999964058
 30
0.0
 11
5.919292000035056
 21
-26.35838199965656
 31
0.0
1001
AcDbBlockRepETag
1070
1
1071
123
1005
2CD
  0
LINE
  5
2CE
330
24F
100
AcDbEntity
  8
mango
 62
3
100
AcDbLine
 10
5.919292000035056
 20
-26.35838199965656
 30
0.0
 11
6.063665000023319
 21
-27.74566499982029
 31
0.0
1001
AcDbBlockRepETag
1070
1
1071
124
1005
2CE
  0
LINE
  5
2CF
330
24F
100
AcDbEntity
  8
mango
 62
3
100
AcDbLine
 10
6.063665000023319
 20
-27.74566499982029
 30
0.0
 11
6.352411000028951
 21
-29.13294849963859
 31
0.0
1001
AcDbBlockRepETag
1070
1
1071
125
1005
2CF
  0
LINE
  5
2D0
330
24F
100
AcDbEntity
  8
mango
 62
3
100
AcDbLine
 10
6.352411000028951
 20
-29.13294849963859
 30
0.0
 11
6.64115700003458
 21
-31.04046299983747
 31
0.0
1001
AcDbBlockRepETag
1070
1
1071
126
1005
2D0
  0
LINE
  5
2D1
330
24F
100
AcDbEntity
  8
mango
 62
3
100
AcDbLine
 10
6.64115700003458
 20
-31.04046299983747
 30
0.0
 11
7.074276000028477
 21
-29.65317949978635
 31
0.0
1001
AcDbBlockRepETag
1070
1
1071
127
1005
2D1
  0
LINE
  5
2D2
330
24F
100
AcDbEntity
  8
mango
 62
3
100
AcDbLine
 10
7.074276000028477
 20
-29.65317949978635
 30
0.0
 11
7.218649000045843
 21
-28.26589649985545
 31
0.0
1001
AcDbBlockRepETag
1070
1
1071
128
1005
2D2
  0
LINE
  5
2D3
330
24F
100
AcDbEntity
  8
mango
 62
3
100
AcDbLine
 10
7.218649000045843
 20
-28.26589649985545
 30
0.0
 11
7.218649000045843
 21
-26.87861299980432
 31
0.0
1001
AcDbBlockRepETag
1070
1
1071
129
1005
2D3
  0
LINE
  5
2D4
330
24F
100
AcDbEntity
  8
mango
 62
3
100
AcDbLine
 10
7.218649000045843
 20
-26.87861299980432
 30
0.0
 11
7.796141000028001
 21
-25.49132999964058
 31
0.0
1001
AcDbBlockRepETag
1070
1
1071
130
1005
2D4
  0
LINE
  5
2D5
330
24F
100
AcDbEntity
  8
mango
 62
3
100
AcDbLine
 10
7.796141000028001
 20
-25.49132999964058
 30
0.0
 11
7.940514000045367
 21
-23.75722599984147
 31
0.0
1001
AcDbBlockRepETag
1070
1
1071
131
1005
2D5
  0
LINE
  5
2D6
330
24F
100
AcDbEntity
  8
mango
 62
3
100
AcDbLine
 10
7.940514000045367
 20
-23.75722599984147
 30
0.0
 11
8.08488700003363
 21
-22.19653199985623
 31
0.0
1001
AcDbBlockRepETag
1070
1
1071
132
1005
2D6
  0
LINE
  5
2D7
330
24F
100
AcDbEntity
  8
mango
 62
3
100
AcDbLine
 10
8.08488700003363
 20
-22.19653199985623
 30
0.0
 11
8.373633000039263
 21
-20.46242799982429
 31
0.0
1001
AcDbBlockRepETag
1070
1
1071
133
1005
2D7
  0
LINE
  5
2D8
330
24F
100
AcDbEntity
  8
mango
 62
3
100
AcDbLine
 10
8.373633000039263
 20
-20.46242799982429
 30
0.0
 11
8.518006000027526
 21
-18.38150299969129
 31
0.0
1001
AcDbBlockRepETag
1070
1
1071
134
1005
2D8
  0
LINE
  5
2D9
330
24F
100
AcDbEntity
  8
mango
 62
3
100
AcDbLine
 10
8.518006000027526
 20
-18.38150299969129
 30
0.0
 11
8.806752000033155
 21
-16.30057849967852
 31
0.0
1001
AcDbBlockRepETag
1070
1
1071
135
1005
2D9
  0
LINE
  5
2DA
330
24F
100
AcDbEntity
  8
mango
 62
3
100
AcDbLine
 10
8.806752000033155
 20
-16.30057849967852
 30
0.0
 11
8.806752000033155
 21
-14.91329499986022
 31
0.0
1001
AcDbBlockRepETag
1070
1
1071
136
1005
2DA
  0
LINE
  5
2DB
330
24F
100
AcDbEntity
  8
mango
 62
3
100
AcDbLine
 10
8.806752000033155
 20
-14.91329499986022
 30
0.0
 11
8.662379000044893
 21
-13.52601199969649
 31
0.0
1001
AcDbBlockRepETag
1070
1
1071
137
1005
2DB
  0
LINE
  5
2DC
330
24F
100
AcDbEntity
  8
mango
 62
3
100
AcDbLine
 10
8.662379000044893
 20
-13.52601199969649
 30
0.0
 11
6.64115700003458
 21
-10.75144549971446
 31
0.0
1001
AcDbBlockRepETag
1070
1
1071
138
1005
2DC
  0
LINE
  5
2DD
330
24F
100
AcDbEntity
  8
mango
 62
3
100
AcDbLine
 10
6.64115700003458
 20
-10.75144549971446
 30
0.0
 11
5.341800500027601
 21
-9.017341499682516
 31
0.0
1001
AcDbBlockRepETag
1070
1
1071
139
1005
2DD
  0
LINE
  5
2DE
330
24F
100
AcDbEntity
  8
mango
 62
3
100
AcDbLine
 10
1.443730000028152
 20
-10.40462449984625
 30
0.0
 11
1.732475500029976
 21
-12.48554949974641
 31
0.0
1001
AcDbBlockRepETag
1070
1
1071
140
1005
2DE
  0
LINE
  5
2DF
330
24F
100
AcDbEntity
  8
mango
 62
3
100
AcDbLine
 10
1.732475500029976
 20
-12.48554949974641
 30
0.0
 11
2.887459500023396
 21
-13.87283249967731
 31
0.0
1001
AcDbBlockRepETag
1070
1
1071
141
1005
2DF
  0
LINE
  5
2E0
330
24F
100
AcDbEntity
  8
mango
 62
3
100
AcDbLine
 10
2.887459500023396
 20
-13.87283249967731
 30
0.0
 11
3.464951500034658
 21
-15.60693699982948
 31
0.0
1001
AcDbBlockRepETag
1070
1
1071
142
1005
2E0
  0
LINE
  5
2E1
330
24F
100
AcDbEntity
  8
mango
 62
3
100
AcDbLine
 10
3.464951500034658
 20
-15.60693699982948
 30
0.0
 11
4.042443500045918
 21
-16.99421999976039
 31
0.0
1001
AcDbBlockRepETag
1070
1
1071
143
1005
2E1
  0
LINE
  5
2E2
330
24F
100
AcDbEntity
  8
mango
 62
3
100
AcDbLine
 10
4.042443500045918
 20
-16.99421999976039
 30
0.0
 11
4.908681500033708
 21
-18.72832399979234
 31
0.0
1001
AcDbBlockRepETag
1070
1
1071
144
1005
2E2
  0
LINE
  5
2E3
330
24F
100
AcDbEntity
  8
mango
 62
3
100
AcDbLine
 10
4.908681500033708
 20
-18.72832399979234
 30
0.0
 11
5.197427500039339
 21
-20.11560749984346
 31
0.0
1001
AcDbBlockRepETag
1070
1
1071
145
1005
2E3
  0
LINE
  5
2E4
330
24F
100
AcDbEntity
  8
mango
 62
3
100
AcDbLine
 10
5.197427500039339
 20
-20.11560749984346
 30
0.0
 11
5.341800500027601
 21
-22.0231214996893
 31
0.0
1001
AcDbBlockRepETag
1070
1
1071
146
1005
2E4
  0
LINE
  5
2E5
330
24F
100
AcDbEntity
  8
mango
 62
3
100
AcDbLine
 10
5.341800500027601
 20
-22.0231214996893
 30
0.0
 11
5.630546000029425
 21
-23.75722599984147
 31
0.0
1001
AcDbBlockRepETag
1070
1
1071
147
1005
2E5
  0
LINE
  5
2E6
330
24F
100
AcDbEntity
  8
mango
 62
3
100
AcDbLine
 10
5.630546000029425
 20
-23.75722599984147
 30
0.0
 11
6.208038000040687
 21
-25.14450899977238
 31
0.0
1001
AcDbBlockRepETag
1070
1
1071
148
1005
2E6
  0
LINE
  5
2E7
330
24F
100
AcDbEntity
  8
mango
 62
3
100
AcDbLine
 10
6.208038000040687
 20
-25.14450899977238
 30
0.0
 11
6.64115700003458
 21
-26.5317924998235
 31
0.0
1001
AcDbBlockRepETag
1070
1
1071
149
1005
2E7
  0
LINE
  5
2E8
330
24F
100
AcDbEntity
  8
mango
 62
3
100
AcDbLine
 10
6.64115700003458
 20
-26.5317924998235
 30
0.0
 11
7.074276000028477
 21
-28.43930649966933
 31
0.0
1001
AcDbBlockRepETag
1070
1
1071
150
1005
2E8
  0
LINE
  5
2E9
330
24F
100
AcDbEntity
  8
mango
 62
3
100
AcDbLine
 10
7.074276000028477
 20
-28.43930649966933
 30
0.0
 11
6.929903000040212
 21
-29.65317949978635
 31
0.0
1001
AcDbBlockRepETag
1070
1
1071
151
1005
2E9
  0
LINE
  5
2EA
330
24F
100
AcDbEntity
  8
mango
 62
3
100
AcDbLine
 10
6.038255500025115
 20
-27.50792599981652
 30
0.0
 11
6.561103000043656
 21
-26.4874154997524
 31
0.0
1001
AcDbBlockRepETag
1070
1
1071
152
1005
2EA
  0
LINE
  5
2EB
330
24F
100
AcDbEntity
  8
mango
 62
3
100
AcDbLine
 10
6.561103000043656
 20
-26.4874154997524
 30
0.0
 11
7.214662000042152
 21
-26.80141899967566
 31
0.0
1001
AcDbBlockRepETag
1070
1
1071
153
1005
2EB
  0
LINE
  5
2EC
330
24F
100
AcDbEntity
  8
mango
 62
3
100
AcDbLine
 10
7.802865500038023
 20
-25.46690499968827
 30
0.0
 11
5.7768320000323
 21
-24.13239099970088
 31
0.0
1001
AcDbBlockRepETag
1070
1
1071
154
1005
2EC
  0
LINE
  5
2ED
330
24F
100
AcDbEntity
  8
mango
 62
3
100
AcDbLine
 10
5.7768320000323
 20
-24.13239099970088
 30
0.0
 11
4.535069500037933
 21
-25.30990349967033
 31
0.0
1001
AcDbBlockRepETag
1070
1
1071
155
1005
2ED
  0
LINE
  5
2EE
330
24F
100
AcDbEntity
  8
mango
 62
3
100
AcDbLine
 10
3.097239000024272
 20
-24.76039749966003
 30
0.0
 11
5.38469650002662
 21
-22.24837149982341
 31
0.0
1001
AcDbBlockRepETag
1070
1
1071
156
1005
2EE
  0
LINE
  5
2EF
330
24F
100
AcDbEntity
  8
mango
 62
3
100
AcDbLine
 10
5.38469650002662
 20
-22.24837149982341
 30
0.0
 11
7.93357700004708
 21
-23.73988699982874
 31
0.0
1001
AcDbBlockRepETag
1070
1
1071
157
1005
2EF
  0
LINE
  5
2F0
330
24F
100
AcDbEntity
  8
mango
 62
3
100
AcDbLine
 10
1.267273500037845
 20
-22.87637799978256
 30
0.0
 11
4.992561000020941
 21
-19.18683999986388
 31
0.0
1001
AcDbBlockRepETag
1070
1
1071
158
1005
2F0
  0
LINE
  5
2F1
330
24F
100
AcDbEntity
  8
mango
 62
3
100
AcDbLine
 10
4.992561000020941
 20
-19.18683999986388
 30
0.0
 11
8.195001000043701
 21
-21.46336349984631
 31
0.0
1001
AcDbBlockRepETag
1070
1
1071
159
1005
2F1
  0
LINE
  5
2F2
330
24F
100
AcDbEntity
  8
mango
 62
3
100
AcDbLine
 10
8.456424500036519
 20
-19.10833899979479
 30
0.0
 11
3.685442500020143
 21
-16.20380899985321
 31
0.0
1001
AcDbBlockRepETag
1070
1
1071
160
1005
2F2
  0
LINE
  5
2F3
330
24F
100
AcDbEntity
  8
mango
 62
3
100
AcDbLine
 10
3.685442500020143
 20
-16.20380899985321
 30
0.0
 11
0.0255110000434797
 21
-20.75685599981807
 31
0.0
1001
AcDbBlockRepETag
1070
1
1071
161
1005
2F3
  0
LINE
  5
2F4
330
24F
100
AcDbEntity
  8
mango
 62
3
100
AcDbLine
 10
2.835815500031458
 20
-13.92728549963794
 30
0.0
 11
8.65249250002671
 21
-17.14581849984824
 31
0.0
1001
AcDbBlockRepETag
1070
1
1071
162
1005
2F4
  0
LINE
  5
2F5
330
24F
100
AcDbEntity
  8
mango
 62
3
100
AcDbLine
 10
8.783204000035767
 20
-14.86929499986581
 30
0.0
 11
1.528697000030661
 21
-11.25825749966316
 31
0.0
1001
AcDbBlockRepETag
1070
1
1071
163
1005
2F5
  0
LINE
  5
2F6
330
24F
100
AcDbEntity
  8
mango
 62
3
100
AcDbLine
 10
-1.87684899996384
 20
18.55491300020367
 30
0.0
 11
-0.4331189999647905
 21
19.42196500021964
 31
0.0
1001
AcDbBlockRepETag
1070
1
1071
164
1005
2F6
  0
LINE
  5
2F7
330
24F
100
AcDbEntity
  8
mango
 62
3
100
AcDbLine
 10
-0.8662379999586844
 20
-3.468208499718457
 30
0.0
 11
0.1443730000464711
 21
-5.375722999684511
 31
0.0
1001
AcDbBlockRepETag
1070
1
1071
165
1005
2F7
  0
LINE
  5
2F8
330
24F
100
AcDbEntity
  8
mango
 62
3
100
AcDbLine
 10
-0.8662379999586844
 20
-3.815029499819502
 30
0.0
 11
-0.5774919999530539
 21
-2.77456699963659
 31
0.0
1001
AcDbBlockRepETag
1070
1
1071
166
1005
2F8
  0
LINE
  5
2F9
330
24F
100
AcDbEntity
  8
mango
 62
3
100
AcDbLine
 10
-2.021221999952103
 20
-0.3468209998682141
 30
0.0
 11
-0.7218649999704212
 21
-1.387283499818295
 31
0.0
1001
AcDbBlockRepETag
1070
1
1071
167
1005
2F9
  0
LINE
  5
2FA
330
24F
100
AcDbEntity
  8
mango
 62
3
100
AcDbLine
 10
-0.7218649999704212
 20
-5.895953999832272
 30
0.0
 11
-0.8662379999586844
 21
-5.722543499665333
 31
0.0
1001
AcDbBlockRepETag
1070
1
1071
168
1005
2FA
  0
LINE
  5
2FB
330
24F
100
AcDbEntity
  8
mango
 62
3
100
AcDbLine
 10
-0.6475919999647886
 20
1.458451500162482
 30
0.0
 11
-4.246067999978548
 21
5.48598300013691
 31
0.0
1001
AcDbBlockRepETag
1070
1
1071
169
1005
2FB
  0
LINE
  5
2FC
330
24F
100
AcDbEntity
  8
mango
 62
3
100
AcDbLine
 10
-0.6475919999647886
 20
3.521333500277251
 30
0.0
 11
-4.573201999970478
 21
8.629422500263898
 31
0.0
1001
AcDbBlockRepETag
1070
1
1071
170
1005
2FC
  0
LINE
  5
2FD
330
24F
100
AcDbEntity
  8
mango
 62
3
100
AcDbLine
 10
-0.4022414999781178
 20
6.173610500292853
 30
0.0
 11
-4.327851499954703
 21
11.77286200015805
 31
0.0
1001
AcDbBlockRepETag
1070
1
1071
171
1005
2FD
  0
LINE
  5
2FE
330
24F
100
AcDbEntity
  8
mango
 62
3
100
AcDbLine
 10
0.2520270000386517
 20
10.10291000013239
 30
0.0
 11
-3.673582999967038
 21
15.01453400030732
 31
0.0
1001
AcDbBlockRepETag
1070
1
1071
172
1005
2FE
  0
LINE
  5
2FF
330
24F
100
AcDbEntity
  8
mango
 62
3
100
AcDbLine
 10
0.8245115000463556
 20
12.95165200019255
 30
0.0
 11
-2.528613499976926
 21
17.56857850030064
 31
0.0
1001
AcDbBlockRepETag
1070
1
1071
173
1005
2FF
  0
LINE
  5
300
330
24F
100
AcDbEntity
  8
mango
 62
3
100
AcDbLine
 10
1.151645500038284
 20
15.80039400025271
 30
0.0
 11
-1.138293499971041
 21
18.94383350014686
 31
0.0
1001
AcDbBlockRepETag
1070
1
1071
174
1005
300
  0
LINE
  5
301
330
24F
100
AcDbEntity
  8
mango
 62
3
100
AcDbLine
 10
-2.16559499996947
 20
-0.173410999821499
 30
0.0
 11
-3.320578499959083
 21
1.213872500229626
 31
0.0
1001
AcDbBlockRepETag
1070
1
1071
175
1005
301
  0
LINE
  5
302
330
24F
100
AcDbEntity
  8
mango
 62
3
100
AcDbLine
 10
-3.320578499959083
 20
1.213872500229626
 30
0.0
 11
-3.753697499952977
 21
3.468207500176503
 31
0.0
1001
AcDbBlockRepETag
1070
1
1071
176
1005
302
  0
LINE
  5
303
330
24F
100
AcDbEntity
  8
mango
 62
3
100
AcDbLine
 10
-3.753697499952977
 20
3.468207500176503
 30
0.0
 11
-4.186816499975974
 21
5.028901500161737
 31
0.0
1001
AcDbBlockRepETag
1070
1
1071
177
1005
303
  0
LINE
  5
304
330
24F
100
AcDbEntity
  8
mango
 62
3
100
AcDbLine
 10
-4.186816499975974
 20
5.028901500161737
 30
0.0
 11
-4.475562499952502
 21
6.416184500325471
 31
0.0
1001
AcDbBlockRepETag
1070
1
1071
178
1005
304
  0
LINE
  5
305
330
24F
100
AcDbEntity
  8
mango
 62
3
100
AcDbLine
 10
-4.475562499952502
 20
6.416184500325471
 30
0.0
 11
-4.619935499969868
 21
8.15028850035742
 31
0.0
1001
AcDbBlockRepETag
1070
1
1071
179
1005
305
  0
LINE
  5
306
330
24F
100
AcDbEntity
  8
mango
 62
3
100
AcDbLine
 10
-4.619935499969868
 20
8.15028850035742
 30
0.0
 11
-4.475562499952502
 21
9.537572000175713
 31
0.0
1001
AcDbBlockRepETag
1070
1
1071
180
1005
306
  0
LINE
  5
307
330
24F
100
AcDbEntity
  8
mango
 62
3
100
AcDbLine
 10
-4.475562499952502
 20
9.537572000175713
 30
0.0
 11
-4.475562499952502
 21
11.27167600020766
 31
0.0
1001
AcDbBlockRepETag
1070
1
1071
181
1005
307
  0
LINE
  5
308
330
24F
100
AcDbEntity
  8
mango
 62
3
100
AcDbLine
 10
-4.475562499952502
 20
11.27167600020766
 30
0.0
 11
-4.331189499964239
 21
12.65895900013856
 31
0.0
1001
AcDbBlockRepETag
1070
1
1071
182
1005
308
  0
LINE
  5
309
330
24F
100
AcDbEntity
  8
mango
 62
3
100
AcDbLine
 10
-4.331189499964239
 20
12.65895900013856
 30
0.0
 11
-3.753697499952977
 21
15.08670500013977
 31
0.0
1001
AcDbBlockRepETag
1070
1
1071
183
1005
309
  0
LINE
  5
30A
330
24F
100
AcDbEntity
  8
mango
 62
3
100
AcDbLine
 10
-3.753697499952977
 20
15.08670500013977
 30
0.0
 11
-3.031832499953451
 21
16.99421950033866
 31
0.0
1001
AcDbBlockRepETag
1070
1
1071
184
1005
30A
  0
LINE
  5
30B
330
24F
100
AcDbEntity
  8
mango
 62
3
100
AcDbLine
 10
-3.031832499953451
 20
16.99421950033866
 30
0.0
 11
-1.87684899996384
 21
18.55491300020367
 31
0.0
1001
AcDbBlockRepETag
1070
1
1071
185
1005
30B
  0
LINE
  5
30C
330
24F
100
AcDbEntity
  8
mango
 62
3
100
AcDbLine
 10
-1.01061099997605
 20
-1.560693999752401
 30
0.0
 11
-0.8662379999586844
 21
-3.468208499718457
 31
0.0
1001
AcDbBlockRepETag
1070
1
1071
186
1005
30C
  0
LINE
  5
30D
330
24F
100
AcDbEntity
  8
mango
 62
3
100
AcDbLine
 10
-1.01061099997605
 20
-1.213872999651356
 30
0.0
 11
-2.598713499959558
 21
-0.6936419997364283
 31
0.0
1001
AcDbBlockRepETag
1070
1
1071
187
1005
30D
  0
LINE
  5
30E
330
24F
100
AcDbEntity
  8
mango
 62
3
100
AcDbLine
 10
-2.598713499959558
 20
-0.6936419997364283
 30
0.0
 11
-3.898070499970343
 21
-0.5202314998023212
 31
0.0
1001
AcDbBlockRepETag
1070
1
1071
188
1005
30E
  0
LINE
  5
30F
330
24F
100
AcDbEntity
  8
mango
 62
3
100
AcDbLine
 10
-3.898070499970343
 20
-0.5202314998023212
 30
0.0
 11
-5.197427499952027
 21
-0.5202314998023212
 31
0.0
1001
AcDbBlockRepETag
1070
1
1071
189
1005
30F
  0
LINE
  5
310
330
24F
100
AcDbEntity
  8
mango
 62
3
100
AcDbLine
 10
-5.197427499952027
 20
-0.5202314998023212
 30
0.0
 11
-7.218648999958531
 21
-0.3468209998682141
 31
0.0
1001
AcDbBlockRepETag
1070
1
1071
190
1005
310
  0
LINE
  5
311
330
24F
100
AcDbEntity
  8
mango
 62
3
100
AcDbLine
 10
-7.218648999958531
 20
-0.3468209998682141
 30
0.0
 11
-9.672989999962736
 21
-0.5202314998023212
 31
0.0
1001
AcDbBlockRepETag
1070
1
1071
191
1005
311
  0
LINE
  5
312
330
24F
100
AcDbEntity
  8
mango
 62
3
100
AcDbLine
 10
-9.672989999962736
 20
-0.5202314998023212
 30
0.0
 11
-11.69421149996924
 21
-0.5202314998023212
 31
0.0
1001
AcDbBlockRepETag
1070
1
1071
192
1005
312
  0
LINE
  5
313
330
24F
100
AcDbEntity
  8
mango
 62
3
100
AcDbLine
 10
-11.69421149996924
 20
-0.5202314998023212
 30
0.0
 11
-12.99356849998003
 21
-1.213872999651356
 31
0.0
1001
AcDbBlockRepETag
1070
1
1071
193
1005
313
  0
LINE
  5
314
330
24F
100
AcDbEntity
  8
mango
 62
3
100
AcDbLine
 10
-12.99356849998003
 20
-1.213872999651356
 30
0.0
 11
-14.2929249999579
 21
-1.560693999752401
 31
0.0
1001
AcDbBlockRepETag
1070
1
1071
194
1005
314
  0
LINE
  5
315
330
24F
100
AcDbEntity
  8
mango
 62
3
100
AcDbLine
 10
-14.2929249999579
 20
-1.560693999752401
 30
0.0
 11
-15.59228199996869
 21
-2.601156499702482
 31
0.0
1001
AcDbBlockRepETag
1070
1
1071
195
1005
315
  0
LINE
  5
316
330
24F
100
AcDbEntity
  8
mango
 62
3
100
AcDbLine
 10
-15.59228199996869
 20
-2.601156499702482
 30
0.0
 11
-16.89163899997948
 21
-3.988439499866217
 31
0.0
1001
AcDbBlockRepETag
1070
1
1071
196
1005
316
  0
LINE
  5
317
330
24F
100
AcDbEntity
  8
mango
 62
3
100
AcDbLine
 10
-16.89163899997948
 20
-3.988439499866217
 30
0.0
 11
-18.19099549995735
 21
-4.682081499835476
 31
0.0
1001
AcDbBlockRepETag
1070
1
1071
197
1005
317
  0
LINE
  5
318
330
24F
100
AcDbEntity
  8
mango
 62
3
100
AcDbLine
 10
-18.19099549995735
 20
-4.682081499835476
 30
0.0
 11
-19.6347254999564
 21
-5.549133499851449
 31
0.0
1001
AcDbBlockRepETag
1070
1
1071
198
1005
318
  0
LINE
  5
319
330
24F
100
AcDbEntity
  8
mango
 62
3
100
AcDbLine
 10
-19.6347254999564
 20
-5.549133499851449
 30
0.0
 11
-21.36720149996108
 21
-6.069364499766378
 31
0.0
1001
AcDbBlockRepETag
1070
1
1071
199
1005
319
  0
LINE
  5
31A
330
24F
100
AcDbEntity
  8
mango
 62
3
100
AcDbLine
 10
-21.36720149996108
 20
-6.069364499766378
 30
0.0
 11
-22.66655799996806
 21
-6.763005999848246
 31
0.0
1001
AcDbBlockRepETag
1070
1
1071
200
1005
31A
  0
LINE
  5
31B
330
24F
100
AcDbEntity
  8
mango
 62
3
100
AcDbLine
 10
-22.66655799996806
 20
-6.763005999848246
 30
0.0
 11
-23.96591499997885
 21
-8.15028949966654
 31
0.0
1001
AcDbBlockRepETag
1070
1
1071
201
1005
31B
  0
LINE
  5
31C
330
24F
100
AcDbEntity
  8
mango
 62
3
100
AcDbLine
 10
-2.598713499959558
 20
-7.976878999732433
 30
0.0
 11
-1.87684899996384
 21
-6.589595499681307
 31
0.0
1001
AcDbBlockRepETag
1070
1
1071
202
1005
31C
  0
LINE
  5
31D
330
24F
100
AcDbEntity
  8
mango
 62
3
100
AcDbLine
 10
-1.87684899996384
 20
-6.589595499681307
 30
0.0
 11
-0.8662379999586844
 21
-5.202312499750405
 31
0.0
1001
AcDbBlockRepETag
1070
1
1071
203
1005
31D
  0
LINE
  5
31E
330
24F
100
AcDbEntity
  8
mango
 62
3
100
AcDbLine
 10
-0.8662379999586844
 20
-5.202312499750405
 30
0.0
 11
-0.8662379999586844
 21
-3.815029499819502
 31
0.0
1001
AcDbBlockRepETag
1070
1
1071
204
1005
31E
  0
LINE
  5
31F
330
24F
100
AcDbEntity
  8
mango
 62
3
100
AcDbLine
 10
-14.2929249999579
 20
-1.734104499686509
 30
0.0
 11
-17.180384999956
 21
-1.734104499686509
 31
0.0
1001
AcDbBlockRepETag
1070
1
1071
205
1005
31F
  0
LINE
  5
320
330
24F
100
AcDbEntity
  8
mango
 62
3
100
AcDbLine
 10
-16.89163899997948
 20
-1.734104499686509
 30
0.0
 11
-18.19099549995735
 21
-1.560693999752401
 31
0.0
1001
AcDbBlockRepETag
1070
1
1071
206
1005
320
  0
LINE
  5
321
330
24F
100
AcDbEntity
  8
mango
 62
3
100
AcDbLine
 10
-18.19099549995735
 20
-1.560693999752401
 30
0.0
 11
-19.77909849997377
 21
-0.8670524996705353
 31
0.0
1001
AcDbBlockRepETag
1070
1
1071
207
1005
321
  0
LINE
  5
322
330
24F
100
AcDbEntity
  8
mango
 62
3
100
AcDbLine
 10
-19.77909849997377
 20
-0.8670524996705353
 30
0.0
 11
-21.07845549995545
 21
0.52023100014776
 31
0.0
1001
AcDbBlockRepETag
1070
1
1071
208
1005
322
  0
LINE
  5
323
330
24F
100
AcDbEntity
  8
mango
 62
3
100
AcDbLine
 10
-21.07845549995545
 20
0.52023100014776
 30
0.0
 11
-22.37781199996243
 21
1.56069350033067
 31
0.0
1001
AcDbBlockRepETag
1070
1
1071
209
1005
323
  0
LINE
  5
324
330
24F
100
AcDbEntity
  8
mango
 62
3
100
AcDbLine
 10
-22.37781199996243
 20
1.56069350033067
 30
0.0
 11
-22.95530399997369
 21
3.641618000343441
 31
0.0
1001
AcDbBlockRepETag
1070
1
1071
210
1005
324
  0
LINE
  5
325
330
24F
100
AcDbEntity
  8
mango
 62
3
100
AcDbLine
 10
-22.95530399997369
 20
3.641618000343441
 30
0.0
 11
-23.67716899997322
 21
5.549132500309497
 31
0.0
1001
AcDbBlockRepETag
1070
1
1071
211
1005
325
  0
LINE
  5
326
330
24F
100
AcDbEntity
  8
mango
 62
3
100
AcDbLine
 10
-23.67716899997322
 20
5.549132500309497
 30
0.0
 11
-24.25466099995538
 21
7.283236500341445
 31
0.0
1001
AcDbBlockRepETag
1070
1
1071
212
1005
326
  0
LINE
  5
327
330
24F
100
AcDbEntity
  8
mango
 62
3
100
AcDbLine
 10
-24.25466099995538
 20
7.283236500341445
 30
0.0
 11
-24.54340699996102
 21
9.1907510003075
 31
0.0
1001
AcDbBlockRepETag
1070
1
1071
213
1005
327
  0
LINE
  5
328
330
24F
100
AcDbEntity
  8
mango
 62
3
100
AcDbLine
 10
-24.54340699996102
 20
9.1907510003075
 30
0.0
 11
-25.55401799996616
 21
10.57803450035862
 31
0.0
1001
AcDbBlockRepETag
1070
1
1071
214
1005
328
  0
LINE
  5
329
330
24F
100
AcDbEntity
  8
mango
 62
3
100
AcDbLine
 10
-25.55401799996616
 20
10.57803450035862
 30
0.0
 11
-25.98713699996006
 21
12.13872800022363
 31
0.0
1001
AcDbBlockRepETag
1070
1
1071
215
1005
329
  0
LINE
  5
32A
330
24F
100
AcDbEntity
  8
mango
 62
3
100
AcDbLine
 10
-25.98713699996006
 20
12.13872800022363
 30
0.0
 11
-24.68777999997838
 21
12.31213850015774
 31
0.0
1001
AcDbBlockRepETag
1070
1
1071
216
1005
32A
  0
LINE
  5
32B
330
24F
100
AcDbEntity
  8
mango
 62
3
100
AcDbLine
 10
-24.68777999997838
 20
12.31213850015774
 30
0.0
 11
-23.38842299996759
 21
11.27167600020766
 31
0.0
1001
AcDbBlockRepETag
1070
1
1071
217
1005
32B
  0
LINE
  5
32C
330
24F
100
AcDbEntity
  8
mango
 62
3
100
AcDbLine
 10
-23.38842299996759
 20
11.27167600020766
 30
0.0
 11
-22.0890659999568
 21
10.40462400019169
 31
0.0
1001
AcDbBlockRepETag
1070
1
1071
218
1005
32C
  0
LINE
  5
32D
330
24F
100
AcDbEntity
  8
mango
 62
3
100
AcDbLine
 10
-22.0890659999568
 20
10.40462400019169
 30
0.0
 11
-20.64533649996156
 21
10.05780300032347
 31
0.0
1001
AcDbBlockRepETag
1070
1
1071
219
1005
32D
  0
LINE
  5
32E
330
24F
100
AcDbEntity
  8
mango
 62
3
100
AcDbLine
 10
-20.64533649996156
 20
10.05780300032347
 30
0.0
 11
-19.34597949997987
 21
9.537572000175713
 31
0.0
1001
AcDbBlockRepETag
1070
1
1071
220
1005
32E
  0
LINE
  5
32F
330
24F
100
AcDbEntity
  8
mango
 62
3
100
AcDbLine
 10
-19.34597949997987
 20
9.537572000175713
 30
0.0
 11
-17.90224999995553
 21
9.1907510003075
 31
0.0
1001
AcDbBlockRepETag
1070
1
1071
221
1005
32F
  0
LINE
  5
330
330
24F
100
AcDbEntity
  8
mango
 62
3
100
AcDbLine
 10
-17.90224999995553
 20
9.1907510003075
 30
0.0
 11
-16.60289299997385
 21
8.497109500225633
 31
0.0
1001
AcDbBlockRepETag
1070
1
1071
222
1005
330
  0
LINE
  5
331
330
24F
100
AcDbEntity
  8
mango
 62
3
100
AcDbLine
 10
-16.60289299997385
 20
8.497109500225633
 30
0.0
 11
-15.1591629999748
 21
7.109826000174508
 31
0.0
1001
AcDbBlockRepETag
1070
1
1071
223
1005
331
  0
LINE
  5
332
330
24F
100
AcDbEntity
  8
mango
 62
3
100
AcDbLine
 10
-15.1591629999748
 20
7.109826000174508
 30
0.0
 11
-13.85980649996781
 21
5.722543000243603
 31
0.0
1001
AcDbBlockRepETag
1070
1
1071
224
1005
332
  0
LINE
  5
333
330
24F
100
AcDbEntity
  8
mango
 62
3
100
AcDbLine
 10
-13.85980649996781
 20
5.722543000243603
 30
0.0
 11
-12.41607649996877
 21
5.028901500161737
 31
0.0
1001
AcDbBlockRepETag
1070
1
1071
225
1005
333
  0
LINE
  5
334
330
24F
100
AcDbEntity
  8
mango
 62
3
100
AcDbLine
 10
-12.41607649996877
 20
5.028901500161737
 30
0.0
 11
-10.68360049996408
 21
4.682080500293523
 31
0.0
1001
AcDbBlockRepETag
1070
1
1071
226
1005
334
  0
LINE
  5
335
330
24F
100
AcDbEntity
  8
mango
 62
3
100
AcDbLine
 10
-10.68360049996408
 20
4.682080500293523
 30
0.0
 11
-9.384243999957107
 21
4.161849500145763
 31
0.0
1001
AcDbBlockRepETag
1070
1
1071
227
1005
335
  0
LINE
  5
336
330
24F
100
AcDbEntity
  8
mango
 62
3
100
AcDbLine
 10
-9.384243999957107
 20
4.161849500145763
 30
0.0
 11
-8.084886999975424
 21
3.468207500176503
 31
0.0
1001
AcDbBlockRepETag
1070
1
1071
228
1005
336
  0
LINE
  5
337
330
24F
100
AcDbEntity
  8
mango
 62
3
100
AcDbLine
 10
-8.084886999975424
 20
3.468207500176503
 30
0.0
 11
-7.218648999958531
 21
2.0809245002456
 31
0.0
1001
AcDbBlockRepETag
1070
1
1071
229
1005
337
  0
LINE
  5
338
330
24F
100
AcDbEntity
  8
mango
 62
3
100
AcDbLine
 10
-7.218648999958531
 20
2.0809245002456
 30
0.0
 11
-5.919292499951551
 21
1.387283000163732
 31
0.0
1001
AcDbBlockRepETag
1070
1
1071
230
1005
338
  0
LINE
  5
339
330
24F
100
AcDbEntity
  8
mango
 62
3
100
AcDbLine
 10
-5.919292499951551
 20
1.387283000163732
 30
0.0
 11
-4.619935499969868
 21
1.040462000295519
 31
0.0
1001
AcDbBlockRepETag
1070
1
1071
231
1005
339
  0
LINE
  5
33A
330
24F
100
AcDbEntity
  8
mango
 62
3
100
AcDbLine
 10
-4.619935499969868
 20
1.040462000295519
 30
0.0
 11
-3.320578499959083
 21
0.52023100014776
 31
0.0
1001
AcDbBlockRepETag
1070
1
1071
232
1005
33A
  0
LINE
  5
33B
330
24F
100
AcDbEntity
  8
mango
 62
3
100
AcDbLine
 10
-3.320578499959083
 20
0.52023100014776
 30
0.0
 11
-2.021221999952103
 21
-0.3468209998682141
 31
0.0
1001
AcDbBlockRepETag
1070
1
1071
233
1005
33B
  0
LINE
  5
33C
330
24F
100
AcDbEntity
  8
mango
 62
3
100
AcDbLine
 10
-25.55401799996616
 20
12.13872800022363
 30
0.0
 11
-24.54340699996102
 21
10.75144450017251
 31
0.0
1001
AcDbBlockRepETag
1070
1
1071
234
1005
33C
  0
LINE
  5
33D
330
24F
100
AcDbEntity
  8
mango
 62
3
100
AcDbLine
 10
-24.54340699996102
 20
10.75144450017251
 30
0.0
 11
-23.24404999997932
 21
8.843930500326678
 31
0.0
1001
AcDbBlockRepETag
1070
1
1071
235
1005
33D
  0
LINE
  5
33E
330
24F
100
AcDbEntity
  8
mango
 62
3
100
AcDbLine
 10
-23.24404999997932
 20
8.843930500326678
 30
0.0
 11
-22.5221849999798
 21
7.109826000174508
 31
0.0
1001
AcDbBlockRepETag
1070
1
1071
236
1005
33E
  0
LINE
  5
33F
330
24F
100
AcDbEntity
  8
mango
 62
3
100
AcDbLine
 10
-22.5221849999798
 20
7.109826000174508
 30
0.0
 11
-21.22282849997282
 21
6.242774000158531
 31
0.0
1001
AcDbBlockRepETag
1070
1
1071
237
1005
33F
  0
LINE
  5
340
330
24F
100
AcDbEntity
  8
mango
 62
3
100
AcDbLine
 10
-21.22282849997282
 20
6.242774000158531
 30
0.0
 11
-20.0678444999794
 21
4.85549100022763
 31
0.0
1001
AcDbBlockRepETag
1070
1
1071
238
1005
340
  0
LINE
  5
341
330
24F
100
AcDbEntity
  8
mango
 62
3
100
AcDbLine
 10
-20.0678444999794
 20
4.85549100022763
 30
0.0
 11
-18.76848749996861
 21
4.335260000312699
 31
0.0
1001
AcDbBlockRepETag
1070
1
1071
239
1005
341
  0
LINE
  5
342
330
24F
100
AcDbEntity
  8
mango
 62
3
100
AcDbLine
 10
-18.76848749996861
 20
4.335260000312699
 30
0.0
 11
-17.46913099996163
 21
3.468207500176503
 31
0.0
1001
AcDbBlockRepETag
1070
1
1071
240
1005
342
  0
LINE
  5
343
330
24F
100
AcDbEntity
  8
mango
 62
3
100
AcDbLine
 10
-17.46913099996163
 20
3.468207500176503
 30
0.0
 11
-16.02540099996258
 21
2.774566000327466
 31
0.0
1001
AcDbBlockRepETag
1070
1
1071
241
1005
343
  0
LINE
  5
344
330
24F
100
AcDbEntity
  8
mango
 62
3
100
AcDbLine
 10
-16.02540099996258
 20
2.774566000327466
 30
0.0
 11
-13.85980649996781
 21
2.0809245002456
 31
0.0
1001
AcDbBlockRepETag
1070
1
1071
242
1005
344
  0
LINE
  5
345
330
24F
100
AcDbEntity
  8
mango
 62
3
100
AcDbLine
 10
-13.85980649996781
 20
2.0809245002456
 30
0.0
 11
-11.8385844999575
 21
1.56069350033067
 31
0.0
1001
AcDbBlockRepETag
1070
1
1071
243
1005
345
  0
LINE
  5
346
330
24F
100
AcDbEntity
  8
mango
 62
3
100
AcDbLine
 10
-11.8385844999575
 20
1.56069350033067
 30
0.0
 11
-9.672989999962736
 21
1.56069350033067
 31
0.0
1001
AcDbBlockRepETag
1070
1
1071
244
1005
346
  0
LINE
  5
347
330
24F
100
AcDbEntity
  8
mango
 62
3
100
AcDbLine
 10
-9.672989999962736
 20
1.56069350033067
 30
0.0
 11
-8.373632999951951
 21
1.040462000295519
 31
0.0
1001
AcDbBlockRepETag
1070
1
1071
245
1005
347
  0
LINE
  5
348
330
24F
100
AcDbEntity
  8
mango
 62
3
100
AcDbLine
 10
-8.373632999951951
 20
1.040462000295519
 30
0.0
 11
-6.929902999952902
 21
0.52023100014776
 31
0.0
1001
AcDbBlockRepETag
1070
1
1071
246
1005
348
  0
LINE
  5
349
330
24F
100
AcDbEntity
  8
mango
 62
3
100
AcDbLine
 10
-6.929902999952902
 20
0.52023100014776
 30
0.0
 11
-4.908681499975499
 21
0.3468205002136528
 31
0.0
1001
AcDbBlockRepETag
1070
1
1071
247
1005
349
  0
LINE
  5
34A
330
24F
100
AcDbEntity
  8
mango
 62
3
100
AcDbLine
 10
-4.908681499975499
 20
0.3468205002136528
 30
0.0
 11
-3.46495149997645
 21
0.1734100002795458
 31
0.0
1001
AcDbBlockRepETag
1070
1
1071
248
1005
34A
  0
LINE
  5
34B
330
24F
100
AcDbEntity
  8
mango
 62
3
100
AcDbLine
 10
-3.46495149997645
 20
0.1734100002795458
 30
0.0
 11
-2.309967999957733
 21
-0.6936419997364283
 31
0.0
1001
AcDbBlockRepETag
1070
1
1071
249
1005
34B
  0
LINE
  5
34C
330
24F
100
AcDbEntity
  8
mango
 62
3
100
AcDbLine
 10
-1.01061099997605
 20
-2.080924999667331
 30
0.0
 11
-2.309967999957733
 21
-2.601156499702482
 31
0.0
1001
AcDbBlockRepETag
1070
1
1071
250
1005
34C
  0
LINE
  5
34D
330
24F
100
AcDbEntity
  8
mango
 62
3
100
AcDbLine
 10
-2.309967999957733
 20
-2.601156499702482
 30
0.0
 11
-3.753697499952977
 21
-3.29479799978435
 31
0.0
1001
AcDbBlockRepETag
1070
1
1071
251
1005
34D
  0
LINE
  5
34E
330
24F
100
AcDbEntity
  8
mango
 62
3
100
AcDbLine
 10
-3.753697499952977
 20
-3.29479799978435
 30
0.0
 11
-5.197427499952027
 21
-3.815029499819502
 31
0.0
1001
AcDbBlockRepETag
1070
1
1071
252
1005
34E
  0
LINE
  5
34F
330
24F
100
AcDbEntity
  8
mango
 62
3
100
AcDbLine
 10
-5.197427499952027
 20
-3.815029499819502
 30
0.0
 11
-6.641156999976374
 21
-4.161849999800323
 31
0.0
1001
AcDbBlockRepETag
1070
1
1071
253
1005
34F
  0
LINE
  5
350
330
24F
100
AcDbEntity
  8
mango
 62
3
100
AcDbLine
 10
-6.641156999976374
 20
-4.161849999800323
 30
0.0
 11
-7.940513999958056
 21
-4.508670999668537
 31
0.0
1001
AcDbBlockRepETag
1070
1
1071
254
1005
350
  0
LINE
  5
351
330
24F
100
AcDbEntity
  8
mango
 62
3
100
AcDbLine
 10
-7.940513999958056
 20
-4.508670999668537
 30
0.0
 11
-9.384243999957107
 21
-5.202312499750405
 31
0.0
1001
AcDbBlockRepETag
1070
1
1071
255
1005
351
  0
LINE
  5
352
330
24F
100
AcDbEntity
  8
mango
 62
3
100
AcDbLine
 10
-9.384243999957107
 20
-5.202312499750405
 30
0.0
 11
-10.68360049996408
 21
-5.895953999832272
 31
0.0
1001
AcDbBlockRepETag
1070
1
1071
256
1005
352
  0
LINE
  5
353
330
24F
100
AcDbEntity
  8
mango
 62
3
100
AcDbLine
 10
-10.68360049996408
 20
-5.895953999832272
 30
0.0
 11
-12.12733049996314
 21
-6.069364499766378
 31
0.0
1001
AcDbBlockRepETag
1070
1
1071
257
1005
353
  0
LINE
  5
354
330
24F
100
AcDbEntity
  8
mango
 62
3
100
AcDbLine
 10
-12.12733049996314
 20
-6.069364499766378
 30
0.0
 11
-13.57106049996218
 21
-6.589595499681307
 31
0.0
1001
AcDbBlockRepETag
1070
1
1071
258
1005
354
  0
LINE
  5
355
330
24F
100
AcDbEntity
  8
mango
 62
3
100
AcDbLine
 10
-13.57106049996218
 20
-6.589595499681307
 30
0.0
 11
-15.73665499995695
 21
-7.283237499650567
 31
0.0
1001
AcDbBlockRepETag
1070
1
1071
259
1005
355
  0
LINE
  5
356
330
24F
100
AcDbEntity
  8
mango
 62
3
100
AcDbLine
 10
-15.73665499995695
 20
-7.283237499650567
 30
0.0
 11
-17.03601199996774
 21
-7.456647999817504
 31
0.0
1001
AcDbBlockRepETag
1070
1
1071
260
1005
356
  0
LINE
  5
357
330
24F
100
AcDbEntity
  8
mango
 62
3
100
AcDbLine
 10
-17.03601199996774
 20
-7.456647999817504
 30
0.0
 11
-18.33536849997472
 21
-8.32369999983348
 31
0.0
1001
AcDbBlockRepETag
1070
1
1071
261
1005
357
  0
LINE
  5
358
330
24F
100
AcDbEntity
  8
mango
 62
3
100
AcDbLine
 10
-20.99965399995562
 20
-5.930635999655351
 30
0.0
 11
-18.41850899995188
 21
-8.255849999841303
 31
0.0
1001
AcDbBlockRepETag
1070
1
1071
262
1005
358
  0
LINE
  5
359
330
24F
100
AcDbEntity
  8
mango
 62
3
100
AcDbLine
 10
-15.99868549997336
 20
-7.383894499856977
 30
0.0
 11
-18.74115199997322
 21
-5.155564499786122
 31
0.0
1001
AcDbBlockRepETag
1070
1
1071
263
1005
359
  0
LINE
  5
35A
330
24F
100
AcDbEntity
  8
mango
 62
3
100
AcDbLine
 10
-16.72463249997236
 20
-3.896073499694466
 30
0.0
 11
-13.57886149996193
 21
-6.608823499642312
 31
0.0
1001
AcDbBlockRepETag
1070
1
1071
264
1005
35A
  0
LINE
  5
35B
330
24F
100
AcDbEntity
  8
mango
 62
3
100
AcDbLine
 10
-11.15903799995431
 20
-5.930635999655351
 30
0.0
 11
-14.95009499997832
 21
-2.249046999728306
 31
0.0
1001
AcDbBlockRepETag
1070
1
1071
265
1005
35B
  0
LINE
  5
35C
330
24F
100
AcDbEntity
  8
mango
 62
3
100
AcDbLine
 10
-12.53027149997069
 20
-0.98955599963665
 30
0.0
 11
-8.255249499954516
 21
-4.671144999796523
 31
0.0
1001
AcDbBlockRepETag
1070
1
1071
266
1005
35C
  0
LINE
  5
35D
330
24F
100
AcDbEntity
  8
mango
 62
3
100
AcDbLine
 10
-5.59344349996536
 20
-3.896073499694466
 30
0.0
 11
-8.81987499995739
 21
-0.4082524997647853
 31
0.0
1001
AcDbBlockRepETag
1070
1
1071
267
1005
35D
  0
LINE
  5
35E
330
24F
100
AcDbEntity
  8
mango
 62
3
100
AcDbLine
 10
-5.109478999977
 20
-0.5051364996470511
 30
0.0
 11
-3.012298499961616
 21
-2.927234499715268
 31
0.0
1001
AcDbBlockRepETag
1070
1
1071
268
1005
35E
  0
LINE
  5
35F
330
24F
100
AcDbEntity
  8
mango
 62
3
100
AcDbLine
 10
-3.012298499961616
 20
-2.927234499715268
 30
0.0
 11
-2.850976999965496
 21
-8.158965999726206
 31
0.0
1001
AcDbBlockRepETag
1070
1
1071
269
1005
35F
  0
LINE
  5
360
330
24F
100
AcDbEntity
  8
mango
 62
3
100
AcDbLine
 10
-1.237760999967576
 20
-5.639983999775723
 30
0.0
 11
-1.399082499963696
 21
-2.249046999728306
 31
0.0
1001
AcDbBlockRepETag
1070
1
1071
270
1005
360
  0
LINE
  5
361
330
24F
100
AcDbEntity
  8
mango
 62
3
100
AcDbLine
 10
-1.399082499963696
 20
-2.249046999728306
 30
0.0
 11
-2.44767299995874
 21
-0.7957884997595102
 31
0.0
1001
AcDbBlockRepETag
1070
1
1071
271
1005
361
  0
LINE
  5
362
330
24F
100
AcDbEntity
  8
mango
 62
3
100
AcDbLine
 10
-25.2746759999718
 20
10.24897800013423
 30
0.0
 11
-24.14542499996605
 21
10.24897800013423
 31
0.0
1001
AcDbBlockRepETag
1070
1
1071
272
1005
362
  0
LINE
  5
363
330
24F
100
AcDbEntity
  8
mango
 62
3
100
AcDbLine
 10
-24.14542499996605
 20
10.24897800013423
 30
0.0
 11
-23.82278199997381
 21
11.60535300034098
 31
0.0
1001
AcDbBlockRepETag
1070
1
1071
273
1005
363
  0
LINE
  5
364
330
24F
100
AcDbEntity
  8
mango
 62
3
100
AcDbLine
 10
-22.61286999995355
 20
10.73339750035666
 30
0.0
 11
-23.25815599996713
 21
8.795719500165433
 31
0.0
1001
AcDbBlockRepETag
1070
1
1071
274
1005
364
  0
LINE
  5
365
330
24F
100
AcDbEntity
  8
mango
 62
3
100
AcDbLine
 10
-23.25815599996713
 20
8.795719500165433
 30
0.0
 11
-24.4680679999583
 21
8.795719500165433
 31
0.0
1001
AcDbBlockRepETag
1070
1
1071
275
1005
365
  0
LINE
  5
366
330
24F
100
AcDbEntity
  8
mango
 62
3
100
AcDbLine
 10
-24.14542499996605
 20
7.245576500194148
 30
0.0
 11
-22.61286999995355
 21
7.245576500194148
 31
0.0
1001
AcDbBlockRepETag
1070
1
1071
276
1005
366
  0
LINE
  5
367
330
24F
100
AcDbEntity
  8
mango
 62
3
100
AcDbLine
 10
-22.61286999995355
 20
7.245576500194148
 30
0.0
 11
-21.4836189999769
 21
10.15209400025196
 31
0.0
1001
AcDbBlockRepETag
1070
1
1071
277
1005
367
  0
LINE
  5
368
330
24F
100
AcDbEntity
  8
mango
 62
3
100
AcDbLine
 10
-19.78974249996827
 20
9.667674500262361
 30
0.0
 11
-20.99965399995562
 21
6.082969500217585
 31
0.0
1001
AcDbBlockRepETag
1070
1
1071
278
1005
368
  0
LINE
  5
369
330
24F
100
AcDbEntity
  8
mango
 62
3
100
AcDbLine
 10
-20.99965399995562
 20
6.082969500217585
 30
0.0
 11
-23.58079949996318
 21
5.50166600034572
 31
0.0
1001
AcDbBlockRepETag
1070
1
1071
279
1005
369
  0
LINE
  5
36A
330
24F
100
AcDbEntity
  8
mango
 62
3
100
AcDbLine
 10
-22.85485249996418
 20
3.467104000272228
 30
0.0
 11
-19.22511699996539
 21
4.339059000136329
 31
0.0
1001
AcDbBlockRepETag
1070
1
1071
280
1005
36A
  0
LINE
  5
36B
330
24F
100
AcDbEntity
  8
mango
 62
3
100
AcDbLine
 10
-19.22511699996539
 20
4.339059000136329
 30
0.0
 11
-17.93454399995971
 21
9.183255000272762
 31
0.0
1001
AcDbBlockRepETag
1070
1
1071
281
1005
36B
  0
LINE
  5
36C
330
24F
100
AcDbEntity
  8
mango
 62
3
100
AcDbLine
 10
-16.07934599995497
 20
8.020648000296205
 30
0.0
 11
-17.28925799997523
 21
3.273336000274866
 31
0.0
1001
AcDbBlockRepETag
1070
1
1071
282
1005
36C
  0
LINE
  5
36D
330
24F
100
AcDbEntity
  8
mango
 62
3
100
AcDbLine
 10
-17.28925799997523
 20
3.273336000274866
 30
0.0
 11
-22.04824449997976
 21
1.335658000316469
 31
0.0
1001
AcDbBlockRepETag
1070
1
1071
283
1005
36D
  0
LINE
  5
36E
330
24F
100
AcDbEntity
  8
mango
 62
3
100
AcDbLine
 10
-20.11238549996051
 20
-0.5051364996470511
 30
0.0
 11
-15.19207749995985
 21
2.49826500029303
 31
0.0
1001
AcDbBlockRepETag
1070
1
1071
284
1005
36E
  0
LINE
  5
36F
330
24F
100
AcDbEntity
  8
mango
 62
3
100
AcDbLine
 10
-15.19207749995985
 20
2.49826500029303
 30
0.0
 11
-14.54679099997156
 21
6.470505500212311
 31
0.0
1001
AcDbBlockRepETag
1070
1
1071
285
1005
36F
  0
LINE
  5
370
330
24F
100
AcDbEntity
  8
mango
 62
3
100
AcDbLine
 10
-13.25621849996969
 20
5.307898500235751
 30
0.0
 11
-13.74018349996186
 21
2.110729000298305
 31
0.0
1001
AcDbBlockRepETag
1070
1
1071
286
1005
370
  0
LINE
  5
371
330
24F
100
AcDbEntity
  8
mango
 62
3
100
AcDbLine
 10
-13.74018349996186
 20
2.110729000298305
 30
0.0
 11
-16.88595399996848
 21
-1.667743499856442
 31
0.0
1001
AcDbBlockRepETag
1070
1
1071
287
1005
371
  0
LINE
  5
372
330
24F
100
AcDbEntity
  8
mango
 62
3
100
AcDbLine
 10
-14.38546949997544
 20
-1.667743499856442
 30
0.0
 11
-11.96564599996782
 21
1.52942550019361
 31
0.0
1001
AcDbBlockRepETag
1070
1
1071
288
1005
372
  0
LINE
  5
373
330
24F
100
AcDbEntity
  8
mango
 62
3
100
AcDbLine
 10
-11.96564599996782
 20
1.52942550019361
 30
0.0
 11
-11.8043244999717
 21
4.920362500241026
 31
0.0
1001
AcDbBlockRepETag
1070
1
1071
289
1005
373
  0
LINE
  5
374
330
24F
100
AcDbEntity
  8
mango
 62
3
100
AcDbLine
 10
-10.19110849997378
 20
4.435943000251426
 30
0.0
 11
-10.3524299999699
 21
1.52942550019361
 31
0.0
1001
AcDbBlockRepETag
1070
1
1071
290
1005
374
  0
LINE
  5
375
330
24F
100
AcDbEntity
  8
mango
 62
3
100
AcDbLine
 10
-10.3524299999699
 20
1.52942550019361
 30
0.0
 11
-11.23969899996882
 21
-0.5051364996470511
 31
0.0
1001
AcDbBlockRepETag
1070
1
1071
291
1005
375
  0
LINE
  5
376
330
24F
100
AcDbEntity
  8
mango
 62
3
100
AcDbLine
 10
-9.22317899996415
 20
-0.5051364996470511
 30
0.0
 11
-8.739214499975787
 21
1.141890000319107
 31
0.0
1001
AcDbBlockRepETag
1070
1
1071
292
1005
376
  0
LINE
  5
377
330
24F
100
AcDbEntity
  8
mango
 62
3
100
AcDbLine
 10
-8.739214499975787
 20
1.141890000319107
 30
0.0
 11
-8.739214499975787
 21
3.757755500264464
 31
0.0
1001
AcDbBlockRepETag
1070
1
1071
293
1005
377
  0
LINE
  5
378
330
24F
100
AcDbEntity
  8
mango
 62
3
100
AcDbLine
 10
-7.529302499955519
 20
2.401381000177934
 30
0.0
 11
-7.367980999959398
 21
0.6574705003295094
 31
0.0
1001
AcDbBlockRepETag
1070
1
1071
294
1005
378
  0
LINE
  5
379
330
24F
100
AcDbEntity
  8
mango
 62
3
100
AcDbLine
 10
-7.367980999959398
 20
0.6574705003295094
 30
0.0
 11
-7.690623999951639
 21
-0.4082524997647853
 31
0.0
1001
AcDbBlockRepETag
1070
1
1071
295
1005
379
  0
LINE
  5
37A
330
24F
100
AcDbEntity
  8
mango
 62
3
100
AcDbLine
 10
-6.400051499978872
 20
-0.4082524997647853
 30
0.0
 11
-6.158068999968236
 21
0.4637025003321469
 31
0.0
1001
AcDbBlockRepETag
1070
1
1071
296
1005
37A
  0
LINE
  5
37B
330
24F
100
AcDbEntity
  8
mango
 62
3
100
AcDbLine
 10
-6.158068999968236
 20
0.4637025003321469
 30
0.0
 11
-6.480712499964282
 21
1.626309500308706
 31
0.0
1001
AcDbBlockRepETag
1070
1
1071
297
1005
37B
  0
LINE
  5
37C
330
24F
100
AcDbEntity
  8
mango
 62
3
100
AcDbLine
 10
-5.028817999962483
 20
1.045006000204011
 30
0.0
 11
-5.028817999962483
 21
0.3668185002170503
 31
0.0
1001
AcDbBlockRepETag
1070
1
1071
298
1005
37C
  0
LINE
  5
37D
330
24F
100
AcDbEntity
  8
mango
 62
3
100
AcDbLine
 10
-5.028817999962483
 20
0.3668185002170503
 30
0.0
 11
-5.27080049997312
 21
-0.4082524997647853
 31
0.0
1001
AcDbBlockRepETag
1070
1
1071
299
1005
37D
  0
LINE
  5
37E
330
24F
100
AcDbEntity
  8
mango
 62
3
100
AcDbLine
 10
-4.22221049995278
 20
0.8512380002066493
 30
0.0
 11
-4.060888499952851
 21
0.2699345003347844
 31
0.0
1001
AcDbBlockRepETag
1070
1
1071
300
1005
37E
  0
LINE
  5
37F
330
24F
100
AcDbEntity
  8
mango
 62
3
100
AcDbLine
 10
-4.060888499952851
 20
0.2699345003347844
 30
0.0
 11
-4.302870999963488
 21
-0.5051364996470511
 31
0.0
1001
AcDbBlockRepETag
1070
1
1071
301
1005
37F
  0
LINE
  5
380
330
24F
100
AcDbEntity
  8
mango
 62
3
100
AcDbLine
 10
-3.092959499976132
 20
0.3668185002170503
 30
0.0
 11
-3.092959499976132
 21
-0.1176009997725487
 31
0.0
1001
AcDbBlockRepETag
1070
1
1071
302
1005
380
  0
LINE
  5
381
330
24F
100
AcDbEntity
  8
mango
 62
3
100
AcDbLine
 10
-3.092959499976132
 20
-0.1176009997725487
 30
0.0
 11
-3.334941499953856
 21
-0.6020204997621477
 31
0.0
1001
AcDbBlockRepETag
1070
1
1071
303
1005
381
  0
LINE
  5
382
330
24F
100
AcDbEntity
  8
mango
 62
3
100
AcDbLine
 10
-2.205690499977208
 20
-0.3113689997699112
 30
0.0
 11
-2.528333999973256
 21
-0.6020204997621477
 31
0.0
1001
AcDbBlockRepETag
1070
1
1071
304
1005
382
  0
LINE
  5
383
330
24F
100
AcDbEntity
  8
mango
 62
3
100
AcDbLine
 10
-0.4331189999647905
 20
19.42196500021964
 30
0.0
 11
0.8662380000459959
 21
20.80924800015055
 31
0.0
1001
AcDbBlockRepETag
1070
1
1071
305
1005
383
  0
LINE
  5
384
330
24F
100
AcDbEntity
  8
mango
 62
3
100
AcDbLine
 10
0.8662380000459959
 20
20.80924800015055
 30
0.0
 11
2.16559450002387
 21
21.50289000035264
 31
0.0
1001
AcDbBlockRepETag
1070
1
1071
306
1005
384
  0
LINE
  5
385
330
24F
100
AcDbEntity
  8
mango
 62
3
100
AcDbLine
 10
2.16559450002387
 20
21.50289000035264
 30
0.0
 11
4.619935500028077
 21
21.84971050033346
 31
0.0
1001
AcDbBlockRepETag
1070
1
1071
307
1005
385
  0
LINE
  5
386
330
24F
100
AcDbEntity
  8
mango
 62
3
100
AcDbLine
 10
4.619935500028077
 20
21.84971050033346
 30
0.0
 11
5.919292000035056
 21
23.06358350021765
 31
0.0
1001
AcDbBlockRepETag
1070
1
1071
308
1005
386
  0
LINE
  5
387
330
24F
100
AcDbEntity
  8
mango
 62
3
100
AcDbLine
 10
5.919292000035056
 20
23.06358350021765
 30
0.0
 11
7.218649000045843
 21
23.06358350021765
 31
0.0
1001
AcDbBlockRepETag
1070
1
1071
309
1005
387
  0
LINE
  5
388
330
24F
100
AcDbEntity
  8
mango
 62
3
100
AcDbLine
 10
7.218649000045843
 20
23.06358350021765
 30
0.0
 11
8.518006000027526
 21
23.41040450031869
 31
0.0
1001
AcDbBlockRepETag
1070
1
1071
310
1005
388
  0
LINE
  5
389
330
24F
100
AcDbEntity
  8
mango
 62
3
100
AcDbLine
 10
8.518006000027526
 20
23.41040450031869
 30
0.0
 11
9.817362500034504
 21
23.58381450013258
 31
0.0
1001
AcDbBlockRepETag
1070
1
1071
311
1005
389
  0
LINE
  5
38A
330
24F
100
AcDbEntity
  8
mango
 62
3
100
AcDbLine
 10
9.817362500034504
 20
23.58381450013258
 30
0.0
 11
11.11671950004529
 21
23.41040450031869
 31
0.0
1001
AcDbBlockRepETag
1070
1
1071
312
1005
38A
  0
LINE
  5
38B
330
24F
100
AcDbEntity
  8
mango
 62
3
100
AcDbLine
 10
11.11671950004529
 20
23.41040450031869
 30
0.0
 11
10.97234650002792
 21
22.02312100026757
 31
0.0
1001
AcDbBlockRepETag
1070
1
1071
313
1005
38B
  0
LINE
  5
38C
330
24F
100
AcDbEntity
  8
mango
 62
3
100
AcDbLine
 10
10.97234650002792
 20
22.02312100026757
 30
0.0
 11
9.672989500046242
 21
20.63583800033666
 31
0.0
1001
AcDbBlockRepETag
1070
1
1071
314
1005
38C
  0
LINE
  5
38D
330
24F
100
AcDbEntity
  8
mango
 62
3
100
AcDbLine
 10
9.672989500046242
 20
20.63583800033666
 30
0.0
 11
8.229260000021894
 21
19.76878600032069
 31
0.0
1001
AcDbBlockRepETag
1070
1
1071
315
1005
38D
  0
LINE
  5
38E
330
24F
100
AcDbEntity
  8
mango
 62
3
100
AcDbLine
 10
8.229260000021894
 20
19.76878600032069
 30
0.0
 11
7.363022000034106
 21
17.86127150035463
 31
0.0
1001
AcDbBlockRepETag
1070
1
1071
316
1005
38E
  0
LINE
  5
38F
330
24F
100
AcDbEntity
  8
mango
 62
3
100
AcDbLine
 10
7.363022000034106
 20
17.86127150035463
 30
0.0
 11
7.074276000028477
 21
16.30057750013657
 31
0.0
1001
AcDbBlockRepETag
1070
1
1071
317
1005
38F
  0
LINE
  5
390
330
24F
100
AcDbEntity
  8
mango
 62
3
100
AcDbLine
 10
7.074276000028477
 20
16.30057750013657
 30
0.0
 11
7.074276000028477
 21
14.39306300017051
 31
0.0
1001
AcDbBlockRepETag
1070
1
1071
318
1005
390
  0
LINE
  5
391
330
24F
100
AcDbEntity
  8
mango
 62
3
100
AcDbLine
 10
7.074276000028477
 20
14.39306300017051
 30
0.0
 11
6.929903000040212
 21
13.00578000023961
 31
0.0
1001
AcDbBlockRepETag
1070
1
1071
319
1005
391
  0
LINE
  5
392
330
24F
100
AcDbEntity
  8
mango
 62
3
100
AcDbLine
 10
6.929903000040212
 20
13.00578000023961
 30
0.0
 11
6.64115700003458
 21
11.6184970003087
 31
0.0
1001
AcDbBlockRepETag
1070
1
1071
320
1005
392
  0
LINE
  5
393
330
24F
100
AcDbEntity
  8
mango
 62
3
100
AcDbLine
 10
6.64115700003458
 20
11.6184970003087
 30
0.0
 11
6.208038000040687
 21
10.23121350025758
 31
0.0
1001
AcDbBlockRepETag
1070
1
1071
321
1005
393
  0
LINE
  5
394
330
24F
100
AcDbEntity
  8
mango
 62
3
100
AcDbLine
 10
6.208038000040687
 20
10.23121350025758
 30
0.0
 11
5.774919000046793
 21
7.803468000143766
 31
0.0
1001
AcDbBlockRepETag
1070
1
1071
322
1005
394
  0
LINE
  5
395
330
24F
100
AcDbEntity
  8
mango
 62
3
100
AcDbLine
 10
5.774919000046793
 20
7.803468000143766
 30
0.0
 11
5.630546000029425
 21
6.416184500325471
 31
0.0
1001
AcDbBlockRepETag
1070
1
1071
323
1005
395
  0
LINE
  5
396
330
24F
100
AcDbEntity
  8
mango
 62
3
100
AcDbLine
 10
5.630546000029425
 20
6.416184500325471
 30
0.0
 11
4.908681500033708
 21
5.028901500161737
 31
0.0
1001
AcDbBlockRepETag
1070
1
1071
324
1005
396
  0
LINE
  5
397
330
24F
100
AcDbEntity
  8
mango
 62
3
100
AcDbLine
 10
4.908681500033708
 20
5.028901500161737
 30
0.0
 11
4.042443500045918
 21
3.641618000343441
 31
0.0
1001
AcDbBlockRepETag
1070
1
1071
325
1005
397
  0
LINE
  5
398
330
24F
100
AcDbEntity
  8
mango
 62
3
100
AcDbLine
 10
4.042443500045918
 20
3.641618000343441
 30
0.0
 11
2.743086500035133
 21
2.254335000179708
 31
0.0
1001
AcDbBlockRepETag
1070
1
1071
326
1005
398
  0
LINE
  5
399
330
24F
100
AcDbEntity
  8
mango
 62
3
100
AcDbLine
 10
2.743086500035133
 20
2.254335000179708
 30
0.0
 11
1.443730000028152
 21
1.56069350033067
 31
0.0
1001
AcDbBlockRepETag
1070
1
1071
327
1005
399
  0
LINE
  5
39A
330
24F
100
AcDbEntity
  8
mango
 62
3
100
AcDbLine
 10
1.443730000028152
 20
1.56069350033067
 30
0.0
 11
0.2887460000347346
 21
-0.5202314998023212
 31
0.0
1001
AcDbBlockRepETag
1070
1
1071
328
1005
39A
  0
LINE
  5
39B
330
24F
100
AcDbEntity
  8
mango
 62
3
100
AcDbLine
 10
5.486173000041161
 20
5.895953500177711
 30
0.0
 11
6.785530000022845
 21
6.936416000360622
 31
0.0
1001
AcDbBlockRepETag
1070
1
1071
329
1005
39B
  0
LINE
  5
39C
330
24F
100
AcDbEntity
  8
mango
 62
3
100
AcDbLine
 10
6.785530000022845
 20
6.936416000360622
 30
0.0
 11
8.08488700003363
 21
7.803468000143766
 31
0.0
1001
AcDbBlockRepETag
1070
1
1071
330
1005
39C
  0
LINE
  5
39D
330
24F
100
AcDbEntity
  8
mango
 62
3
100
AcDbLine
 10
8.08488700003363
 20
7.803468000143766
 30
0.0
 11
9.528616500028871
 21
8.323699000291526
 31
0.0
1001
AcDbBlockRepETag
1070
1
1071
331
1005
39D
  0
LINE
  5
39E
330
24F
100
AcDbEntity
  8
mango
 62
3
100
AcDbLine
 10
9.528616500028871
 20
8.323699000291526
 30
0.0
 11
11.69421150002745
 21
8.67052000015974
 31
0.0
1001
AcDbBlockRepETag
1070
1
1071
332
1005
39E
  0
LINE
  5
39F
330
24F
100
AcDbEntity
  8
mango
 62
3
100
AcDbLine
 10
11.69421150002745
 20
8.67052000015974
 30
0.0
 11
13.57106000004569
 21
9.017340500140563
 31
0.0
1001
AcDbBlockRepETag
1070
1
1071
333
1005
39F
  0
LINE
  5
3A0
330
24F
100
AcDbEntity
  8
mango
 62
3
100
AcDbLine
 10
13.57106000004569
 20
9.017340500140563
 30
0.0
 11
14.87041700002737
 21
9.710982500342652
 31
0.0
1001
AcDbBlockRepETag
1070
1
1071
334
1005
3A0
  0
LINE
  5
3A1
330
24F
100
AcDbEntity
  8
mango
 62
3
100
AcDbLine
 10
14.87041700002737
 20
9.710982500342652
 30
0.0
 11
16.31414700002642
 21
10.05780300032347
 31
0.0
1001
AcDbBlockRepETag
1070
1
1071
335
1005
3A1
  0
LINE
  5
3A2
330
24F
100
AcDbEntity
  8
mango
 62
3
100
AcDbLine
 10
16.31414700002642
 20
10.05780300032347
 30
0.0
 11
17.6135035000334
 21
10.40462400019169
 31
0.0
1001
AcDbBlockRepETag
1070
1
1071
336
1005
3A2
  0
LINE
  5
3A3
330
24F
100
AcDbEntity
  8
mango
 62
3
100
AcDbLine
 10
17.6135035000334
 20
10.40462400019169
 30
0.0
 11
19.77909850003198
 21
10.40462400019169
 31
0.0
1001
AcDbBlockRepETag
1070
1
1071
337
1005
3A3
  0
LINE
  5
3A4
330
24F
100
AcDbEntity
  8
mango
 62
3
100
AcDbLine
 10
19.77909850003198
 20
10.40462400019169
 30
0.0
 11
22.37781200002064
 21
11.09826550027355
 31
0.0
1001
AcDbBlockRepETag
1070
1
1071
338
1005
3A4
  0
LINE
  5
3A5
330
24F
100
AcDbEntity
  8
mango
 62
3
100
AcDbLine
 10
22.37781200002064
 20
11.09826550027355
 30
0.0
 11
23.67716900003143
 21
10.92485500033945
 31
0.0
1001
AcDbBlockRepETag
1070
1
1071
339
1005
3A5
  0
LINE
  5
3A6
330
24F
100
AcDbEntity
  8
mango
 62
3
100
AcDbLine
 10
23.67716900003143
 20
10.92485500033945
 30
0.0
 11
22.66655800002627
 21
9.537572000175713
 31
0.0
1001
AcDbBlockRepETag
1070
1
1071
340
1005
3A6
  0
LINE
  5
3A7
330
24F
100
AcDbEntity
  8
mango
 62
3
100
AcDbLine
 10
22.66655800002627
 20
9.537572000175713
 30
0.0
 11
21.36720100004459
 21
8.67052000015974
 31
0.0
1001
AcDbBlockRepETag
1070
1
1071
341
1005
3A7
  0
LINE
  5
3A8
330
24F
100
AcDbEntity
  8
mango
 62
3
100
AcDbLine
 10
21.36720100004459
 20
8.67052000015974
 30
0.0
 11
20.35659050004324
 21
7.109826000174508
 31
0.0
1001
AcDbBlockRepETag
1070
1
1071
342
1005
3A8
  0
LINE
  5
3A9
330
24F
100
AcDbEntity
  8
mango
 62
3
100
AcDbLine
 10
20.35659050004324
 20
7.109826000174508
 30
0.0
 11
19.05723350003245
 21
6.069364000344647
 31
0.0
1001
AcDbBlockRepETag
1070
1
1071
343
1005
3A9
  0
LINE
  5
3AA
330
24F
100
AcDbEntity
  8
mango
 62
3
100
AcDbLine
 10
19.05723350003245
 20
6.069364000344647
 30
0.0
 11
18.33536850003293
 21
4.335260000312699
 31
0.0
1001
AcDbBlockRepETag
1070
1
1071
344
1005
3AA
  0
LINE
  5
3AB
330
24F
100
AcDbEntity
  8
mango
 62
3
100
AcDbLine
 10
18.33536850003293
 20
4.335260000312699
 30
0.0
 11
17.90224950003903
 21
2.947976500261573
 31
0.0
1001
AcDbBlockRepETag
1070
1
1071
345
1005
3AB
  0
LINE
  5
3AC
330
24F
100
AcDbEntity
  8
mango
 62
3
100
AcDbLine
 10
17.90224950003903
 20
2.947976500261573
 30
0.0
 11
16.60289300003205
 21
2.254335000179708
 31
0.0
1001
AcDbBlockRepETag
1070
1
1071
346
1005
3AC
  0
LINE
  5
3AD
330
24F
100
AcDbEntity
  8
mango
 62
3
100
AcDbLine
 10
16.60289300003205
 20
2.254335000179708
 30
0.0
 11
15.159163000033
 21
1.56069350033067
 31
0.0
1001
AcDbBlockRepETag
1070
1
1071
347
1005
3AD
  0
LINE
  5
3AE
330
24F
100
AcDbEntity
  8
mango
 62
3
100
AcDbLine
 10
15.159163000033
 20
1.56069350033067
 30
0.0
 11
13.85980600002222
 21
1.040462000295519
 31
0.0
1001
AcDbBlockRepETag
1070
1
1071
348
1005
3AE
  0
LINE
  5
3AF
330
24F
100
AcDbEntity
  8
mango
 62
3
100
AcDbLine
 10
13.85980600002222
 20
1.040462000295519
 30
0.0
 11
12.56044950004434
 21
0.6936415003146978
 31
0.0
1001
AcDbBlockRepETag
1070
1
1071
349
1005
3AF
  0
LINE
  5
3B0
330
24F
100
AcDbEntity
  8
mango
 62
3
100
AcDbLine
 10
12.56044950004434
 20
0.6936415003146978
 30
0.0
 11
11.26109250003355
 21
-0.3468209998682141
 31
0.0
1001
AcDbBlockRepETag
1070
1
1071
350
1005
3B0
  0
LINE
  5
3B1
330
24F
100
AcDbEntity
  8
mango
 62
3
100
AcDbLine
 10
11.26109250003355
 20
-0.3468209998682141
 30
0.0
 11
9.817362500034504
 21
-0.8670524996705353
 31
0.0
1001
AcDbBlockRepETag
1070
1
1071
351
1005
3B1
  0
LINE
  5
3B2
330
24F
100
AcDbEntity
  8
mango
 62
3
100
AcDbLine
 10
9.817362500034504
 20
-0.8670524996705353
 30
0.0
 11
8.373633000039263
 21
-1.560693999752401
 31
0.0
1001
AcDbBlockRepETag
1070
1
1071
352
1005
3B2
  0
LINE
  5
3B3
330
24F
100
AcDbEntity
  8
mango
 62
3
100
AcDbLine
 10
8.373633000039263
 20
-1.560693999752401
 30
0.0
 11
4.475562500039813
 21
-2.601156499702482
 31
0.0
1001
AcDbBlockRepETag
1070
1
1071
353
1005
3B3
  0
LINE
  5
3B4
330
24F
100
AcDbEntity
  8
mango
 62
3
100
AcDbLine
 10
4.475562500039813
 20
-2.601156499702482
 30
0.0
 11
3.031832500040763
 21
-2.77456699963659
 31
0.0
1001
AcDbBlockRepETag
1070
1
1071
354
1005
3B4
  0
LINE
  5
3B5
330
24F
100
AcDbEntity
  8
mango
 62
3
100
AcDbLine
 10
3.031832500040763
 20
-2.77456699963659
 30
0.0
 11
1.732475500029976
 21
-2.77456699963659
 31
0.0
1001
AcDbBlockRepETag
1070
1
1071
355
1005
3B5
  0
LINE
  5
3B6
330
24F
100
AcDbEntity
  8
mango
 62
3
100
AcDbLine
 10
1.732475500029976
 20
-2.77456699963659
 30
0.0
 11
0.2887460000347346
 21
-2.601156499702482
 31
0.0
1001
AcDbBlockRepETag
1070
1
1071
356
1005
3B6
  0
LINE
  5
3B7
330
24F
100
AcDbEntity
  8
mango
 62
3
100
AcDbLine
 10
0.2887460000347346
 20
-2.601156499702482
 30
0.0
 11
-0.2887459999765269
 21
-2.427745999768375
 31
0.0
1001
AcDbBlockRepETag
1070
1
1071
357
1005
3B7
  0
LINE
  5
3B8
330
24F
100
AcDbEntity
  8
mango
 62
3
100
AcDbLine
 10
0.1443730000464711
 20
-5.375722999684511
 30
0.0
 11
1.443730000028152
 21
-6.069364499766378
 31
0.0
1001
AcDbBlockRepETag
1070
1
1071
358
1005
3B8
  0
LINE
  5
3B9
330
24F
100
AcDbEntity
  8
mango
 62
3
100
AcDbLine
 10
1.443730000028152
 20
-6.069364499766378
 30
0.0
 11
3.464951500034658
 21
-6.936416499782352
 31
0.0
1001
AcDbBlockRepETag
1070
1
1071
359
1005
3B9
  0
LINE
  5
3BA
330
24F
100
AcDbEntity
  8
mango
 62
3
100
AcDbLine
 10
3.464951500034658
 20
-6.936416499782352
 30
0.0
 11
4.764308500045443
 21
-7.283237499650567
 31
0.0
1001
AcDbBlockRepETag
1070
1
1071
360
1005
3BA
  0
LINE
  5
3BB
330
24F
100
AcDbEntity
  8
mango
 62
3
100
AcDbLine
 10
4.764308500045443
 20
-7.283237499650567
 30
0.0
 11
6.063665000023319
 21
-8.32369999983348
 31
0.0
1001
AcDbBlockRepETag
1070
1
1071
361
1005
3BB
  0
LINE
  5
3BC
330
24F
100
AcDbEntity
  8
mango
 62
3
100
AcDbLine
 10
6.063665000023319
 20
-8.32369999983348
 30
0.0
 11
8.08488700003363
 21
-8.670520499814298
 31
0.0
1001
AcDbBlockRepETag
1070
1
1071
362
1005
3BC
  0
LINE
  5
3BD
330
24F
100
AcDbEntity
  8
mango
 62
3
100
AcDbLine
 10
23.82154200001969
 20
-8.670520499814298
 30
0.0
 11
25.12089850002667
 21
-7.976878999732433
 31
0.0
1001
AcDbBlockRepETag
1070
1
1071
363
1005
3BD
  0
LINE
  5
3BE
330
24F
100
AcDbEntity
  8
mango
 62
3
100
AcDbLine
 10
25.12089850002667
 20
-7.976878999732433
 30
0.0
 11
26.56462850002572
 21
-7.630057999864219
 31
0.0
1001
AcDbBlockRepETag
1070
1
1071
364
1005
3BE
  0
LINE
  5
3BF
330
24F
100
AcDbEntity
  8
mango
 62
3
100
AcDbLine
 10
26.56462850002572
 20
-7.630057999864219
 30
0.0
 11
26.42025550003746
 21
-6.069364499766378
 31
0.0
1001
AcDbBlockRepETag
1070
1
1071
365
1005
3BF
  0
LINE
  5
3C0
330
24F
100
AcDbEntity
  8
mango
 62
3
100
AcDbLine
 10
26.42025550003746
 20
-6.069364499766378
 30
0.0
 11
24.54340700004832
 21
-4.682081499835476
 31
0.0
1001
AcDbBlockRepETag
1070
1
1071
366
1005
3C0
  0
LINE
  5
3C1
330
24F
100
AcDbEntity
  8
mango
 62
3
100
AcDbLine
 10
24.54340700004832
 20
-4.682081499835476
 30
0.0
 11
22.66655800002627
 21
-4.33526049973443
 31
0.0
1001
AcDbBlockRepETag
1070
1
1071
367
1005
3C1
  0
LINE
  5
3C2
330
24F
100
AcDbEntity
  8
mango
 62
3
100
AcDbLine
 10
22.66655800002627
 20
-4.33526049973443
 30
0.0
 11
19.63472550004371
 21
-3.988439499866217
 31
0.0
1001
AcDbBlockRepETag
1070
1
1071
368
1005
3C2
  0
LINE
  5
3C3
330
24F
100
AcDbEntity
  8
mango
 62
3
100
AcDbLine
 10
19.63472550004371
 20
-3.988439499866217
 30
0.0
 11
18.0466225000273
 21
-3.815029499819502
 31
0.0
1001
AcDbBlockRepETag
1070
1
1071
369
1005
3C3
  0
LINE
  5
3C4
330
24F
100
AcDbEntity
  8
mango
 62
3
100
AcDbLine
 10
18.0466225000273
 20
-3.815029499819502
 30
0.0
 11
16.74726600002031
 21
-3.29479799978435
 31
0.0
1001
AcDbBlockRepETag
1070
1
1071
370
1005
3C4
  0
LINE
  5
3C5
330
24F
100
AcDbEntity
  8
mango
 62
3
100
AcDbLine
 10
16.74726600002031
 20
-3.29479799978435
 30
0.0
 11
15.30353600002127
 21
-2.427745999768375
 31
0.0
1001
AcDbBlockRepETag
1070
1
1071
371
1005
3C5
  0
LINE
  5
3C6
330
24F
100
AcDbEntity
  8
mango
 62
3
100
AcDbLine
 10
15.30353600002127
 20
-2.427745999768375
 30
0.0
 11
14.00417900003958
 21
-1.560693999752401
 31
0.0
1001
AcDbBlockRepETag
1070
1
1071
372
1005
3C6
  0
LINE
  5
3C7
330
24F
100
AcDbEntity
  8
mango
 62
3
100
AcDbLine
 10
14.00417900003958
 20
-1.560693999752401
 30
0.0
 11
12.56044950004434
 21
-1.040462999837473
 31
0.0
1001
AcDbBlockRepETag
1070
1
1071
373
1005
3C7
  0
LINE
  5
3C8
330
24F
100
AcDbEntity
  8
mango
 62
3
100
AcDbLine
 10
12.56044950004434
 20
-1.040462999837473
 30
0.0
 11
10.53922750003403
 21
-0.8670524996705353
 31
0.0
1001
AcDbBlockRepETag
1070
1
1071
374
1005
3C8
  0
LINE
  5
3C9
330
24F
100
AcDbEntity
  8
mango
 62
3
100
AcDbLine
 10
-0.7218649999704212
 20
-1.387283499818295
 30
0.0
 11
-0.5774919999530539
 21
-2.77456699963659
 31
0.0
1001
AcDbBlockRepETag
1070
1
1071
375
1005
3C9
  0
LINE
  5
3CA
330
24F
100
AcDbEntity
  8
mango
 62
3
100
AcDbLine
 10
-0.5774919999530539
 20
-2.77456699963659
 30
0.0
 11
-0.2887459999765269
 21
-1.387283499818295
 31
0.0
1001
AcDbBlockRepETag
1070
1
1071
376
1005
3CA
  0
LINE
  5
3CB
330
24F
100
AcDbEntity
  8
mango
 62
3
100
AcDbLine
 10
-0.2887459999765269
 20
-1.387283499818295
 30
0.0
 11
0.5774920000403654
 21
-4.996545613e-07
 31
0.0
1001
AcDbBlockRepETag
1070
1
1071
377
1005
3CB
  0
LINE
  5
3CC
330
24F
100
AcDbEntity
  8
mango
 62
3
100
AcDbLine
 10
0.5774920000403654
 20
-4.996545613e-07
 30
0.0
 11
0.7218650000286289
 21
0.1734100002795458
 31
0.0
1001
AcDbBlockRepETag
1070
1
1071
378
1005
3CC
  0
LINE
  5
3CD
330
24F
100
AcDbEntity
  8
mango
 62
3
100
AcDbLine
 10
-0.4331189999647905
 20
-1.560693999752401
 30
0.0
 11
0.8662380000459959
 21
-0.8670524996705353
 31
0.0
1001
AcDbBlockRepETag
1070
1
1071
379
1005
3CD
  0
LINE
  5
3CE
330
24F
100
AcDbEntity
  8
mango
 62
3
100
AcDbLine
 10
0.8662380000459959
 20
-0.8670524996705353
 30
0.0
 11
2.16559450002387
 21
-0.5202314998023212
 31
0.0
1001
AcDbBlockRepETag
1070
1
1071
380
1005
3CE
  0
LINE
  5
3CF
330
24F
100
AcDbEntity
  8
mango
 62
3
100
AcDbLine
 10
2.16559450002387
 20
-0.5202314998023212
 30
0.0
 11
4.764308500045443
 21
0.8670515003614125
 31
0.0
1001
AcDbBlockRepETag
1070
1
1071
381
1005
3CF
  0
LINE
  5
3D0
330
24F
100
AcDbEntity
  8
mango
 62
3
100
AcDbLine
 10
4.619935500028077
 20
0.8670515003614125
 30
0.0
 11
5.919292000035056
 21
1.387283000163732
 31
0.0
1001
AcDbBlockRepETag
1070
1
1071
382
1005
3D0
  0
LINE
  5
3D1
330
24F
100
AcDbEntity
  8
mango
 62
3
100
AcDbLine
 10
5.919292000035056
 20
1.387283000163732
 30
0.0
 11
7.218649000045843
 21
2.0809245002456
 31
0.0
1001
AcDbBlockRepETag
1070
1
1071
383
1005
3D1
  0
LINE
  5
3D2
330
24F
100
AcDbEntity
  8
mango
 62
3
100
AcDbLine
 10
7.218649000045843
 20
2.0809245002456
 30
0.0
 11
8.518006000027526
 21
3.294797500362618
 31
0.0
1001
AcDbBlockRepETag
1070
1
1071
384
1005
3D2
  0
LINE
  5
3D3
330
24F
100
AcDbEntity
  8
mango
 62
3
100
AcDbLine
 10
8.518006000027526
 20
3.294797500362618
 30
0.0
 11
9.961735500022767
 21
3.815028500277549
 31
0.0
1001
AcDbBlockRepETag
1070
1
1071
385
1005
3D3
  0
LINE
  5
3D4
330
24F
100
AcDbEntity
  8
mango
 62
3
100
AcDbLine
 10
9.961735500022767
 20
3.815028500277549
 30
0.0
 11
12.56044950004434
 21
4.85549100022763
 31
0.0
1001
AcDbBlockRepETag
1070
1
1071
386
1005
3D4
  0
LINE
  5
3D5
330
24F
100
AcDbEntity
  8
mango
 62
3
100
AcDbLine
 10
12.41607650002697
 20
4.85549100022763
 30
0.0
 11
14.58167100002174
 21
5.549132500309497
 31
0.0
1001
AcDbBlockRepETag
1070
1
1071
387
1005
3D5
  0
LINE
  5
3D6
330
24F
100
AcDbEntity
  8
mango
 62
3
100
AcDbLine
 10
14.58167100002174
 20
5.549132500309497
 30
0.0
 11
15.88102800003253
 21
5.722543000243603
 31
0.0
1001
AcDbBlockRepETag
1070
1
1071
388
1005
3D6
  0
LINE
  5
3D7
330
24F
100
AcDbEntity
  8
mango
 62
3
100
AcDbLine
 10
15.73665500004426
 20
5.722543000243603
 30
0.0
 11
17.03601200002595
 21
6.763005500193684
 31
0.0
1001
AcDbBlockRepETag
1070
1
1071
389
1005
3D7
  0
LINE
  5
3D8
330
24F
100
AcDbEntity
  8
mango
 62
3
100
AcDbLine
 10
17.03601200002595
 20
6.763005500193684
 30
0.0
 11
19.63472550004371
 21
8.497109500225633
 31
0.0
1001
AcDbBlockRepETag
1070
1
1071
390
1005
3D8
  0
LINE
  5
3D9
330
24F
100
AcDbEntity
  8
mango
 62
3
100
AcDbLine
 10
19.63472550004371
 20
8.497109500225633
 30
0.0
 11
21.07845550004276
 21
9.364161500241607
 31
0.0
1001
AcDbBlockRepETag
1070
1
1071
391
1005
3D9
  0
LINE
  5
3DA
330
24F
100
AcDbEntity
  8
mango
 62
3
100
AcDbLine
 10
21.07845550004276
 20
9.364161500241607
 30
0.0
 11
22.37781200002064
 21
10.57803450035862
 31
0.0
1001
AcDbBlockRepETag
1070
1
1071
392
1005
3DA
  0
LINE
  5
3DB
330
24F
100
AcDbEntity
  8
mango
 62
3
100
AcDbLine
 10
22.37781200002064
 20
10.57803450035862
 30
0.0
 11
23.3884230000258
 21
10.92485500033945
 31
0.0
1001
AcDbBlockRepETag
1070
1
1071
393
1005
3DB
  0
LINE
  5
3DC
330
24F
100
AcDbEntity
  8
mango
 62
3
100
AcDbLine
 10
-0.7218649999704212
 20
-1.560693999752401
 30
0.0
 11
-0.7218649999704212
 21
3.468207500176503
 31
0.0
1001
AcDbBlockRepETag
1070
1
1071
394
1005
3DC
  0
LINE
  5
3DD
330
24F
100
AcDbEntity
  8
mango
 62
3
100
AcDbLine
 10
-0.7218649999704212
 20
3.468207500176503
 30
0.0
 11
-0.5774919999530539
 21
4.85549100022763
 31
0.0
1001
AcDbBlockRepETag
1070
1
1071
395
1005
3DD
  0
LINE
  5
3DE
330
24F
100
AcDbEntity
  8
mango
 62
3
100
AcDbLine
 10
-0.5774919999530539
 20
4.85549100022763
 30
0.0
 11
-0.4331189999647905
 21
6.416184500325471
 31
0.0
1001
AcDbBlockRepETag
1070
1
1071
396
1005
3DE
  0
LINE
  5
3DF
330
24F
100
AcDbEntity
  8
mango
 62
3
100
AcDbLine
 10
-0.4331189999647905
 20
6.416184500325471
 30
0.0
 11
-0.1443729999591596
 21
7.803468000143766
 31
0.0
1001
AcDbBlockRepETag
1070
1
1071
397
1005
3DF
  0
LINE
  5
3E0
330
24F
100
AcDbEntity
  8
mango
 62
3
100
AcDbLine
 10
-0.1443729999591596
 20
7.803468000143766
 30
0.0
 11
0.2887460000347346
 21
9.364161500241607
 31
0.0
1001
AcDbBlockRepETag
1070
1
1071
398
1005
3E0
  0
LINE
  5
3E1
330
24F
100
AcDbEntity
  8
mango
 62
3
100
AcDbLine
 10
0.2887460000347346
 20
9.364161500241607
 30
0.0
 11
0.4331190000229981
 21
11.09826550027355
 31
0.0
1001
AcDbBlockRepETag
1070
1
1071
399
1005
3E1
  0
LINE
  5
3E2
330
24F
100
AcDbEntity
  8
mango
 62
3
100
AcDbLine
 10
0.4331190000229981
 20
11.09826550027355
 30
0.0
 11
0.8662380000459959
 21
13.52601100015454
 31
0.0
1001
AcDbBlockRepETag
1070
1
1071
400
1005
3E2
  0
LINE
  5
3E3
330
24F
100
AcDbEntity
  8
mango
 62
3
100
AcDbLine
 10
0.8662380000459959
 20
13.52601100015454
 30
0.0
 11
1.010611000034258
 21
14.91329450020566
 31
0.0
1001
AcDbBlockRepETag
1070
1
1071
401
1005
3E3
  0
LINE
  5
3E4
330
24F
100
AcDbEntity
  8
mango
 62
3
100
AcDbLine
 10
1.010611000034258
 20
14.91329450020566
 30
0.0
 11
1.299357000039889
 21
16.99421950033866
 31
0.0
1001
AcDbBlockRepETag
1070
1
1071
402
1005
3E4
  0
LINE
  5
3E5
330
24F
100
AcDbEntity
  8
mango
 62
3
100
AcDbLine
 10
5.486173000041161
 20
20.63583800033666
 30
0.0
 11
6.785530000022845
 21
20.98265850031749
 31
0.0
1001
AcDbBlockRepETag
1070
1
1071
403
1005
3E5
  0
LINE
  5
3E6
330
24F
100
AcDbEntity
  8
mango
 62
3
100
AcDbLine
 10
6.785530000022845
 20
20.98265850031749
 30
0.0
 11
8.08488700003363
 21
21.50289000035264
 31
0.0
1001
AcDbBlockRepETag
1070
1
1071
404
1005
3E6
  0
LINE
  5
3E7
330
24F
100
AcDbEntity
  8
mango
 62
3
100
AcDbLine
 10
8.08488700003363
 20
21.50289000035264
 30
0.0
 11
9.384243500040613
 21
22.36994200013578
 31
0.0
1001
AcDbBlockRepETag
1070
1
1071
405
1005
3E7
  0
LINE
  5
3E8
330
24F
100
AcDbEntity
  8
mango
 62
3
100
AcDbLine
 10
9.384243500040613
 20
22.36994200013578
 30
0.0
 11
10.68360050002229
 21
23.06358350021765
 31
0.0
1001
AcDbBlockRepETag
1070
1
1071
406
1005
3E8
  0
LINE
  5
3E9
330
24F
100
AcDbEntity
  8
mango
 62
3
100
AcDbLine
 10
10.68360050002229
 20
23.06358350021765
 30
0.0
 11
10.97234650002792
 21
23.23699400015176
 31
0.0
1001
AcDbBlockRepETag
1070
1
1071
407
1005
3E9
  0
LINE
  5
3EA
330
24F
100
AcDbEntity
  8
mango
 62
3
100
AcDbLine
 10
3.753697500040288
 20
-2.601156499702482
 30
0.0
 11
5.197427500039339
 21
-3.468208499718457
 31
0.0
1001
AcDbBlockRepETag
1070
1
1071
408
1005
3EA
  0
LINE
  5
3EB
330
24F
100
AcDbEntity
  8
mango
 62
3
100
AcDbLine
 10
5.197427500039339
 20
-3.468208499718457
 30
0.0
 11
6.496784000046317
 21
-3.641618999652564
 31
0.0
1001
AcDbBlockRepETag
1070
1
1071
409
1005
3EB
  0
LINE
  5
3EC
330
24F
100
AcDbEntity
  8
mango
 62
3
100
AcDbLine
 10
6.496784000046317
 20
-3.641618999652564
 30
0.0
 11
7.796141000028001
 21
-3.988439499866217
 31
0.0
1001
AcDbBlockRepETag
1070
1
1071
410
1005
3EC
  0
LINE
  5
3ED
330
24F
100
AcDbEntity
  8
mango
 62
3
100
AcDbLine
 10
7.796141000028001
 20
-3.988439499866217
 30
0.0
 11
9.239871000027051
 21
-4.682081499835476
 31
0.0
1001
AcDbBlockRepETag
1070
1
1071
411
1005
3ED
  0
LINE
  5
3EE
330
24F
100
AcDbEntity
  8
mango
 62
3
100
AcDbLine
 10
9.239871000027051
 20
-4.682081499835476
 30
0.0
 11
10.82797350003966
 21
-4.855491499649359
 31
0.0
1001
AcDbBlockRepETag
1070
1
1071
412
1005
3EE
  0
LINE
  5
3EF
330
24F
100
AcDbEntity
  8
mango
 62
3
100
AcDbLine
 10
10.82797350003966
 20
-4.855491499649359
 30
0.0
 11
13.1379415000265
 21
-5.202312499750405
 31
0.0
1001
AcDbBlockRepETag
1070
1
1071
413
1005
3EF
  0
LINE
  5
3F0
330
24F
100
AcDbEntity
  8
mango
 62
3
100
AcDbLine
 10
13.1379415000265
 20
-5.202312499750405
 30
0.0
 11
14.43729800003348
 21
-5.895953999832272
 31
0.0
1001
AcDbBlockRepETag
1070
1
1071
414
1005
3F0
  0
LINE
  5
3F1
330
24F
100
AcDbEntity
  8
mango
 62
3
100
AcDbLine
 10
14.43729800003348
 20
-5.895953999832272
 30
0.0
 11
16.74726600002031
 21
-6.416185499867423
 31
0.0
1001
AcDbBlockRepETag
1070
1
1071
415
1005
3F1
  0
LINE
  5
3F2
330
24F
100
AcDbEntity
  8
mango
 62
3
100
AcDbLine
 10
16.74726600002031
 20
-6.416185499867423
 30
0.0
 11
20.21221750002587
 21
-6.936416499782352
 31
0.0
1001
AcDbBlockRepETag
1070
1
1071
416
1005
3F2
  0
LINE
  5
3F3
330
24F
100
AcDbEntity
  8
mango
 62
3
100
AcDbLine
 10
22.52218500003801
 20
-7.109826999716459
 30
0.0
 11
23.82154200001969
 21
-7.283237499650567
 31
0.0
1001
AcDbBlockRepETag
1070
1
1071
417
1005
3F3
  0
LINE
  5
3F4
330
24F
100
AcDbEntity
  8
mango
 62
3
100
AcDbLine
 10
23.82154200001969
 20
-7.283237499650567
 30
0.0
 11
25.26527150004404
 21
-7.283237499650567
 31
0.0
1001
AcDbBlockRepETag
1070
1
1071
418
1005
3F4
  0
LINE
  5
3F5
330
24F
100
AcDbEntity
  8
mango
 62
3
100
AcDbLine
 10
25.26527150004404
 20
-7.283237499650567
 30
0.0
 11
26.13150950003183
 21
-7.456647999817504
 31
0.0
1001
AcDbBlockRepETag
1070
1
1071
419
1005
3F5
  0
LINE
  5
3F6
330
24F
100
AcDbEntity
  8
mango
 62
3
100
AcDbLine
 10
-0.5774919999530539
 20
-8.670520499814298
 30
0.0
 11
-0.1443729999591596
 21
-7.283237499650567
 31
0.0
1001
AcDbBlockRepETag
1070
1
1071
420
1005
3F6
  0
LINE
  5
3F7
330
24F
100
AcDbEntity
  8
mango
 62
3
100
AcDbLine
 10
-0.1443729999591596
 20
-7.283237499650567
 30
0.0
 11
-0.7218649999704212
 21
-5.895953999832272
 31
0.0
1001
AcDbBlockRepETag
1070
1
1071
421
1005
3F7
  0
LINE
  5
3F8
330
24F
100
AcDbEntity
  8
mango
 62
3
100
AcDbLine
 10
4.908681500033708
 20
-7.630057999864219
 30
0.0
 11
4.764308500045443
 21
-7.456647999817504
 31
0.0
1001
AcDbBlockRepETag
1070
1
1071
422
1005
3F8
  0
LINE
  5
3F9
330
24F
100
AcDbEntity
  8
mango
 62
3
100
AcDbLine
 10
0.1443730000464711
 20
-5.375722999684511
 30
0.0
 11
0.4331190000229981
 21
-7.109826999716459
 31
0.0
1001
AcDbBlockRepETag
1070
1
1071
423
1005
3F9
  0
LINE
  5
3FA
330
24F
100
AcDbEntity
  8
mango
 62
3
100
AcDbLine
 10
0.4331190000229981
 20
-7.109826999716459
 30
0.0
 11
1.010611000034258
 21
-8.497109999647364
 31
0.0
1001
AcDbBlockRepETag
1070
1
1071
424
1005
3FA
  0
LINE
  5
3FB
330
24F
100
AcDbEntity
  8
mango
 62
3
100
AcDbLine
 10
-0.6475919999647886
 20
3.423101000254973
 30
0.0
 11
5.895091000042157
 21
8.138260000152513
 31
0.0
1001
AcDbBlockRepETag
1070
1
1071
425
1005
3FB
  0
LINE
  5
3FC
330
24F
100
AcDbEntity
  8
mango
 62
3
100
AcDbLine
 10
-0.6475919999647886
 20
1.458451500162482
 30
0.0
 11
5.159039000020128
 21
5.289518000325188
 31
0.0
1001
AcDbBlockRepETag
1070
1
1071
426
1005
3FC
  0
LINE
  5
3FD
330
24F
100
AcDbEntity
  8
mango
 62
3
100
AcDbLine
 10
-0.7293754999700468
 20
-0.5061984998174012
 30
0.0
 11
0.8245115000463556
 21
0.3778940001502633
 31
0.0
1001
AcDbBlockRepETag
1070
1
1071
427
1005
3FD
  0
LINE
  5
3FE
330
24F
100
AcDbEntity
  8
mango
 62
3
100
AcDbLine
 10
-0.3204579999728594
 20
6.173610500292853
 30
0.0
 11
6.467575500020758
 21
11.08523450023494
 31
0.0
1001
AcDbBlockRepETag
1070
1
1071
428
1005
3FE
  0
LINE
  5
3FF
330
24F
100
AcDbEntity
  8
mango
 62
3
100
AcDbLine
 10
0.3338105000439099
 20
10.00467750034295
 30
0.0
 11
6.958277000027009
 21
14.42513900017366
 31
0.0
1001
AcDbBlockRepETag
1070
1
1071
429
1005
3FF
  0
LINE
  5
400
330
24F
100
AcDbEntity
  8
mango
 62
3
100
AcDbLine
 10
0.8245115000463556
 20
12.95165200019255
 30
0.0
 11
7.040060500032267
 21
16.09509150031954
 31
0.0
1001
AcDbBlockRepETag
1070
1
1071
430
1005
400
  0
LINE
  5
401
330
24F
100
AcDbEntity
  8
mango
 62
3
100
AcDbLine
 10
1.151645500038284
 20
15.80039400025271
 30
0.0
 11
7.285411000048042
 21
17.56857850030064
 31
0.0
1001
AcDbBlockRepETag
1070
1
1071
431
1005
401
  0
LINE
  5
402
330
24F
100
AcDbEntity
  8
mango
 62
3
100
AcDbLine
 10
4.750121500022941
 20
21.98904050025157
 30
0.0
 11
5.322606000030646
 21
20.51555300015025
 31
0.0
1001
AcDbBlockRepETag
1070
1
1071
432
1005
402
  0
LINE
  5
403
330
24F
100
AcDbEntity
  8
mango
 62
3
100
AcDbLine
 10
5.322606000030646
 20
20.51555300015025
 30
0.0
 11
8.430380500038153
 21
19.92615800024941
 31
0.0
1001
AcDbBlockRepETag
1070
1
1071
433
1005
403
  0
LINE
  5
404
330
24F
100
AcDbEntity
  8
mango
 62
3
100
AcDbLine
 10
9.738917500042588
 20
20.61378550017253
 30
0.0
 11
7.285411000048042
 21
21.20318050030619
 31
0.0
1001
AcDbBlockRepETag
1070
1
1071
434
1005
404
  0
LINE
  5
405
330
24F
100
AcDbEntity
  8
mango
 62
3
100
AcDbLine
 10
7.285411000048042
 20
21.20318050030619
 30
0.0
 11
6.794710000045597
 21
22.97136500035413
 31
0.0
1001
AcDbBlockRepETag
1070
1
1071
435
1005
405
  0
LINE
  5
406
330
24F
100
AcDbEntity
  8
mango
 62
3
100
AcDbLine
 10
8.430380500038153
 20
23.26606250018813
 30
0.0
 11
8.75751500003389
 21
21.98904050025157
 31
0.0
1001
AcDbBlockRepETag
1070
1
1071
436
1005
406
  0
LINE
  5
407
330
24F
100
AcDbEntity
  8
mango
 62
3
100
AcDbLine
 10
8.75751500003389
 20
21.98904050025157
 30
0.0
 11
10.4749690000317
 21
21.39964550035074
 31
0.0
1001
AcDbBlockRepETag
1070
1
1071
437
1005
407
  0
LINE
  5
408
330
24F
100
AcDbEntity
  8
mango
 62
3
100
AcDbLine
 10
1.315213000023504
 20
16.8809510001447
 30
0.0
 11
3.278017500037093
 21
19.14029850019142
 31
0.0
1001
AcDbBlockRepETag
1070
1
1071
438
1005
408
  0
LINE
  5
409
330
24F
100
AcDbEntity
  8
mango
 62
3
100
AcDbLine
 10
3.278017500037093
 20
19.14029850019142
 30
0.0
 11
5.322606000030646
 21
20.51555300015025
 31
0.0
1001
AcDbBlockRepETag
1070
1
1071
439
1005
409
  0
LINE
  5
40A
330
24F
100
AcDbEntity
  8
mango
 62
3
100
AcDbLine
 10
3.114450500026578
 20
21.59611050016247
 30
0.0
 11
4.014069500030018
 21
19.82792550022714
 31
0.0
1001
AcDbBlockRepETag
1070
1
1071
440
1005
40A
  0
LINE
  5
40B
330
24F
100
AcDbEntity
  8
mango
 62
3
100
AcDbLine
 10
4.014069500030018
 20
19.82792550022714
 30
0.0
 11
7.939679500035706
 21
19.04206600016914
 31
0.0
1001
AcDbBlockRepETag
1070
1
1071
441
1005
40B
  0
LINE
  5
40C
330
24F
100
AcDbEntity
  8
mango
 62
3
100
AcDbLine
 10
7.612545000039972
 20
18.25620600022375
 30
0.0
 11
2.623749500024131
 21
18.25620600022375
 31
0.0
1001
AcDbBlockRepETag
1070
1
1071
442
1005
40C
  0
LINE
  5
40D
330
24F
100
AcDbEntity
  8
mango
 62
3
100
AcDbLine
 10
2.623749500024131
 20
18.25620600022375
 30
0.0
 11
0.6609445000358392
 21
20.51555300015025
 31
0.0
1001
AcDbBlockRepETag
1070
1
1071
443
1005
40D
  0
LINE
  5
40E
330
24F
100
AcDbEntity
  8
mango
 62
3
100
AcDbLine
 10
20.77969500003383
 20
10.59407250024378
 30
0.0
 11
20.94326200004434
 21
9.317050000187008
 31
0.0
1001
AcDbBlockRepETag
1070
1
1071
444
1005
40E
  0
LINE
  5
40F
330
24F
100
AcDbEntity
  8
mango
 62
3
100
AcDbLine
 10
20.94326200004434
 20
9.317050000187008
 30
0.0
 11
21.92466450002394
 21
9.022352500353007
 31
0.0
1001
AcDbBlockRepETag
1070
1
1071
445
1005
40F
  0
LINE
  5
410
330
24F
100
AcDbEntity
  8
mango
 62
3
100
AcDbLine
 10
20.86147850003909
 20
7.843562500318513
 30
0.0
 11
19.79829250002513
 21
8.432957500219345
 31
0.0
1001
AcDbBlockRepETag
1070
1
1071
446
1005
410
  0
LINE
  5
411
330
24F
100
AcDbEntity
  8
mango
 62
3
100
AcDbLine
 10
19.79829250002513
 20
8.432957500219345
 30
0.0
 11
19.63472550004371
 21
10.39760750019923
 31
0.0
1001
AcDbBlockRepETag
1070
1
1071
447
1005
411
  0
LINE
  5
412
330
24F
100
AcDbEntity
  8
mango
 62
3
100
AcDbLine
 10
18.0808380000235
 20
10.39760750019923
 30
0.0
 11
18.24440550003783
 21
7.647098000161348
 31
0.0
1001
AcDbBlockRepETag
1070
1
1071
448
1005
412
  0
LINE
  5
413
330
24F
100
AcDbEntity
  8
mango
 62
3
100
AcDbLine
 10
18.24440550003783
 20
7.647098000161348
 30
0.0
 11
19.88007600003038
 21
6.861238000215963
 31
0.0
1001
AcDbBlockRepETag
1070
1
1071
449
1005
413
  0
LINE
  5
414
330
24F
100
AcDbEntity
  8
mango
 62
3
100
AcDbLine
 10
18.81689000004553
 20
5.48598300013691
 30
0.0
 11
16.77230150002287
 21
6.566540500149129
 31
0.0
1001
AcDbBlockRepETag
1070
1
1071
450
1005
414
  0
LINE
  5
415
330
24F
100
AcDbEntity
  8
mango
 62
3
100
AcDbLine
 10
16.77230150002287
 20
6.566540500149129
 30
0.0
 11
16.36338400002569
 21
10.10291000013239
 31
0.0
1001
AcDbBlockRepETag
1070
1
1071
451
1005
415
  0
LINE
  5
416
330
24F
100
AcDbEntity
  8
mango
 62
3
100
AcDbLine
 10
14.40057900003739
 20
9.513515000231564
 30
0.0
 11
14.56414600004791
 21
5.584215500159188
 31
0.0
1001
AcDbBlockRepETag
1070
1
1071
452
1005
416
  0
LINE
  5
417
330
24F
100
AcDbEntity
  8
mango
 62
3
100
AcDbLine
 10
14.56414600004791
 20
5.584215500159188
 30
0.0
 11
17.99905450004735
 21
3.030171000165863
 31
0.0
1001
AcDbBlockRepETag
1070
1
1071
453
1005
417
  0
LINE
  5
418
330
24F
100
AcDbEntity
  8
mango
 62
3
100
AcDbLine
 10
12.19242350003333
 20
8.629422500263898
 30
0.0
 11
12.68312450003577
 21
4.994820500258356
 31
0.0
1001
AcDbBlockRepETag
1070
1
1071
454
1005
418
  0
LINE
  5
419
330
24F
100
AcDbEntity
  8
mango
 62
3
100
AcDbLine
 10
12.68312450003577
 20
4.994820500258356
 30
0.0
 11
16.11803350003902
 21
2.047846000175923
 31
0.0
1001
AcDbBlockRepETag
1070
1
1071
455
1005
419
  0
LINE
  5
41A
330
24F
100
AcDbEntity
  8
mango
 62
3
100
AcDbLine
 10
9.98426800002926
 20
8.334725000197068
 30
0.0
 11
10.63853600004222
 21
4.110728500178082
 31
0.0
1001
AcDbBlockRepETag
1070
1
1071
456
1005
41A
  0
LINE
  5
41B
330
24F
100
AcDbEntity
  8
mango
 62
3
100
AcDbLine
 10
10.63853600004222
 20
4.110728500178082
 30
0.0
 11
13.99166150004021
 21
1.16375400032848
 31
0.0
1001
AcDbBlockRepETag
1070
1
1071
457
1005
41B
  0
LINE
  5
41C
330
24F
100
AcDbEntity
  8
mango
 62
3
100
AcDbLine
 10
8.18503000002238
 20
7.843562500318513
 30
0.0
 11
8.430380500038153
 21
3.324868500232696
 31
0.0
1001
AcDbBlockRepETag
1070
1
1071
458
1005
41C
  0
LINE
  5
41D
330
24F
100
AcDbEntity
  8
mango
 62
3
100
AcDbLine
 10
8.430380500038153
 20
3.324868500232696
 30
0.0
 11
11.94707300004665
 21
0.1814290003385395
 31
0.0
1001
AcDbBlockRepETag
1070
1
1071
459
1005
41D
  0
LINE
  5
41E
330
24F
100
AcDbEntity
  8
mango
 62
3
100
AcDbLine
 10
6.467575500020758
 20
6.664773000171407
 30
0.0
 11
6.467575500020758
 21
1.654916500207035
 31
0.0
1001
AcDbBlockRepETag
1070
1
1071
460
1005
41E
  0
LINE
  5
41F
330
24F
100
AcDbEntity
  8
mango
 62
3
100
AcDbLine
 10
6.467575500020758
 20
1.654916500207035
 30
0.0
 11
10.06605150003452
 21
-0.7026634998619558
 31
0.0
1001
AcDbBlockRepETag
1070
1
1071
461
1005
41F
  0
LINE
  5
420
330
24F
100
AcDbEntity
  8
mango
 62
3
100
AcDbLine
 10
4.586554500041528
 20
4.405426000244914
 30
0.0
 11
4.586554500041528
 21
0.8690565002616493
 31
0.0
1001
AcDbBlockRepETag
1070
1
1071
462
1005
420
  0
LINE
  5
421
330
24F
100
AcDbEntity
  8
mango
 62
3
100
AcDbLine
 10
4.504771000036271
 20
0.7708240002393723
 30
0.0
 11
8.18503000002238
 21
-1.586755499709396
 31
0.0
1001
AcDbBlockRepETag
1070
1
1071
463
1005
421
  0
LINE
  5
422
330
24F
100
AcDbEntity
  8
mango
 62
3
100
AcDbLine
 10
3.114450500026578
 20
2.539008500287308
 30
0.0
 11
2.869100000039906
 21
-0.1132684997282922
 31
0.0
1001
AcDbBlockRepETag
1070
1
1071
464
1005
422
  0
LINE
  5
423
330
24F
100
AcDbEntity
  8
mango
 62
3
100
AcDbLine
 10
2.869100000039906
 20
-0.1132684997282922
 30
0.0
 11
5.976874500047415
 21
-2.17615049984306
 31
0.0
1001
AcDbBlockRepETag
1070
1
1071
465
1005
423
  0
LINE
  5
424
330
24F
100
AcDbEntity
  8
mango
 62
3
100
AcDbLine
 10
3.60515200003283
 20
-2.667312999721615
 30
0.0
 11
1.233429000043543
 21
-0.8008959996514022
 31
0.0
1001
AcDbBlockRepETag
1070
1
1071
466
1005
424
  0
LINE
  5
425
330
24F
100
AcDbEntity
  8
mango
 62
3
100
AcDbLine
 10
1.233429000043543
 20
-0.8008959996514022
 30
0.0
 11
1.724130500020691
 21
1.654916500207035
 31
0.0
1001
AcDbBlockRepETag
1070
1
1071
467
1005
425
  0
LINE
  5
426
330
24F
100
AcDbEntity
  8
mango
 62
3
100
AcDbLine
 10
20.12542650004616
 20
-6.891309999860822
 30
0.0
 11
22.57893300004071
 21
-7.087774999672546
 31
0.0
1001
AcDbBlockRepETag
1070
1
1071
468
1005
426
  0
LINE
  5
427
330
24F
100
AcDbEntity
  8
mango
 62
3
100
AcDbLine
 10
24.29638700003852
 20
-8.364796999841927
 30
0.0
 11
23.72390250003082
 21
-7.284239499829709
 31
0.0
1001
AcDbBlockRepETag
1070
1
1071
469
1005
427
  0
LINE
  5
428
330
24F
100
AcDbEntity
  8
mango
 62
3
100
AcDbLine
 10
23.72390250003082
 20
-7.284239499829709
 30
0.0
 11
25.35957300002337
 21
-5.319589999737218
 31
0.0
1001
AcDbBlockRepETag
1070
1
1071
470
1005
428
  0
LINE
  5
429
330
24F
100
AcDbEntity
  8
mango
 62
3
100
AcDbLine
 10
23.72390250003082
 20
-4.533729999791829
 30
0.0
 11
22.00644800002919
 21
-6.989542499650268
 31
0.0
1001
AcDbBlockRepETag
1070
1
1071
471
1005
429
  0
LINE
  5
42A
330
24F
100
AcDbEntity
  8
mango
 62
3
100
AcDbLine
 10
22.00644800002919
 20
-6.989542499650268
 30
0.0
 11
23.06963400004315
 21
-8.954191999742761
 31
0.0
1001
AcDbBlockRepETag
1070
1
1071
472
1005
42A
  0
LINE
  5
42B
330
24F
100
AcDbEntity
  8
mango
 62
3
100
AcDbLine
 10
20.28899400003138
 20
-6.891309999860822
 30
0.0
 11
21.92466450002394
 21
-4.239032499724998
 31
0.0
1001
AcDbBlockRepETag
1070
1
1071
473
1005
42B
  0
LINE
  5
42C
330
24F
100
AcDbEntity
  8
mango
 62
3
100
AcDbLine
 10
19.88007600003038
 20
-3.944335499778388
 30
0.0
 11
18.32618900004309
 21
-6.59661249979399
 31
0.0
1001
AcDbBlockRepETag
1070
1
1071
474
1005
42C
  0
LINE
  5
42D
330
24F
100
AcDbEntity
  8
mango
 62
3
100
AcDbLine
 10
16.03624950002995
 20
-6.301914999727159
 30
0.0
 11
17.99905450004735
 21
-3.846102999756112
 31
0.0
1001
AcDbBlockRepETag
1070
1
1071
475
1005
42D
  0
LINE
  5
42E
330
24F
100
AcDbEntity
  8
mango
 62
3
100
AcDbLine
 10
16.11803350003902
 20
-2.962010499788448
 30
0.0
 11
13.99166150004021
 21
-5.712519999826326
 31
0.0
1001
AcDbBlockRepETag
1070
1
1071
476
1005
42E
  0
LINE
  5
42F
330
24F
100
AcDbEntity
  8
mango
 62
3
100
AcDbLine
 10
11.53815500004566
 20
-4.926659999648108
 30
0.0
 11
14.23701200002688
 21
-1.783220499753952
 31
0.0
1001
AcDbBlockRepETag
1070
1
1071
477
1005
42F
  0
LINE
  5
430
330
24F
100
AcDbEntity
  8
mango
 62
3
100
AcDbLine
 10
11.94707300004665
 20
-0.9973609996959568
 30
0.0
 11
9.329999500041591
 21
-4.730194999836384
 31
0.0
1001
AcDbBlockRepETag
1070
1
1071
478
1005
430
  0
LINE
  5
431
330
24F
100
AcDbEntity
  8
mango
 62
3
100
AcDbLine
 10
7.776112500025192
 20
-8.659494499675928
 30
0.0
 11
7.040060500032267
 21
-3.747870499733835
 31
0.0
1001
AcDbBlockRepETag
1070
1
1071
479
1005
431
  0
LINE
  5
432
330
24F
100
AcDbEntity
  8
mango
 62
3
100
AcDbLine
 10
7.040060500032267
 20
-3.747870499733835
 30
0.0
 11
9.493566500023007
 21
-1.095593499718232
 31
0.0
1001
AcDbBlockRepETag
1070
1
1071
480
1005
432
  0
LINE
  5
433
330
24F
100
AcDbEntity
  8
mango
 62
3
100
AcDbLine
 10
6.712926500040339
 20
-2.077917999820783
 30
0.0
 11
5.159039000020128
 21
-3.453172999667003
 31
0.0
1001
AcDbBlockRepETag
1070
1
1071
481
1005
433
  0
LINE
  5
434
330
24F
100
AcDbEntity
  8
mango
 62
3
100
AcDbLine
 10
5.159039000020128
 20
-3.453172999667003
 30
0.0
 11
5.895091000042157
 21
-8.266564499819651
 31
0.0
1001
AcDbBlockRepETag
1070
1
1071
482
1005
434
  0
LINE
  5
435
330
24F
100
AcDbEntity
  8
mango
 62
3
100
AcDbLine
 10
3.523368500027571
 20
-6.891309999860822
 30
0.0
 11
3.196234000031836
 21
-2.667312999721615
 31
0.0
1001
AcDbBlockRepETag
1070
1
1071
483
1005
435
  0
LINE
  5
436
330
24F
100
AcDbEntity
  8
mango
 62
3
100
AcDbLine
 10
1.396996500028761
 20
-6.105449999682605
 30
0.0
 11
1.233429000043543
 21
-2.667312999721615
 31
0.0
1001
AcDbBlockRepETag
1070
1
1071
484
1005
436
  0
LINE
  5
437
330
24F
100
AcDbEntity
  8
mango
 62
3
100
AcDbLine
 10
5.188628500036428
 20
-8.746231499826536
 30
0.0
 11
0.2869345000362955
 21
-6.234205499757081
 31
0.0
1001
AcDbBlockRepETag
1070
1
1071
485
1005
437
  0
LINE
  5
438
330
24F
100
AcDbEntity
  8
mango
 62
3
100
AcDbLine
 10
0.2869345000362955
 20
-6.234205499757081
 30
0.0
 11
-0.2359129999531433
 21
-6.862211999716238
 31
0.0
1001
AcDbBlockRepETag
1070
1
1071
486
1005
438
  0
LINE
  5
439
330
24F
100
AcDbEntity
  8
mango
 62
3
100
AcDbLine
 10
0.2947940000449307
 20
-5.349332499783486
 30
0.0
 11
0.2947940000449307
 21
-2.636582999723031
 31
0.0
1001
AcDbBlockRepETag
1070
1
1071
487
1005
439
  0
ENDBLK
  5
43A
330
24F
100
AcDbEntity
  8
0
100
AcDbBlockEnd
  0
BLOCK
  5
43D
330
43B
100
AcDbEntity
  8
0
100
AcDbBlockBegin
  2
PALM
 70
0
 10
0.0
 20
0.0
 30
0.0
  3
PALM
  1

  0
LINE
  5
43E
330
43B
100
AcDbEntity
  8
Orange
 62
3
100
AcDbLine
 10
0.1201435370235631
 20
0.1138868280700052
 30
0.0
 11
0.0744887545998099
 21
0.0537859509063281
 31
0.0
1001
AcDbBlockRepETag
1070
1
1071
0
1005
43E
  0
LINE
  5
43F
330
43B
100
AcDbEntity
  8
Orange
 62
3
100
AcDbLine
 10
0.0744887545998099
 20
0.0537859509063281
 30
0.0
 11
0.0392937233414559
 21
0.0043099277577283
 31
0.0
1001
AcDbBlockRepETag
1070
1
1071
1
1005
43F
  0
LINE
  5
440
330
43B
100
AcDbEntity
  8
Orange
 62
3
100
AcDbLine
 10
0.3322794548508172
 20
0.9045119743491312
 30
0.0
 11
0.3150037481469043
 21
0.9228268578167416
 31
0.0
1001
AcDbBlockRepETag
1070
1
1071
2
1005
440
  0
LINE
  5
441
330
43B
100
AcDbEntity
  8
Orange
 62
3
100
AcDbLine
 10
0.2829478966960268
 20
0.921257976074682
 30
0.0
 11
0.2659989560502654
 21
0.8978429117882996
 31
0.0
1001
AcDbBlockRepETag
1070
1
1071
3
1005
441
  0
LINE
  5
442
330
43B
100
AcDbEntity
  8
Orange
 62
3
100
AcDbLine
 10
0.3026184040568696
 20
0.9337121130188251
 30
0.0
 11
0.3160675473614392
 21
0.8910804373649597
 31
0.0
1001
AcDbBlockRepETag
1070
1
1071
4
1005
442
  0
LINE
  5
443
330
43B
100
AcDbEntity
  8
Orange
 62
3
100
AcDbLine
 10
0.2916696904949676
 20
0.9183457998637976
 30
0.0
 11
0.2776260460550874
 21
0.9015579565789238
 31
0.0
1001
AcDbBlockRepETag
1070
1
1071
5
1005
443
  0
LINE
  5
444
330
43B
100
AcDbEntity
  8
Orange
 62
3
100
AcDbLine
 10
0.290955606879419
 20
0.9085826569603312
 30
0.0
 11
0.2810774501968298
 21
0.8875085558151994
 31
0.0
1001
AcDbBlockRepETag
1070
1
1071
6
1005
444
  0
LINE
  5
445
330
43B
100
AcDbEntity
  8
Orange
 62
3
100
AcDbLine
 10
0.3021429168571048
 20
0.906439528030657
 30
0.0
 11
0.2972633454838105
 21
0.8938188798870186
 31
0.0
1001
AcDbBlockRepETag
1070
1
1071
7
1005
445
  0
LINE
  5
446
330
43B
100
AcDbEntity
  8
Orange
 62
3
100
AcDbLine
 10
0.255608807066932
 20
0.2612310053968911
 30
0.0
 11
0.270707826927759
 21
0.2964924015263903
 31
0.0
1001
AcDbBlockRepETag
1070
1
1071
8
1005
446
  0
LINE
  5
447
330
43B
100
AcDbEntity
  8
Orange
 62
3
100
AcDbLine
 10
0.2566332136002929
 20
0.3548076994570664
 30
0.0
 11
0.2216067248350955
 21
0.2838078085201203
 31
0.0
1001
AcDbBlockRepETag
1070
1
1071
9
1005
447
  0
LINE
  5
448
330
43B
100
AcDbEntity
  8
Orange
 62
3
100
AcDbLine
 10
0.1130898414744879
 20
0.0048877877338753
 30
0.0
 11
0.1452237930480296
 21
0.0525826829511942
 31
0.0
1001
AcDbBlockRepETag
1070
1
1071
10
1005
448
  0
LINE
  5
449
330
43B
100
AcDbEntity
  8
Orange
 62
3
100
AcDbLine
 10
0.1452237930480296
 20
0.0525826829511942
 30
0.0
 11
0.1647739129139554
 21
0.080411011173507
 31
0.0
1001
AcDbBlockRepETag
1070
1
1071
11
1005
449
  0
LINE
  5
44A
330
43B
100
AcDbEntity
  8
Orange
 62
3
100
AcDbLine
 10
0.1647739129139554
 20
0.080411011173507
 30
0.0
 11
0.1890114564735485
 21
0.1267262049982463
 31
0.0
1001
AcDbBlockRepETag
1070
1
1071
12
1005
44A
  0
LINE
  5
44B
330
43B
100
AcDbEntity
  8
Orange
 62
3
100
AcDbLine
 10
0.1890114564735485
 20
0.1267262049982463
 30
0.0
 11
0.2133315514579808
 21
0.162499096233202
 31
0.0
1001
AcDbBlockRepETag
1070
1
1071
13
1005
44B
  0
LINE
  5
44C
330
43B
100
AcDbEntity
  8
Orange
 62
3
100
AcDbLine
 10
0.2133315514579808
 20
0.162499096233202
 30
0.0
 11
0.2284546488172454
 21
0.194685654107613
 31
0.0
1001
AcDbBlockRepETag
1070
1
1071
14
1005
44C
  0
LINE
  5
44D
330
43B
100
AcDbEntity
  8
Orange
 62
3
100
AcDbLine
 10
0.2284546488172454
 20
0.194685654107613
 30
0.0
 11
0.2422461997821701
 21
0.2286189434848864
 31
0.0
1001
AcDbBlockRepETag
1070
1
1071
15
1005
44D
  0
LINE
  5
44E
330
43B
100
AcDbEntity
  8
Orange
 62
3
100
AcDbLine
 10
0.2422461997821701
 20
0.2286189434848864
 30
0.0
 11
0.255608807066932
 21
0.2612310053968911
 31
0.0
1001
AcDbBlockRepETag
1070
1
1071
16
1005
44E
  0
LINE
  5
44F
330
43B
100
AcDbEntity
  8
Orange
 62
3
100
AcDbLine
 10
0.2216067248350955
 20
0.2838078085201203
 30
0.0
 11
0.1748026970804348
 21
0.202172744638571
 31
0.0
1001
AcDbBlockRepETag
1070
1
1071
17
1005
44F
  0
LINE
  5
450
330
43B
100
AcDbEntity
  8
Orange
 62
3
100
AcDbLine
 10
0.1748026970804348
 20
0.202172744638571
 30
0.0
 11
0.1201435370235631
 21
0.1138868280700052
 31
0.0
1001
AcDbBlockRepETag
1070
1
1071
18
1005
450
  0
LINE
  5
451
330
43B
100
AcDbEntity
  8
Orange
 62
3
100
AcDbLine
 10
0.4672664122245296
 20
0.551940907419973
 30
0.0
 11
0.4778327923141151
 21
0.5489486205892689
 31
0.0
1001
AcDbBlockRepETag
1070
1
1071
19
1005
451
  0
LINE
  5
452
330
43B
100
AcDbEntity
  8
Orange
 62
3
100
AcDbLine
 10
0.4850791078552393
 20
0.6333489548819644
 30
0.0
 11
0.4724908248449938
 21
0.670150703952001
 31
0.0
1001
AcDbBlockRepETag
1070
1
1071
20
1005
452
  0
LINE
  5
453
330
43B
100
AcDbEntity
  8
Orange
 62
3
100
AcDbLine
 10
0.4735162430384153
 20
0.7074983445540937
 30
0.0
 11
0.4877067925581688
 21
0.6904771714121098
 31
0.0
1001
AcDbBlockRepETag
1070
1
1071
21
1005
453
  0
LINE
  5
454
330
43B
100
AcDbEntity
  8
Orange
 62
3
100
AcDbLine
 10
0.4698394673073782
 20
0.784345223444231
 30
0.0
 11
0.4945104058488541
 21
0.7753133286691964
 31
0.0
1001
AcDbBlockRepETag
1070
1
1071
22
1005
454
  0
LINE
  5
455
330
43B
100
AcDbEntity
  8
Orange
 62
3
100
AcDbLine
 10
0.4785342770960998
 20
0.8520638975628543
 30
0.0
 11
0.4540318810477803
 21
0.8395719245486333
 31
0.0
1001
AcDbBlockRepETag
1070
1
1071
23
1005
455
  0
LINE
  5
456
330
43B
100
AcDbEntity
  8
Orange
 62
3
100
AcDbLine
 10
0.4825578452687697
 20
0.8542996268311043
 30
0.0
 11
0.4690208323413973
 21
0.888889724132693
 31
0.0
1001
AcDbBlockRepETag
1070
1
1071
24
1005
456
  0
LINE
  5
457
330
43B
100
AcDbEntity
  8
Orange
 62
3
100
AcDbLine
 10
0.4545994220957656
 20
0.7670935942392108
 30
0.0
 11
0.4916419461560908
 21
0.748933494694481
 31
0.0
1001
AcDbBlockRepETag
1070
1
1071
25
1005
457
  0
LINE
  5
458
330
43B
100
AcDbEntity
  8
Orange
 62
3
100
AcDbLine
 10
0.4743824260067814
 20
0.8212811185799154
 30
0.0
 11
0.5112323300750578
 21
0.8277197250795296
 31
0.0
1001
AcDbBlockRepETag
1070
1
1071
26
1005
458
  0
LINE
  5
459
330
43B
100
AcDbEntity
  8
Orange
 62
3
100
AcDbLine
 10
0.4731447616250481
 20
0.7549387062113027
 30
0.0
 11
0.4780729603080946
 21
0.7426771892592086
 31
0.0
1001
AcDbBlockRepETag
1070
1
1071
27
1005
459
  0
LINE
  5
45A
330
43B
100
AcDbEntity
  8
Orange
 62
3
100
AcDbLine
 10
0.4780729603080946
 20
0.7426771892592086
 30
0.0
 11
0.4765085298686646
 21
0.7180647246436793
 31
0.0
1001
AcDbBlockRepETag
1070
1
1071
28
1005
45A
  0
LINE
  5
45B
330
43B
100
AcDbEntity
  8
Orange
 62
3
100
AcDbLine
 10
0.4665238540620013
 20
0.8150695285007685
 30
0.0
 11
0.4788954395813052
 21
0.805941323730164
 31
0.0
1001
AcDbBlockRepETag
1070
1
1071
29
1005
45B
  0
LINE
  5
45C
330
43B
100
AcDbEntity
  8
Orange
 62
3
100
AcDbLine
 10
0.5047046358163643
 20
0.7686839629145625
 30
0.0
 11
0.4725708731144042
 21
0.7829714891154226
 31
0.0
1001
AcDbBlockRepETag
1070
1
1071
30
1005
45C
  0
LINE
  5
45D
330
43B
100
AcDbEntity
  8
Orange
 62
3
100
AcDbLine
 10
0.270707826927759
 20
0.2964924015263903
 30
0.0
 11
0.2859134757123174
 21
0.3181366568101083
 31
0.0
1001
AcDbBlockRepETag
1070
1
1071
31
1005
45D
  0
LINE
  5
45E
330
43B
100
AcDbEntity
  8
Orange
 62
3
100
AcDbLine
 10
0.2859134757123174
 20
0.3181366568101083
 30
0.0
 11
0.2948249829919804
 21
0.3581817866292993
 31
0.0
1001
AcDbBlockRepETag
1070
1
1071
32
1005
45E
  0
LINE
  5
45F
330
43B
100
AcDbEntity
  8
Orange
 62
3
100
AcDbLine
 10
0.2948249829919804
 20
0.3581817866292993
 30
0.0
 11
0.3038809552654529
 21
0.3797778869152324
 31
0.0
1001
AcDbBlockRepETag
1070
1
1071
33
1005
45F
  0
LINE
  5
460
330
43B
100
AcDbEntity
  8
Orange
 62
3
100
AcDbLine
 10
0.3038809552654529
 20
0.3797778869152324
 30
0.0
 11
0.3146079869029963
 21
0.4123693109700043
 31
0.0
1001
AcDbBlockRepETag
1070
1
1071
34
1005
460
  0
LINE
  5
461
330
43B
100
AcDbEntity
  8
Orange
 62
3
100
AcDbLine
 10
0.3146079869029963
 20
0.4123693109700043
 30
0.0
 11
0.3297173256915302
 21
0.4463129192758943
 31
0.0
1001
AcDbBlockRepETag
1070
1
1071
35
1005
461
  0
LINE
  5
462
330
43B
100
AcDbEntity
  8
Orange
 62
3
100
AcDbLine
 10
0.3297173256915302
 20
0.4463129192758943
 30
0.0
 11
0.3417277487256287
 21
0.4833072883388894
 31
0.0
1001
AcDbBlockRepETag
1070
1
1071
36
1005
462
  0
LINE
  5
463
330
43B
100
AcDbEntity
  8
Orange
 62
3
100
AcDbLine
 10
0.3417277487256287
 20
0.4833072883388894
 30
0.0
 11
0.3550318820844439
 21
0.52338681458468
 31
0.0
1001
AcDbBlockRepETag
1070
1
1071
37
1005
463
  0
LINE
  5
464
330
43B
100
AcDbEntity
  8
Orange
 62
3
100
AcDbLine
 10
0.3550318820844439
 20
0.52338681458468
 30
0.0
 11
0.3656660433685319
 21
0.5678383290537539
 31
0.0
1001
AcDbBlockRepETag
1070
1
1071
38
1005
464
  0
LINE
  5
465
330
43B
100
AcDbEntity
  8
Orange
 62
3
100
AcDbLine
 10
0.3656660433685319
 20
0.5678383290537539
 30
0.0
 11
0.3728686552145008
 21
0.6017200237906735
 31
0.0
1001
AcDbBlockRepETag
1070
1
1071
39
1005
465
  0
LINE
  5
466
330
43B
100
AcDbEntity
  8
Orange
 62
3
100
AcDbLine
 10
0.3728686552145008
 20
0.6017200237906735
 30
0.0
 11
0.3787878756634599
 21
0.6311987735202793
 31
0.0
1001
AcDbBlockRepETag
1070
1
1071
40
1005
466
  0
LINE
  5
467
330
43B
100
AcDbEntity
  8
Orange
 62
3
100
AcDbLine
 10
0.3787878756634599
 20
0.6311987735202793
 30
0.0
 11
0.3803523061033447
 21
0.6558112381358085
 31
0.0
1001
AcDbBlockRepETag
1070
1
1071
41
1005
467
  0
LINE
  5
468
330
43B
100
AcDbEntity
  8
Orange
 62
3
100
AcDbLine
 10
0.3803523061033447
 20
0.6558112381358085
 30
0.0
 11
0.3894082783768171
 21
0.6774073384217418
 31
0.0
1001
AcDbBlockRepETag
1070
1
1071
42
1005
468
  0
LINE
  5
469
330
43B
100
AcDbEntity
  8
Orange
 62
3
100
AcDbLine
 10
0.3894082783768171
 20
0.6774073384217418
 30
0.0
 11
0.3934156644718714
 21
0.7266391469370292
 31
0.0
1001
AcDbBlockRepETag
1070
1
1071
43
1005
469
  0
LINE
  5
46A
330
43B
100
AcDbEntity
  8
Orange
 62
3
100
AcDbLine
 10
0.3934156644718714
 20
0.7266391469370292
 30
0.0
 11
0.4043834710997034
 21
0.7284821884372805
 31
0.0
1001
AcDbBlockRepETag
1070
1
1071
44
1005
46A
  0
LINE
  5
46B
330
43B
100
AcDbEntity
  8
Orange
 62
3
100
AcDbLine
 10
0.4043834710997034
 20
0.7284821884372805
 30
0.0
 11
0.4058698014164694
 21
0.7069686395766412
 31
0.0
1001
AcDbBlockRepETag
1070
1
1071
45
1005
46B
  0
LINE
  5
46C
330
43B
100
AcDbEntity
  8
Orange
 62
3
100
AcDbLine
 10
0.4058698014164694
 20
0.7069686395766412
 30
0.0
 11
0.4060280249810094
 21
0.6867625596109947
 31
0.0
1001
AcDbBlockRepETag
1070
1
1071
46
1005
46C
  0
LINE
  5
46D
330
43B
100
AcDbEntity
  8
Orange
 62
3
100
AcDbLine
 10
0.4060280249810094
 20
0.6867625596109947
 30
0.0
 11
0.4141273719160782
 21
0.662225767135621
 31
0.0
1001
AcDbBlockRepETag
1070
1
1071
47
1005
46D
  0
LINE
  5
46E
330
43B
100
AcDbEntity
  8
Orange
 62
3
100
AcDbLine
 10
0.4141273719160782
 20
0.662225767135621
 30
0.0
 11
0.4156033833046823
 21
0.6420300060995004
 31
0.0
1001
AcDbBlockRepETag
1070
1
1071
48
1005
46E
  0
LINE
  5
46F
330
43B
100
AcDbEntity
  8
Orange
 62
3
100
AcDbLine
 10
0.4156033833046823
 20
0.6420300060995004
 30
0.0
 11
0.42187344731114
 21
0.6267039698191156
 31
0.0
1001
AcDbBlockRepETag
1070
1
1071
49
1005
46F
  0
LINE
  5
470
330
43B
100
AcDbEntity
  8
Orange
 62
3
100
AcDbLine
 10
0.42187344731114
 20
0.6267039698191156
 30
0.0
 11
0.4268498009919714
 21
0.6082927763559355
 31
0.0
1001
AcDbBlockRepETag
1070
1
1071
50
1005
470
  0
LINE
  5
471
330
43B
100
AcDbEntity
  8
Orange
 62
3
100
AcDbLine
 10
0.4268498009919714
 20
0.6082927763559355
 30
0.0
 11
0.4424028536910046
 21
0.5855715082384421
 31
0.0
1001
AcDbBlockRepETag
1070
1
1071
51
1005
471
  0
LINE
  5
472
330
43B
100
AcDbEntity
  8
Orange
 62
3
100
AcDbLine
 10
0.4424028536910046
 20
0.5855715082384421
 30
0.0
 11
0.4500044640918023
 21
0.5684987404551947
 31
0.0
1001
AcDbBlockRepETag
1070
1
1071
52
1005
472
  0
LINE
  5
473
330
43B
100
AcDbEntity
  8
Orange
 62
3
100
AcDbLine
 10
0.4500044640918023
 20
0.5684987404551947
 30
0.0
 11
0.4672664122245296
 21
0.551940907419973
 31
0.0
1001
AcDbBlockRepETag
1070
1
1071
53
1005
473
  0
LINE
  5
474
330
43B
100
AcDbEntity
  8
Orange
 62
3
100
AcDbLine
 10
0.4724908248449938
 20
0.670150703952001
 30
0.0
 11
0.4631321640127172
 21
0.687209713164063
 31
0.0
1001
AcDbBlockRepETag
1070
1
1071
54
1005
474
  0
LINE
  5
475
330
43B
100
AcDbEntity
  8
Orange
 62
3
100
AcDbLine
 10
0.4631321640127172
 20
0.687209713164063
 30
0.0
 11
0.4488831405665623
 21
0.7116983506416517
 31
0.0
1001
AcDbBlockRepETag
1070
1
1071
55
1005
475
  0
LINE
  5
476
330
43B
100
AcDbEntity
  8
Orange
 62
3
100
AcDbLine
 10
0.4488831405665623
 20
0.7116983506416517
 30
0.0
 11
0.4456638373172101
 21
0.7301233026760174
 31
0.0
1001
AcDbBlockRepETag
1070
1
1071
56
1005
476
  0
LINE
  5
477
330
43B
100
AcDbEntity
  8
Orange
 62
3
100
AcDbLine
 10
0.4456638373172101
 20
0.7301233026760174
 30
0.0
 11
0.416753337161521
 21
0.7686839629145625
 31
0.0
1001
AcDbBlockRepETag
1070
1
1071
57
1005
477
  0
LINE
  5
478
330
43B
100
AcDbEntity
  8
Orange
 62
3
100
AcDbLine
 10
0.4487730719998071
 20
0.7257547540962122
 30
0.0
 11
0.4735162430384153
 21
0.7074983445540937
 31
0.0
1001
AcDbBlockRepETag
1070
1
1071
58
1005
478
  0
LINE
  5
479
330
43B
100
AcDbEntity
  8
Orange
 62
3
100
AcDbLine
 10
0.4540318810477803
 20
0.8395719245486333
 30
0.0
 11
0.4387299222671972
 21
0.8302270222870873
 31
0.0
1001
AcDbBlockRepETag
1070
1
1071
59
1005
479
  0
LINE
  5
47A
330
43B
100
AcDbEntity
  8
Orange
 62
3
100
AcDbLine
 10
0.4387299222671972
 20
0.8302270222870873
 30
0.0
 11
0.4077082780304809
 21
0.8035693393871923
 31
0.0
1001
AcDbBlockRepETag
1070
1
1071
60
1005
47A
  0
LINE
  5
47B
330
43B
100
AcDbEntity
  8
Orange
 62
3
100
AcDbLine
 10
0.4690208323413973
 20
0.888889724132693
 30
0.0
 11
0.4535159346401488
 21
0.9054613157391003
 31
0.0
1001
AcDbBlockRepETag
1070
1
1071
61
1005
47B
  0
LINE
  5
47C
330
43B
100
AcDbEntity
  8
Orange
 62
3
100
AcDbLine
 10
0.4535159346401488
 20
0.9054613157391003
 30
0.0
 11
0.4183852449337282
 21
0.9038683564981482
 31
0.0
1001
AcDbBlockRepETag
1070
1
1071
62
1005
47C
  0
LINE
  5
47D
330
43B
100
AcDbEntity
  8
Orange
 62
3
100
AcDbLine
 10
0.4183852449337282
 20
0.9038683564981482
 30
0.0
 11
0.3982032424678836
 21
0.9006352946776104
 31
0.0
1001
AcDbBlockRepETag
1070
1
1071
63
1005
47D
  0
LINE
  5
47E
330
43B
100
AcDbEntity
  8
Orange
 62
3
100
AcDbLine
 10
0.3982032424678836
 20
0.9006352946776104
 30
0.0
 11
0.3724071360948473
 21
0.8850581644796847
 31
0.0
1001
AcDbBlockRepETag
1070
1
1071
64
1005
47E
  0
LINE
  5
47F
330
43B
100
AcDbEntity
  8
Orange
 62
3
100
AcDbLine
 10
0.3724071360948473
 20
0.8850581644796847
 30
0.0
 11
0.348915393678948
 21
0.8701253989379409
 31
0.0
1001
AcDbBlockRepETag
1070
1
1071
65
1005
47F
  0
LINE
  5
480
330
43B
100
AcDbEntity
  8
Orange
 62
3
100
AcDbLine
 10
0.3559372158993428
 20
0.8560759981742165
 30
0.0
 11
0.3461236121157016
 21
0.8756272711502759
 31
0.0
1001
AcDbBlockRepETag
1070
1
1071
66
1005
480
  0
LINE
  5
481
330
43B
100
AcDbEntity
  8
Orange
 62
3
100
AcDbLine
 10
0.3461236121157016
 20
0.8756272711502759
 30
0.0
 11
0.34291806743708
 21
0.892295172752253
 31
0.0
1001
AcDbBlockRepETag
1070
1
1071
67
1005
481
  0
LINE
  5
482
330
43B
100
AcDbEntity
  8
Orange
 62
3
100
AcDbLine
 10
0.34291806743708
 20
0.892295172752253
 30
0.0
 11
0.3322794548508172
 21
0.9045119743491312
 31
0.0
1001
AcDbBlockRepETag
1070
1
1071
68
1005
482
  0
LINE
  5
483
330
43B
100
AcDbEntity
  8
Orange
 62
3
100
AcDbLine
 10
0.2659989560502654
 20
0.8978429117882996
 30
0.0
 11
0.2569292252060622
 21
0.8780038619338455
 31
0.0
1001
AcDbBlockRepETag
1070
1
1071
69
1005
483
  0
LINE
  5
484
330
43B
100
AcDbEntity
  8
Orange
 62
3
100
AcDbLine
 10
0.2569292252060622
 20
0.8780038619338455
 30
0.0
 11
0.2478491754332426
 21
0.8594825999039102
 31
0.0
1001
AcDbBlockRepETag
1070
1
1071
70
1005
484
  0
LINE
  5
485
330
43B
100
AcDbEntity
  8
Orange
 62
3
100
AcDbLine
 10
0.2478491754332426
 20
0.8594825999039102
 30
0.0
 11
0.2386487381659608
 21
0.8563355291512351
 31
0.0
1001
AcDbBlockRepETag
1070
1
1071
71
1005
485
  0
LINE
  5
486
330
43B
100
AcDbEntity
  8
Orange
 62
3
100
AcDbLine
 10
0.2386487381659608
 20
0.8563355291512351
 30
0.0
 11
0.2127563217969
 21
0.8530577519754814
 31
0.0
1001
AcDbBlockRepETag
1070
1
1071
72
1005
486
  0
LINE
  5
487
330
43B
100
AcDbEntity
  8
Orange
 62
3
100
AcDbLine
 10
0.2127563217969
 20
0.8530577519754814
 30
0.0
 11
0.1974440440877005
 21
0.8450306375375447
 31
0.0
1001
AcDbBlockRepETag
1070
1
1071
73
1005
487
  0
LINE
  5
488
330
43B
100
AcDbEntity
  8
Orange
 62
3
100
AcDbLine
 10
0.1974440440877005
 20
0.8450306375375447
 30
0.0
 11
0.176050882722433
 21
0.8281701159435186
 31
0.0
1001
AcDbBlockRepETag
1070
1
1071
74
1005
488
  0
LINE
  5
489
330
43B
100
AcDbEntity
  8
Orange
 62
3
100
AcDbLine
 10
0.176050882722433
 20
0.8281701159435186
 30
0.0
 11
0.16208047033619
 21
0.8170784821782007
 31
0.0
1001
AcDbBlockRepETag
1070
1
1071
75
1005
489
  0
LINE
  5
48A
330
43B
100
AcDbEntity
  8
Orange
 62
3
100
AcDbLine
 10
0.16208047033619
 20
0.8170784821782007
 30
0.0
 11
0.1591122610048332
 21
0.803437263833527
 31
0.0
1001
AcDbBlockRepETag
1070
1
1071
76
1005
48A
  0
LINE
  5
48B
330
43B
100
AcDbEntity
  8
Orange
 62
3
100
AcDbLine
 10
0.1591122610048332
 20
0.803437263833527
 30
0.0
 11
0.1579286192468716
 21
0.7862957031952618
 31
0.0
1001
AcDbBlockRepETag
1070
1
1071
77
1005
48B
  0
LINE
  5
48C
330
43B
100
AcDbEntity
  8
Orange
 62
3
100
AcDbLine
 10
0.1579286192468716
 20
0.7862957031952618
 30
0.0
 11
0.161134163925948
 21
0.7696278015932849
 31
0.0
1001
AcDbBlockRepETag
1070
1
1071
78
1005
48C
  0
LINE
  5
48D
330
43B
100
AcDbEntity
  8
Orange
 62
3
100
AcDbLine
 10
0.161134163925948
 20
0.7696278015932849
 30
0.0
 11
0.1656231000011248
 21
0.7573628449977123
 31
0.0
1001
AcDbBlockRepETag
1070
1
1071
79
1005
48D
  0
LINE
  5
48E
330
43B
100
AcDbEntity
  8
Orange
 62
3
100
AcDbLine
 10
0.1656231000011248
 20
0.7573628449977123
 30
0.0
 11
0.1564364213045737
 21
0.752458723813558
 31
0.0
1001
AcDbBlockRepETag
1070
1
1071
80
1005
48E
  0
LINE
  5
48F
330
43B
100
AcDbEntity
  8
Orange
 62
3
100
AcDbLine
 10
0.1564364213045737
 20
0.752458723813558
 30
0.0
 11
0.1429155904543622
 21
0.7400527418672
 31
0.0
1001
AcDbBlockRepETag
1070
1
1071
81
1005
48F
  0
LINE
  5
490
330
43B
100
AcDbEntity
  8
Orange
 62
3
100
AcDbLine
 10
0.1429155904543622
 20
0.7400527418672
 30
0.0
 11
0.1369585339353252
 21
0.715405880825071
 31
0.0
1001
AcDbBlockRepETag
1070
1
1071
82
1005
490
  0
LINE
  5
491
330
43B
100
AcDbEntity
  8
Orange
 62
3
100
AcDbLine
 10
0.1369585339353252
 20
0.715405880825071
 30
0.0
 11
0.1384827003221689
 21
0.689060443276955
 31
0.0
1001
AcDbBlockRepETag
1070
1
1071
83
1005
491
  0
LINE
  5
492
330
43B
100
AcDbEntity
  8
Orange
 62
3
100
AcDbLine
 10
0.1384827003221689
 20
0.689060443276955
 30
0.0
 11
0.1434934504305092
 21
0.666256623734168
 31
0.0
1001
AcDbBlockRepETag
1070
1
1071
84
1005
492
  0
LINE
  5
493
330
43B
100
AcDbEntity
  8
Orange
 62
3
100
AcDbLine
 10
0.1434934504305092
 20
0.666256623734168
 30
0.0
 11
0.1479583090067935
 21
0.6570665053945932
 31
0.0
1001
AcDbBlockRepETag
1070
1
1071
85
1005
493
  0
LINE
  5
494
330
43B
100
AcDbEntity
  8
Orange
 62
3
100
AcDbLine
 10
0.1479583090067935
 20
0.6570665053945932
 30
0.0
 11
0.1558650359498133
 21
0.6571284189635636
 31
0.0
1001
AcDbBlockRepETag
1070
1
1071
86
1005
494
  0
LINE
  5
495
330
43B
100
AcDbEntity
  8
Orange
 62
3
100
AcDbLine
 10
0.1558650359498133
 20
0.6571284189635636
 30
0.0
 11
0.1755596208095485
 21
0.6665077176526184
 31
0.0
1001
AcDbBlockRepETag
1070
1
1071
87
1005
495
  0
LINE
  5
496
330
43B
100
AcDbEntity
  8
Orange
 62
3
100
AcDbLine
 10
0.1755596208095485
 20
0.6665077176526184
 30
0.0
 11
0.1986960740364738
 21
0.6851390482502184
 31
0.0
1001
AcDbBlockRepETag
1070
1
1071
88
1005
496
  0
LINE
  5
497
330
43B
100
AcDbEntity
  8
Orange
 62
3
100
AcDbLine
 10
0.1986960740364738
 20
0.6851390482502184
 30
0.0
 11
0.2201477093281428
 21
0.6945321055095492
 31
0.0
1001
AcDbBlockRepETag
1070
1
1071
89
1005
497
  0
LINE
  5
498
330
43B
100
AcDbEntity
  8
Orange
 62
3
100
AcDbLine
 10
0.2214517385810213
 20
0.6962994748696447
 30
0.0
 11
0.2079825023716184
 21
0.6773045538043307
 31
0.0
1001
AcDbBlockRepETag
1070
1
1071
90
1005
498
  0
LINE
  5
499
330
43B
100
AcDbEntity
  8
Orange
 62
3
100
AcDbLine
 10
0.2079825023716184
 20
0.6773045538043307
 30
0.0
 11
0.2062598483671936
 21
0.6728981691535381
 31
0.0
1001
AcDbBlockRepETag
1070
1
1071
91
1005
499
  0
LINE
  5
49A
330
43B
100
AcDbEntity
  8
Orange
 62
3
100
AcDbLine
 10
0.2062598483671936
 20
0.6728981691535381
 30
0.0
 11
0.2019772908547965
 21
0.6588073692723782
 31
0.0
1001
AcDbBlockRepETag
1070
1
1071
92
1005
49A
  0
LINE
  5
49B
330
43B
100
AcDbEntity
  8
Orange
 62
3
100
AcDbLine
 10
0.2019772908547965
 20
0.6588073692723782
 30
0.0
 11
0.2083058287867461
 21
0.6360138686582077
 31
0.0
1001
AcDbBlockRepETag
1070
1
1071
93
1005
49B
  0
LINE
  5
49C
330
43B
100
AcDbEntity
  8
Orange
 62
3
100
AcDbLine
 10
0.2083058287867461
 20
0.6360138686582077
 30
0.0
 11
0.2146137288628269
 21
0.6158559436912556
 31
0.0
1001
AcDbBlockRepETag
1070
1
1071
94
1005
49C
  0
LINE
  5
49D
330
43B
100
AcDbEntity
  8
Orange
 62
3
100
AcDbLine
 10
0.2146137288628269
 20
0.6158559436912556
 30
0.0
 11
0.2209801028653091
 21
0.5882305543896083
 31
0.0
1001
AcDbBlockRepETag
1070
1
1071
95
1005
49D
  0
LINE
  5
49E
330
43B
100
AcDbEntity
  8
Orange
 62
3
100
AcDbLine
 10
0.2209801028653091
 20
0.5882305543896083
 30
0.0
 11
0.2241271736175294
 21
0.5790301171214169
 31
0.0
1001
AcDbBlockRepETag
1070
1
1071
96
1005
49E
  0
LINE
  5
49F
330
43B
100
AcDbEntity
  8
Orange
 62
3
100
AcDbLine
 10
0.2241271736175294
 20
0.5790301171214169
 30
0.0
 11
0.2363164580729462
 21
0.5931828305715471
 31
0.0
1001
AcDbBlockRepETag
1070
1
1071
97
1005
49F
  0
LINE
  5
4A0
330
43B
100
AcDbEntity
  8
Orange
 62
3
100
AcDbLine
 10
0.2363164580729462
 20
0.5931828305715471
 30
0.0
 11
0.251584020426475
 21
0.6069203589127001
 31
0.0
1001
AcDbBlockRepETag
1070
1
1071
98
1005
4A0
  0
LINE
  5
4A1
330
43B
100
AcDbEntity
  8
Orange
 62
3
100
AcDbLine
 10
0.251584020426475
 20
0.6069203589127001
 30
0.0
 11
0.2638352184504074
 21
0.6131663454202652
 31
0.0
1001
AcDbBlockRepETag
1070
1
1071
99
1005
4A1
  0
LINE
  5
4A2
330
43B
100
AcDbEntity
  8
Orange
 62
3
100
AcDbLine
 10
0.2638352184504074
 20
0.6131663454202652
 30
0.0
 11
0.276062338975902
 21
0.6224871701820092
 31
0.0
1001
AcDbBlockRepETag
1070
1
1071
100
1005
4A2
  0
LINE
  5
4A3
330
43B
100
AcDbEntity
  8
Orange
 62
3
100
AcDbLine
 10
0.276062338975902
 20
0.6224871701820092
 30
0.0
 11
0.2914124527542698
 21
0.6256823959333788
 31
0.0
1001
AcDbBlockRepETag
1070
1
1071
101
1005
4A3
  0
LINE
  5
4A4
330
43B
100
AcDbEntity
  8
Orange
 62
3
100
AcDbLine
 10
0.2914124527542698
 20
0.6256823959333788
 30
0.0
 11
0.3098236462179047
 21
0.6306587496142102
 31
0.0
1001
AcDbBlockRepETag
1070
1
1071
102
1005
4A4
  0
LINE
  5
4A5
330
43B
100
AcDbEntity
  8
Orange
 62
3
100
AcDbLine
 10
0.3098236462179047
 20
0.6306587496142102
 30
0.0
 11
0.318917454561455
 21
0.6474229612126665
 31
0.0
1001
AcDbBlockRepETag
1070
1
1071
103
1005
4A5
  0
LINE
  5
4A6
330
43B
100
AcDbEntity
  8
Orange
 62
3
100
AcDbLine
 10
0.318917454561455
 20
0.6474229612126665
 30
0.0
 11
0.3340852672759356
 21
0.6738991051838612
 31
0.0
1001
AcDbBlockRepETag
1070
1
1071
104
1005
4A6
  0
LINE
  5
4A7
330
43B
100
AcDbEntity
  8
Orange
 62
3
100
AcDbLine
 10
0.3340852672759356
 20
0.6738991051838612
 30
0.0
 11
0.3462023192342203
 21
0.6972763334001657
 31
0.0
1001
AcDbBlockRepETag
1070
1
1071
105
1005
4A7
  0
LINE
  5
4A8
330
43B
100
AcDbEntity
  8
Orange
 62
3
100
AcDbLine
 10
0.3462023192342203
 20
0.6972763334001657
 30
0.0
 11
0.3645447198432921
 21
0.7110379392402109
 31
0.0
1001
AcDbBlockRepETag
1070
1
1071
106
1005
4A8
  0
LINE
  5
4A9
330
43B
100
AcDbEntity
  8
Orange
 62
3
100
AcDbLine
 10
0.3645447198432921
 20
0.7110379392402109
 30
0.0
 11
0.3466150763602345
 21
0.6445648204485197
 31
0.0
1001
AcDbBlockRepETag
1070
1
1071
107
1005
4A9
  0
LINE
  5
4AA
330
43B
100
AcDbEntity
  8
Orange
 62
3
100
AcDbLine
 10
0.3466150763602345
 20
0.6445648204485197
 30
0.0
 11
0.3316605214936716
 21
0.590854394784853
 31
0.0
1001
AcDbBlockRepETag
1070
1
1071
108
1005
4AA
  0
LINE
  5
4AB
330
43B
100
AcDbEntity
  8
Orange
 62
3
100
AcDbLine
 10
0.3316605214936716
 20
0.590854394784853
 30
0.0
 11
0.3209919637825296
 21
0.5507955063953859
 31
0.0
1001
AcDbBlockRepETag
1070
1
1071
109
1005
4AB
  0
LINE
  5
4AC
330
43B
100
AcDbEntity
  8
Orange
 62
3
100
AcDbLine
 10
0.3209919637825296
 20
0.5507955063953859
 30
0.0
 11
0.3107385911799101
 21
0.5138148959035762
 31
0.0
1001
AcDbBlockRepETag
1070
1
1071
110
1005
4AC
  0
LINE
  5
4AD
330
43B
100
AcDbEntity
  8
Orange
 62
3
100
AcDbLine
 10
0.3107385911799101
 20
0.5138148959035762
 30
0.0
 11
0.3017307739046773
 21
0.486069119106557
 31
0.0
1001
AcDbBlockRepETag
1070
1
1071
111
1005
4AD
  0
LINE
  5
4AE
330
43B
100
AcDbEntity
  8
Orange
 62
3
100
AcDbLine
 10
0.3017307739046773
 20
0.486069119106557
 30
0.0
 11
0.2897341094413095
 21
0.4473176996129923
 31
0.0
1001
AcDbBlockRepETag
1070
1
1071
112
1005
4AE
  0
LINE
  5
4AF
330
43B
100
AcDbEntity
  8
Orange
 62
3
100
AcDbLine
 10
0.2897341094413095
 20
0.4473176996129923
 30
0.0
 11
0.2790036381611971
 21
0.4151655381651807
 31
0.0
1001
AcDbBlockRepETag
1070
1
1071
113
1005
4AF
  0
LINE
  5
4B0
330
43B
100
AcDbEntity
  8
Orange
 62
3
100
AcDbLine
 10
0.2790036381611971
 20
0.4151655381651807
 30
0.0
 11
0.2566332136002929
 21
0.3548076994570664
 31
0.0
1001
AcDbBlockRepETag
1070
1
1071
114
1005
4B0
  0
LINE
  5
4B1
330
43B
100
AcDbEntity
  8
Orange
 62
3
100
AcDbLine
 10
0.4024578781746131
 20
0.7499922976544413
 30
0.0
 11
0.4166105916247435
 21
0.737803013199934
 31
0.0
1001
AcDbBlockRepETag
1070
1
1071
115
1005
4B1
  0
LINE
  5
4B2
330
43B
100
AcDbEntity
  8
Orange
 62
3
100
AcDbLine
 10
0.4166105916247435
 20
0.737803013199934
 30
0.0
 11
0.4230148016963941
 21
0.7053457352108098
 31
0.0
1001
AcDbBlockRepETag
1070
1
1071
116
1005
4B2
  0
LINE
  5
4B3
330
43B
100
AcDbEntity
  8
Orange
 62
3
100
AcDbLine
 10
0.4230148016963941
 20
0.7053457352108098
 30
0.0
 11
0.4324560139544193
 21
0.6777444234080549
 31
0.0
1001
AcDbBlockRepETag
1070
1
1071
117
1005
4B3
  0
LINE
  5
4B4
330
43B
100
AcDbEntity
  8
Orange
 62
3
100
AcDbLine
 10
0.4324560139544193
 20
0.6777444234080549
 30
0.0
 11
0.4400920207822711
 21
0.6562790295452005
 31
0.0
1001
AcDbBlockRepETag
1070
1
1071
118
1005
4B4
  0
LINE
  5
4B5
330
43B
100
AcDbEntity
  8
Orange
 62
3
100
AcDbLine
 10
0.4400920207822711
 20
0.6562790295452005
 30
0.0
 11
0.4544029577969413
 21
0.6238836651250466
 31
0.0
1001
AcDbBlockRepETag
1070
1
1071
119
1005
4B5
  0
LINE
  5
4B6
330
43B
100
AcDbEntity
  8
Orange
 62
3
100
AcDbLine
 10
0.4544029577969413
 20
0.6238836651250466
 30
0.0
 11
0.4651138028803361
 21
0.6024423487610848
 31
0.0
1001
AcDbBlockRepETag
1070
1
1071
120
1005
4B6
  0
LINE
  5
4B7
330
43B
100
AcDbEntity
  8
Orange
 62
3
100
AcDbLine
 10
0.4651138028803361
 20
0.6024423487610848
 30
0.0
 11
0.4725496022693223
 21
0.550444764004621
 31
0.0
1001
AcDbBlockRepETag
1070
1
1071
121
1005
4B7
  0
LINE
  5
4B8
330
43B
100
AcDbEntity
  8
Orange
 62
3
100
AcDbLine
 10
0.4317096114851157
 20
0.7730644093294332
 30
0.0
 11
0.4545994220957656
 21
0.7670935942392108
 31
0.0
1001
AcDbBlockRepETag
1070
1
1071
122
1005
4B8
  0
LINE
  5
4B9
330
43B
100
AcDbEntity
  8
Orange
 62
3
100
AcDbLine
 10
0.4437544309462682
 20
0.8056661523128212
 30
0.0
 11
0.4743824260067814
 21
0.8212811185799154
 31
0.0
1001
AcDbBlockRepETag
1070
1
1071
123
1005
4B9
  0
LINE
  5
4BA
330
43B
100
AcDbEntity
  8
Orange
 62
3
100
AcDbLine
 10
0.4522463018147791
 20
0.8993013202993978
 30
0.0
 11
0.4278402157624841
 21
0.8745099942630048
 31
0.0
1001
AcDbBlockRepETag
1070
1
1071
124
1005
4BA
  0
LINE
  5
4BB
330
43B
100
AcDbEntity
  8
Orange
 62
3
100
AcDbLine
 10
0.4278402157624841
 20
0.8745099942630048
 30
0.0
 11
0.4017355532046567
 21
0.8422374453207311
 31
0.0
1001
AcDbBlockRepETag
1070
1
1071
125
1005
4BB
  0
LINE
  5
4BC
330
43B
100
AcDbEntity
  8
Orange
 62
3
100
AcDbLine
 10
0.4017355532046567
 20
0.8422374453207311
 30
0.0
 11
0.387475908921755
 21
0.8147612349107447
 31
0.0
1001
AcDbBlockRepETag
1070
1
1071
126
1005
4BC
  0
LINE
  5
4BD
330
43B
100
AcDbEntity
  8
Orange
 62
3
100
AcDbLine
 10
0.3160675473614392
 20
0.8910804373649597
 30
0.0
 11
0.321779439632377
 21
0.8429292181704084
 31
0.0
1001
AcDbBlockRepETag
1070
1
1071
127
1005
4BD
  0
LINE
  5
4BE
330
43B
100
AcDbEntity
  8
Orange
 62
3
100
AcDbLine
 10
0.2386487381659608
 20
0.8563355291512351
 30
0.0
 11
0.321779439632377
 21
0.8429292181704084
 31
0.0
1001
AcDbBlockRepETag
1070
1
1071
128
1005
4BE
  0
LINE
  5
4BF
330
43B
100
AcDbEntity
  8
Orange
 62
3
100
AcDbLine
 10
0.321779439632377
 20
0.8429292181704084
 30
0.0
 11
0.362027508371324
 21
0.8081012170227921
 31
0.0
1001
AcDbBlockRepETag
1070
1
1071
129
1005
4BF
  0
LINE
  5
4C0
330
43B
100
AcDbEntity
  8
Orange
 62
3
100
AcDbLine
 10
0.1656231000011248
 20
0.7573628449977123
 30
0.0
 11
0.2163746236010811
 21
0.783678337420949
 31
0.0
1001
AcDbBlockRepETag
1070
1
1071
130
1005
4C0
  0
LINE
  5
4C1
330
43B
100
AcDbEntity
  8
Orange
 62
3
100
AcDbLine
 10
0.2163746236010811
 20
0.783678337420949
 30
0.0
 11
0.2470129375897558
 21
0.7979755158653434
 31
0.0
1001
AcDbBlockRepETag
1070
1
1071
131
1005
4C1
  0
LINE
  5
4C2
330
43B
100
AcDbEntity
  8
Orange
 62
3
100
AcDbLine
 10
0.2470129375897558
 20
0.7979755158653434
 30
0.0
 11
0.2776890876480538
 21
0.8074408056213513
 31
0.0
1001
AcDbBlockRepETag
1070
1
1071
132
1005
4C2
  0
LINE
  5
4C3
330
43B
100
AcDbEntity
  8
Orange
 62
3
100
AcDbLine
 10
0.2776890876480538
 20
0.8074408056213513
 30
0.0
 11
0.314576827786408
 21
0.8090475234334888
 31
0.0
1001
AcDbBlockRepETag
1070
1
1071
133
1005
4C3
  0
LINE
  5
4C4
330
43B
100
AcDbEntity
  8
Orange
 62
3
100
AcDbLine
 10
0.314576827786408
 20
0.8090475234334888
 30
0.0
 11
0.3743750163917356
 21
0.8020478505081854
 31
0.0
1001
AcDbBlockRepETag
1070
1
1071
134
1005
4C4
  0
LINE
  5
4C5
330
43B
100
AcDbEntity
  8
Orange
 62
3
100
AcDbLine
 10
0.2214517385810213
 20
0.6962994748696447
 30
0.0
 11
0.2752058679398432
 21
0.7318635595579481
 31
0.0
1001
AcDbBlockRepETag
1070
1
1071
135
1005
4C5
  0
LINE
  5
4C6
330
43B
100
AcDbEntity
  8
Orange
 62
3
100
AcDbLine
 10
0.2752058679398432
 20
0.7318635595579481
 30
0.0
 11
0.3272958172197322
 21
0.7555537952616733
 31
0.0
1001
AcDbBlockRepETag
1070
1
1071
136
1005
4C6
  0
LINE
  5
4C7
330
43B
100
AcDbEntity
  8
Orange
 62
3
100
AcDbLine
 10
0.3272958172197322
 20
0.7555537952616733
 30
0.0
 11
0.371554711697212
 21
0.7695183400214745
 31
0.0
1001
AcDbBlockRepETag
1070
1
1071
137
1005
4C7
  0
LINE
  5
4C8
330
43B
100
AcDbEntity
  8
Orange
 62
3
100
AcDbLine
 10
0.4651619578785759
 20
0.5962926722499988
 30
0.0
 11
0.4530896212755069
 21
0.5672050301304778
 31
0.0
1001
AcDbBlockRepETag
1070
1
1071
138
1005
4C8
  0
LINE
  5
4C9
330
43B
100
AcDbEntity
  8
Orange
 62
3
100
AcDbLine
 10
0.4544751902940735
 20
0.614659150357963
 30
0.0
 11
0.4437206415150686
 21
0.5855818271670588
 31
0.0
1001
AcDbBlockRepETag
1070
1
1071
139
1005
4C9
  0
LINE
  5
4CA
330
43B
100
AcDbEntity
  8
Orange
 62
3
100
AcDbLine
 10
0.4464102397865135
 20
0.6348033167546391
 30
0.0
 11
0.433047632501297
 21
0.6021912548426342
 31
0.0
1001
AcDbBlockRepETag
1070
1
1071
140
1005
4CA
  0
LINE
  5
4CB
330
43B
100
AcDbEntity
  8
Orange
 62
3
100
AcDbLine
 10
0.4370309410974588
 20
0.6544979016139196
 30
0.0
 11
0.4249826819937371
 21
0.6223354212393106
 31
0.0
1001
AcDbBlockRepETag
1070
1
1071
141
1005
4CB
  0
LINE
  5
4CC
330
43B
100
AcDbEntity
  8
Orange
 62
3
100
AcDbLine
 10
0.4324560139544193
 20
0.6777444234080549
 30
0.0
 11
0.418640385490602
 21
0.6468859722849603
 31
0.0
1001
AcDbBlockRepETag
1070
1
1071
142
1005
4CC
  0
LINE
  5
4CD
330
43B
100
AcDbEntity
  8
Orange
 62
3
100
AcDbLine
 10
0.423087034193526
 20
0.6961212204437262
 30
0.0
 11
0.4140688979901316
 21
0.6696932314712258
 31
0.0
1001
AcDbBlockRepETag
1070
1
1071
143
1005
4CD
  0
LINE
  5
4CE
330
43B
100
AcDbEntity
  8
Orange
 62
3
100
AcDbLine
 10
0.4198058173752033
 20
0.7224528994206567
 30
0.0
 11
0.4076990843450803
 21
0.6977578833807428
 31
0.0
1001
AcDbBlockRepETag
1070
1
1071
144
1005
4CE
  0
LINE
  5
4CF
330
43B
100
AcDbEntity
  8
Orange
 62
3
100
AcDbLine
 10
0.4148535411928096
 20
0.7377892546287484
 30
0.0
 11
0.4057872499911756
 21
0.7175109421664247
 31
0.0
1001
AcDbBlockRepETag
1070
1
1071
145
1005
4CF
  0
LINE
  5
4D0
330
43B
100
AcDbEntity
  8
Orange
 62
3
100
AcDbLine
 10
0.4765085298686646
 20
0.7180647246436793
 30
0.0
 11
0.4690995394599158
 21
0.7105387863825827
 31
0.0
1001
AcDbBlockRepETag
1070
1
1071
146
1005
4D0
  0
LINE
  5
4D1
330
43B
100
AcDbEntity
  8
Orange
 62
3
100
AcDbLine
 10
0.4532919531998633
 20
0.7657654874878945
 30
0.0
 11
0.4609038825288227
 21
0.7473749318801282
 31
0.0
1001
AcDbBlockRepETag
1070
1
1071
147
1005
4D1
  0
LINE
  5
4D2
330
43B
100
AcDbEntity
  8
Orange
 62
3
100
AcDbLine
 10
0.4609038825288227
 20
0.7473749318801282
 30
0.0
 11
0.4609898735966853
 21
0.736393366682475
 31
0.0
1001
AcDbBlockRepETag
1070
1
1071
148
1005
4D2
  0
LINE
  5
4D3
330
43B
100
AcDbEntity
  8
Orange
 62
3
100
AcDbLine
 10
0.4609898735966853
 20
0.736393366682475
 30
0.0
 11
0.4549709035091328
 21
0.7196532325829113
 31
0.0
1001
AcDbBlockRepETag
1070
1
1071
149
1005
4D3
  0
LINE
  5
4D4
330
43B
100
AcDbEntity
  8
Orange
 62
3
100
AcDbLine
 10
0.4378936844232558
 20
0.7687199382485204
 30
0.0
 11
0.4441396709303663
 21
0.7564687402241334
 31
0.0
1001
AcDbBlockRepETag
1070
1
1071
150
1005
4D4
  0
LINE
  5
4D5
330
43B
100
AcDbEntity
  8
Orange
 62
3
100
AcDbLine
 10
0.4441396709303663
 20
0.7564687402241334
 30
0.0
 11
0.445543449822293
 21
0.7454974939532776
 31
0.0
1001
AcDbBlockRepETag
1070
1
1071
151
1005
4D5
  0
LINE
  5
4D6
330
43B
100
AcDbEntity
  8
Orange
 62
3
100
AcDbLine
 10
0.445543449822293
 20
0.7454974939532776
 30
0.0
 11
0.4473968102497965
 21
0.733211899502291
 31
0.0
1001
AcDbBlockRepETag
1070
1
1071
152
1005
4D6
  0
LINE
  5
4D7
330
43B
100
AcDbEntity
  8
Orange
 62
3
100
AcDbLine
 10
0.4498800299584619
 20
0.8087891455656944
 30
0.0
 11
0.4622653740484967
 21
0.797903890363611
 31
0.0
1001
AcDbBlockRepETag
1070
1
1071
153
1005
4D7
  0
LINE
  5
4D8
330
43B
100
AcDbEntity
  8
Orange
 62
3
100
AcDbLine
 10
0.4622653740484967
 20
0.797903890363611
 30
0.0
 11
0.4685113605556072
 21
0.7856526923392237
 31
0.0
1001
AcDbBlockRepETag
1070
1
1071
154
1005
4D8
  0
LINE
  5
4D9
330
43B
100
AcDbEntity
  8
Orange
 62
3
100
AcDbLine
 10
0.4490061137994818
 20
0.8966763851271906
 30
0.0
 11
0.459479340161619
 21
0.8875085558151994
 31
0.0
1001
AcDbBlockRepETag
1070
1
1071
155
1005
4D9
  0
LINE
  5
4DA
330
43B
100
AcDbEntity
  8
Orange
 62
3
100
AcDbLine
 10
0.459479340161619
 20
0.8875085558151994
 30
0.0
 11
0.466501162381559
 21
0.8721494651495021
 31
0.0
1001
AcDbBlockRepETag
1070
1
1071
156
1005
4DA
  0
LINE
  5
4DB
330
43B
100
AcDbEntity
  8
Orange
 62
3
100
AcDbLine
 10
0.466501162381559
 20
0.8721494651495021
 30
0.0
 11
0.4734039706659532
 21
0.8490512977918996
 31
0.0
1001
AcDbBlockRepETag
1070
1
1071
157
1005
4DB
  0
LINE
  5
4DC
330
43B
100
AcDbEntity
  8
Orange
 62
3
100
AcDbLine
 10
0.4419842915790868
 20
0.8889373084352854
 30
0.0
 11
0.4573370893145185
 21
0.8742925940791764
 31
0.0
1001
AcDbBlockRepETag
1070
1
1071
158
1005
4DC
  0
LINE
  5
4DD
330
43B
100
AcDbEntity
  8
Orange
 62
3
100
AcDbLine
 10
0.4573370893145185
 20
0.8742925940791764
 30
0.0
 11
0.4643589115349133
 21
0.8463128552707502
 31
0.0
1001
AcDbBlockRepETag
1070
1
1071
159
1005
4DD
  0
LINE
  5
4DE
330
43B
100
AcDbEntity
  8
Orange
 62
3
100
AcDbLine
 10
0.4363906365902439
 20
0.8826269843634662
 30
0.0
 11
0.4497201974150303
 21
0.8714350888390043
 31
0.0
1001
AcDbBlockRepETag
1070
1
1071
160
1005
4DE
  0
LINE
  5
4DF
330
43B
100
AcDbEntity
  8
Orange
 62
3
100
AcDbLine
 10
0.4497201974150303
 20
0.8714350888390043
 30
0.0
 11
0.4566230056989699
 21
0.8560759981742165
 31
0.0
1001
AcDbBlockRepETag
1070
1
1071
161
1005
4DF
  0
LINE
  5
4E0
330
43B
100
AcDbEntity
  8
Orange
 62
3
100
AcDbLine
 10
0.4566230056989699
 20
0.8560759981742165
 30
0.0
 11
0.4580511729305218
 21
0.8421456601286053
 31
0.0
1001
AcDbBlockRepETag
1070
1
1071
162
1005
4E0
  0
LINE
  5
4E1
330
43B
100
AcDbEntity
  8
Orange
 62
3
100
AcDbLine
 10
0.4300828979858525
 20
0.876316660291647
 30
0.0
 11
0.4447216121057355
 21
0.8665535173872712
 31
0.0
1001
AcDbBlockRepETag
1070
1
1071
163
1005
4E1
  0
LINE
  5
4E2
330
43B
100
AcDbEntity
  8
Orange
 62
3
100
AcDbLine
 10
0.4447216121057355
 20
0.8665535173872712
 30
0.0
 11
0.451029350710127
 21
0.8519088030320716
 31
0.0
1001
AcDbBlockRepETag
1070
1
1071
164
1005
4E2
  0
LINE
  5
4E3
330
43B
100
AcDbEntity
  8
Orange
 62
3
100
AcDbLine
 10
0.451029350710127
 20
0.8519088030320716
 30
0.0
 11
0.4517434343256756
 21
0.8392881548884332
 31
0.0
1001
AcDbBlockRepETag
1070
1
1071
165
1005
4E3
  0
LINE
  5
4E4
330
43B
100
AcDbEntity
  8
Orange
 62
3
100
AcDbLine
 10
0.4244892429970096
 20
0.8701253989379409
 30
0.0
 11
0.438413873501344
 21
0.8589335034143886
 31
0.0
1001
AcDbBlockRepETag
1070
1
1071
166
1005
4E4
  0
LINE
  5
4E5
330
43B
100
AcDbEntity
  8
Orange
 62
3
100
AcDbLine
 10
0.438413873501344
 20
0.8589335034143886
 30
0.0
 11
0.4454356957212841
 21
0.8358353360567861
 31
0.0
1001
AcDbBlockRepETag
1070
1
1071
167
1005
4E5
  0
LINE
  5
4E6
330
43B
100
AcDbEntity
  8
Orange
 62
3
100
AcDbLine
 10
0.4181815043926182
 20
0.861671945935538
 30
0.0
 11
0.4315110652169496
 21
0.8511944267224834
 31
0.0
1001
AcDbBlockRepETag
1070
1
1071
168
1005
4E6
  0
LINE
  5
4E7
330
43B
100
AcDbEntity
  8
Orange
 62
3
100
AcDbLine
 10
0.4315110652169496
 20
0.8511944267224834
 30
0.0
 11
0.4398420407324412
 21
0.831549078196528
 31
0.0
1001
AcDbBlockRepETag
1070
1
1071
169
1005
4E7
  0
LINE
  5
4E8
330
43B
100
AcDbEntity
  8
Orange
 62
3
100
AcDbLine
 10
0.4125878494037753
 20
0.8539328692436328
 30
0.0
 11
0.4252033266125581
 21
0.8434553500305781
 31
0.0
1001
AcDbBlockRepETag
1070
1
1071
170
1005
4E8
  0
LINE
  5
4E9
330
43B
100
AcDbEntity
  8
Orange
 62
3
100
AcDbLine
 10
0.4252033266125581
 20
0.8434553500305781
 30
0.0
 11
0.4335343021280497
 21
0.8266675067447948
 31
0.0
1001
AcDbBlockRepETag
1070
1
1071
171
1005
4E9
  0
LINE
  5
4EA
330
43B
100
AcDbEntity
  8
Orange
 62
3
100
AcDbLine
 10
0.4077082780304809
 20
0.8490512977918996
 30
0.0
 11
0.4181815043926182
 21
0.8400025311989308
 31
0.0
1001
AcDbBlockRepETag
1070
1
1071
172
1005
4EA
  0
LINE
  5
4EB
330
43B
100
AcDbEntity
  8
Orange
 62
3
100
AcDbLine
 10
0.4181815043926182
 20
0.8400025311989308
 30
0.0
 11
0.4230610757659125
 21
0.8302393882945551
 31
0.0
1001
AcDbBlockRepETag
1070
1
1071
173
1005
4EB
  0
LINE
  5
4EC
330
43B
100
AcDbEntity
  8
Orange
 62
3
100
AcDbLine
 10
0.4230610757659125
 20
0.8302393882945551
 30
0.0
 11
0.4252033266125581
 21
0.8197618690815005
 31
0.0
1001
AcDbBlockRepETag
1070
1
1071
174
1005
4EC
  0
LINE
  5
4ED
330
43B
100
AcDbEntity
  8
Orange
 62
3
100
AcDbLine
 10
0.4028287066571865
 20
0.8421456601286053
 30
0.0
 11
0.4098505288771266
 21
0.8309537646050529
 31
0.0
1001
AcDbBlockRepETag
1070
1
1071
175
1005
4ED
  0
LINE
  5
4EE
330
43B
100
AcDbEntity
  8
Orange
 62
3
100
AcDbLine
 10
0.4098505288771266
 20
0.8309537646050529
 30
0.0
 11
0.4154441838659695
 21
0.8127371686991836
 31
0.0
1001
AcDbBlockRepETag
1070
1
1071
176
1005
4EE
  0
LINE
  5
4EF
330
43B
100
AcDbEntity
  8
Orange
 62
3
100
AcDbLine
 10
0.3958068844372464
 20
0.8302393882945551
 30
0.0
 11
0.4062801107989289
 21
0.8217859352930617
 31
0.0
1001
AcDbBlockRepETag
1070
1
1071
177
1005
4EF
  0
LINE
  5
4F0
330
43B
100
AcDbEntity
  8
Orange
 62
3
100
AcDbLine
 10
0.4062801107989289
 20
0.8217859352930617
 30
0.0
 11
0.4118737657882267
 21
0.8071412209378621
 31
0.0
1001
AcDbBlockRepETag
1070
1
1071
178
1005
4F0
  0
LINE
  5
4F1
330
43B
100
AcDbEntity
  8
Orange
 62
3
100
AcDbLine
 10
0.3909273130634974
 20
0.8190474927710027
 30
0.0
 11
0.400686455810086
 21
0.8113084160790975
 31
0.0
1001
AcDbBlockRepETag
1070
1
1071
179
1005
4F1
  0
LINE
  5
4F2
330
43B
100
AcDbEntity
  8
Orange
 62
3
100
AcDbLine
 10
0.400686455810086
 20
0.8113084160790975
 30
0.0
 11
0.4062801107989289
 21
0.8057124683177761
 31
0.0
1001
AcDbBlockRepETag
1070
1
1071
180
1005
4F2
  0
LINE
  5
4F3
330
43B
100
AcDbEntity
  8
Orange
 62
3
100
AcDbLine
 10
0.2776260460550874
 20
0.9015579565789238
 30
0.0
 11
0.2664387360769469
 21
0.8721494651495021
 31
0.0
1001
AcDbBlockRepETag
1070
1
1071
181
1005
4F3
  0
LINE
  5
4F4
330
43B
100
AcDbEntity
  8
Orange
 62
3
100
AcDbLine
 10
0.2664387360769469
 20
0.8721494651495021
 30
0.0
 11
0.2573936769463616
 21
0.8553616218637188
 31
0.0
1001
AcDbBlockRepETag
1070
1
1071
182
1005
4F4
  0
LINE
  5
4F5
330
43B
100
AcDbEntity
  8
Orange
 62
3
100
AcDbLine
 10
0.2810774501968298
 20
0.8875085558151994
 30
0.0
 11
0.2734605582973417
 21
0.861671945935538
 31
0.0
1001
AcDbBlockRepETag
1070
1
1071
183
1005
4F5
  0
LINE
  5
4F6
330
43B
100
AcDbEntity
  8
Orange
 62
3
100
AcDbLine
 10
0.2734605582973417
 20
0.861671945935538
 30
0.0
 11
0.2637014155507531
 21
0.8539328692436328
 31
0.0
1001
AcDbBlockRepETag
1070
1
1071
184
1005
4F6
  0
LINE
  5
4F7
330
43B
100
AcDbEntity
  8
Orange
 62
3
100
AcDbLine
 10
0.2972633454838105
 20
0.8938188798870186
 30
0.0
 11
0.2916696904949676
 21
0.8784597892213213
 31
0.0
1001
AcDbBlockRepETag
1070
1
1071
185
1005
4F7
  0
LINE
  5
4F8
330
43B
100
AcDbEntity
  8
Orange
 62
3
100
AcDbLine
 10
0.2916696904949676
 20
0.8784597892213213
 30
0.0
 11
0.2825056174283817
 21
0.86452945117571
 31
0.0
1001
AcDbBlockRepETag
1070
1
1071
186
1005
4F8
  0
LINE
  5
4F9
330
43B
100
AcDbEntity
  8
Orange
 62
3
100
AcDbLine
 10
0.2825056174283817
 20
0.86452945117571
 30
0.0
 11
0.2727464746813384
 21
0.8511944267224834
 31
0.0
1001
AcDbBlockRepETag
1070
1
1071
187
1005
4F9
  0
LINE
  5
4FA
330
43B
100
AcDbEntity
  8
Orange
 62
3
100
AcDbLine
 10
0.3111879759881448
 20
0.902272332888512
 30
0.0
 11
0.3048802373837534
 21
0.8938188798870186
 31
0.0
1001
AcDbBlockRepETag
1070
1
1071
188
1005
4FA
  0
LINE
  5
4FB
330
43B
100
AcDbEntity
  8
Orange
 62
3
100
AcDbLine
 10
0.3048802373837534
 20
0.8938188798870186
 30
0.0
 11
0.3014288332415562
 21
0.8813172944614933
 31
0.0
1001
AcDbBlockRepETag
1070
1
1071
189
1005
4FB
  0
LINE
  5
4FC
330
43B
100
AcDbEntity
  8
Orange
 62
3
100
AcDbLine
 10
0.3014288332415562
 20
0.8813172944614933
 30
0.0
 11
0.2944070110216161
 21
0.86452945117571
 31
0.0
1001
AcDbBlockRepETag
1070
1
1071
190
1005
4FC
  0
LINE
  5
4FD
330
43B
100
AcDbEntity
  8
Orange
 62
3
100
AcDbLine
 10
0.2944070110216161
 20
0.86452945117571
 30
0.0
 11
0.2832197010439303
 21
0.8504800504119856
 31
0.0
1001
AcDbBlockRepETag
1070
1
1071
191
1005
4FD
  0
LINE
  5
4FE
330
43B
100
AcDbEntity
  8
Orange
 62
3
100
AcDbLine
 10
0.3153534637458906
 20
0.8917948136754574
 30
0.0
 11
0.3097598087570477
 21
0.8813172944614933
 31
0.0
1001
AcDbBlockRepETag
1070
1
1071
192
1005
4FE
  0
LINE
  5
4FF
330
43B
100
AcDbEntity
  8
Orange
 62
3
100
AcDbLine
 10
0.3097598087570477
 20
0.8813172944614933
 30
0.0
 11
0.3028570004726534
 21
0.8638150748661217
 31
0.0
1001
AcDbBlockRepETag
1070
1
1071
193
1005
4FF
  0
LINE
  5
500
330
43B
100
AcDbEntity
  8
Orange
 62
3
100
AcDbLine
 10
0.3028570004726534
 20
0.8638150748661217
 30
0.0
 11
0.2922647601745156
 21
0.8497656741023973
 31
0.0
1001
AcDbBlockRepETag
1070
1
1071
194
1005
500
  0
LINE
  5
501
330
43B
100
AcDbEntity
  8
Orange
 62
3
100
AcDbLine
 10
0.3167816309769877
 20
0.8757213466992624
 30
0.0
 11
0.3111879759881448
 21
0.8665535173881806
 31
0.0
1001
AcDbBlockRepETag
1070
1
1071
195
1005
501
  0
LINE
  5
502
330
43B
100
AcDbEntity
  8
Orange
 62
3
100
AcDbLine
 10
0.3111879759881448
 20
0.8665535173881806
 30
0.0
 11
0.3077365718459477
 21
0.8546472455541305
 31
0.0
1001
AcDbBlockRepETag
1070
1
1071
196
1005
502
  0
LINE
  5
503
330
43B
100
AcDbEntity
  8
Orange
 62
3
100
AcDbLine
 10
0.3077365718459477
 20
0.8546472455541305
 30
0.0
 11
0.3028570004726534
 21
0.8470272315803384
 31
0.0
1001
AcDbBlockRepETag
1070
1
1071
197
1005
503
  0
LINE
  5
504
330
43B
100
AcDbEntity
  8
Orange
 62
3
100
AcDbLine
 10
0.3203520490551854
 20
0.863100698555624
 30
0.0
 11
0.314639380130342
 21
0.8546472455541305
 31
0.0
1001
AcDbBlockRepETag
1070
1
1071
198
1005
504
  0
LINE
  5
505
330
43B
100
AcDbEntity
  8
Orange
 62
3
100
AcDbLine
 10
0.314639380130342
 20
0.8546472455541305
 30
0.0
 11
0.3119020596036934
 21
0.8463128552707502
 31
0.0
1001
AcDbBlockRepETag
1070
1
1071
199
1005
505
  0
LINE
  5
506
330
43B
100
AcDbEntity
  8
Orange
 62
3
100
AcDbLine
 10
0.2241271736175294
 20
0.5790301171214169
 30
0.0
 11
0.2377563775171838
 21
0.6483115546766358
 31
0.0
1001
AcDbBlockRepETag
1070
1
1071
200
1005
506
  0
LINE
  5
507
330
43B
100
AcDbEntity
  8
Orange
 62
3
100
AcDbLine
 10
0.2377563775171838
 20
0.6483115546766358
 30
0.0
 11
0.2503718547259668
 21
0.6672425268920934
 31
0.0
1001
AcDbBlockRepETag
1070
1
1071
201
1005
507
  0
LINE
  5
508
330
43B
100
AcDbEntity
  8
Orange
 62
3
100
AcDbLine
 10
0.2503718547259668
 20
0.6672425268920934
 30
0.0
 11
0.3153534637458906
 21
0.7189157466505067
 31
0.0
1001
AcDbBlockRepETag
1070
1
1071
202
1005
508
  0
LINE
  5
509
330
43B
100
AcDbEntity
  8
Orange
 62
3
100
AcDbLine
 10
0.3153534637458906
 20
0.7189157466505067
 30
0.0
 11
0.3741463480969687
 21
0.7448714192473715
 31
0.0
1001
AcDbBlockRepETag
1070
1
1071
203
1005
509
  0
LINE
  5
50A
330
43B
100
AcDbEntity
  8
Orange
 62
3
100
AcDbLine
 10
0.2314486389127923
 20
0.6125927391753949
 30
0.0
 11
0.2363282102856319
 21
0.5952095822981363
 31
0.0
1001
AcDbBlockRepETag
1070
1
1071
204
1005
50A
  0
LINE
  5
50B
330
43B
100
AcDbEntity
  8
Orange
 62
3
100
AcDbLine
 10
0.2357331406060839
 20
0.6315237113908525
 30
0.0
 11
0.2406127119793782
 21
0.6119974255839196
 31
0.0
1001
AcDbBlockRepETag
1070
1
1071
205
1005
50B
  0
LINE
  5
50C
330
43B
100
AcDbEntity
  8
Orange
 62
3
100
AcDbLine
 10
0.2406127119793782
 20
0.6119974255839196
 30
0.0
 11
0.2440641161215753
 21
0.6035439725815168
 31
0.0
1001
AcDbBlockRepETag
1070
1
1071
206
1005
50C
  0
LINE
  5
50D
330
43B
100
AcDbEntity
  8
Orange
 62
3
100
AcDbLine
 10
0.2384704611327324
 20
0.6504546836063101
 30
0.0
 11
0.2454922833526725
 21
0.6308093350812642
 31
0.0
1001
AcDbBlockRepETag
1070
1
1071
207
1005
50D
  0
LINE
  5
50E
330
43B
100
AcDbEntity
  8
Orange
 62
3
100
AcDbLine
 10
0.2454922833526725
 20
0.6308093350812642
 30
0.0
 11
0.251800021957064
 21
0.6077111677236617
 31
0.0
1001
AcDbBlockRepETag
1070
1
1071
208
1005
50E
  0
LINE
  5
50F
330
43B
100
AcDbEntity
  8
Orange
 62
3
100
AcDbLine
 10
0.248229603879321
 20
0.6616465791298622
 30
0.0
 11
0.2525141055726126
 21
0.6378340354626717
 31
0.0
1001
AcDbBlockRepETag
1070
1
1071
209
1005
50F
  0
LINE
  5
510
330
43B
100
AcDbEntity
  8
Orange
 62
3
100
AcDbLine
 10
0.2525141055726126
 20
0.6378340354626717
 30
0.0
 11
0.2629873319347498
 21
0.6133071154858925
 31
0.0
1001
AcDbBlockRepETag
1070
1
1071
210
1005
510
  0
LINE
  5
511
330
43B
100
AcDbEntity
  8
Orange
 62
3
100
AcDbLine
 10
0.2587028302414582
 20
0.6728384746534148
 30
0.0
 11
0.260845081088104
 21
0.6497403072967218
 31
0.0
1001
AcDbBlockRepETag
1070
1
1071
211
1005
511
  0
LINE
  5
512
330
43B
100
AcDbEntity
  8
Orange
 62
3
100
AcDbLine
 10
0.260845081088104
 20
0.6497403072967218
 30
0.0
 11
0.273460558296887
 21
0.621760568487386
 31
0.0
1001
AcDbBlockRepETag
1070
1
1071
212
1005
512
  0
LINE
  5
513
330
43B
100
AcDbEntity
  8
Orange
 62
3
100
AcDbLine
 10
0.269295070539596
 20
0.6811728649377045
 30
0.0
 11
0.273460558296887
 21
0.6580746975801021
 31
0.0
1001
AcDbBlockRepETag
1070
1
1071
213
1005
513
  0
LINE
  5
514
330
43B
100
AcDbEntity
  8
Orange
 62
3
100
AcDbLine
 10
0.273460558296887
 20
0.6580746975801021
 30
0.0
 11
0.2873851888012213
 21
0.6252133873190333
 31
0.0
1001
AcDbBlockRepETag
1070
1
1071
214
1005
514
  0
LINE
  5
515
330
43B
100
AcDbEntity
  8
Orange
 62
3
100
AcDbLine
 10
0.2810774501968298
 20
0.6903406942496959
 30
0.0
 11
0.2860760355061247
 21
0.6728384746534148
 31
0.0
1001
AcDbBlockRepETag
1070
1
1071
215
1005
515
  0
LINE
  5
516
330
43B
100
AcDbEntity
  8
Orange
 62
3
100
AcDbLine
 10
0.2860760355061247
 20
0.6728384746534148
 30
0.0
 11
0.3014288332415562
 21
0.6280708925592053
 31
0.0
1001
AcDbBlockRepETag
1070
1
1071
216
1005
516
  0
LINE
  5
517
330
43B
100
AcDbEntity
  8
Orange
 62
3
100
AcDbLine
 10
0.2958351782527133
 20
0.7008182134627505
 30
0.0
 11
0.2972633454838105
 21
0.6770056697955597
 31
0.0
1001
AcDbBlockRepETag
1070
1
1071
217
1005
517
  0
LINE
  5
518
330
43B
100
AcDbEntity
  8
Orange
 62
3
100
AcDbLine
 10
0.2972633454838105
 20
0.6770056697955597
 30
0.0
 11
0.3133302268347906
 21
0.6405724779847306
 31
0.0
1001
AcDbBlockRepETag
1070
1
1071
218
1005
518
  0
LINE
  5
519
330
43B
100
AcDbEntity
  8
Orange
 62
3
100
AcDbLine
 10
0.3090457251414991
 20
0.7112957326767146
 30
0.0
 11
0.3077365718459477
 21
0.6818872412472929
 31
0.0
1001
AcDbBlockRepETag
1070
1
1071
219
1005
519
  0
LINE
  5
51A
330
43B
100
AcDbEntity
  8
Orange
 62
3
100
AcDbLine
 10
0.3077365718459477
 20
0.6818872412472929
 30
0.0
 11
0.3203520490551854
 21
0.654621878748455
 31
0.0
1001
AcDbBlockRepETag
1070
1
1071
220
1005
51A
  0
LINE
  5
51B
330
43B
100
AcDbEntity
  8
Orange
 62
3
100
AcDbLine
 10
0.3203520490551854
 20
0.7196301229600948
 30
0.0
 11
0.3196379654396368
 21
0.6952222657014289
 31
0.0
1001
AcDbBlockRepETag
1070
1
1071
221
1005
51B
  0
LINE
  5
51C
330
43B
100
AcDbEntity
  8
Orange
 62
3
100
AcDbLine
 10
0.3196379654396368
 20
0.6952222657014289
 30
0.0
 11
0.3301111918013193
 21
0.6706953457237405
 31
0.0
1001
AcDbBlockRepETag
1070
1
1071
222
1005
51C
  0
LINE
  5
51D
330
43B
100
AcDbEntity
  8
Orange
 62
3
100
AcDbLine
 10
0.334276679559065
 20
0.7252260707223259
 30
0.0
 11
0.3315393590328712
 21
0.6959366420110173
 31
0.0
1001
AcDbBlockRepETag
1070
1
1071
223
1005
51D
  0
LINE
  5
51E
330
43B
100
AcDbEntity
  8
Orange
 62
3
100
AcDbLine
 10
0.3315393590328712
 20
0.6959366420110173
 30
0.0
 11
0.3377280837012622
 21
0.6840303701769672
 31
0.0
1001
AcDbBlockRepETag
1070
1
1071
224
1005
51E
  0
LINE
  5
51F
330
43B
100
AcDbEntity
  8
Orange
 62
3
100
AcDbLine
 10
0.3461780731527542
 20
0.7315363947941452
 30
0.0
 11
0.3433217386901051
 21
0.7091526037461306
 31
0.0
1001
AcDbBlockRepETag
1070
1
1071
225
1005
51F
  0
LINE
  5
520
330
43B
100
AcDbEntity
  8
Orange
 62
3
100
AcDbLine
 10
0.3433217386901051
 20
0.7091526037461306
 30
0.0
 11
0.3476062403838513
 21
0.700103837153162
 31
0.0
1001
AcDbBlockRepETag
1070
1
1071
226
1005
520
  0
LINE
  5
521
330
43B
100
AcDbEntity
  8
Orange
 62
3
100
AcDbLine
 10
0.3601027036570885
 20
0.7364179662458782
 30
0.0
 11
0.3552231322833395
 21
0.7168916804380359
 31
0.0
1001
AcDbBlockRepETag
1070
1
1071
227
1005
521
  0
LINE
  5
522
330
43B
100
AcDbEntity
  8
Orange
 62
3
100
AcDbLine
 10
0.3552231322833395
 20
0.7168916804380359
 30
0.0
 11
0.3580794667459886
 21
0.7091526037461306
 31
0.0
1001
AcDbBlockRepETag
1070
1
1071
228
1005
522
  0
LINE
  5
523
330
43B
100
AcDbEntity
  8
Orange
 62
3
100
AcDbLine
 10
0.3727181808658715
 20
0.7441570429377835
 30
0.0
 11
0.3671245258770286
 21
0.7273691996520001
 31
0.0
1001
AcDbBlockRepETag
1070
1
1071
229
1005
523
  0
LINE
  5
524
330
43B
100
AcDbEntity
  8
Orange
 62
3
100
AcDbLine
 10
0.3671245258770286
 20
0.7273691996520001
 30
0.0
 11
0.3651012889659286
 21
0.7147485515083618
 31
0.0
1001
AcDbBlockRepETag
1070
1
1071
230
1005
524
  0
LINE
  5
525
330
43B
100
AcDbEntity
  8
Orange
 62
3
100
AcDbLine
 10
0.3656963586459314
 20
0.7861861825099341
 30
0.0
 11
0.314639380130342
 21
0.7833286772706713
 31
0.0
1001
AcDbBlockRepETag
1070
1
1071
231
1005
525
  0
LINE
  5
526
330
43B
100
AcDbEntity
  8
Orange
 62
3
100
AcDbLine
 10
0.314639380130342
 20
0.7833286772706713
 30
0.0
 11
0.2754837952079869
 21
0.7791614821285267
 31
0.0
1001
AcDbBlockRepETag
1070
1
1071
232
1005
526
  0
LINE
  5
527
330
43B
100
AcDbEntity
  8
Orange
 62
3
100
AcDbLine
 10
0.2754837952079869
 20
0.7791614821285267
 30
0.0
 11
0.2287113183861438
 21
0.763088015153241
 31
0.0
1001
AcDbBlockRepETag
1070
1
1071
233
1005
527
  0
LINE
  5
528
330
43B
100
AcDbEntity
  8
Orange
 62
3
100
AcDbLine
 10
0.2287113183861438
 20
0.763088015153241
 30
0.0
 11
0.1895557334637887
 21
0.7463001718674576
 31
0.0
1001
AcDbBlockRepETag
1070
1
1071
234
1005
528
  0
LINE
  5
529
330
43B
100
AcDbEntity
  8
Orange
 62
3
100
AcDbLine
 10
0.1895557334637887
 20
0.7463001718674576
 30
0.0
 11
0.1573029568258279
 21
0.723916380820353
 31
0.0
1001
AcDbBlockRepETag
1070
1
1071
235
1005
529
  0
LINE
  5
52A
330
43B
100
AcDbEntity
  8
Orange
 62
3
100
AcDbLine
 10
0.1573029568258279
 20
0.723916380820353
 30
0.0
 11
0.1392128385637479
 21
0.7077238511260447
 31
0.0
1001
AcDbBlockRepETag
1070
1
1071
236
1005
52A
  0
LINE
  5
52B
330
43B
100
AcDbEntity
  8
Orange
 62
3
100
AcDbLine
 10
0.3119020596036934
 20
0.8091652871494233
 30
0.0
 11
0.2902415232638704
 21
0.8197618690815005
 31
0.0
1001
AcDbBlockRepETag
1070
1
1071
237
1005
52B
  0
LINE
  5
52C
330
43B
100
AcDbEntity
  8
Orange
 62
3
100
AcDbLine
 10
0.2902415232638704
 20
0.8197618690815005
 30
0.0
 11
0.2503718547259668
 21
0.8302393882945551
 31
0.0
1001
AcDbBlockRepETag
1070
1
1071
238
1005
52C
  0
LINE
  5
52D
330
43B
100
AcDbEntity
  8
Orange
 62
3
100
AcDbLine
 10
0.2503718547259668
 20
0.8302393882945551
 30
0.0
 11
0.1971726253637316
 21
0.8288106356753786
 31
0.0
1001
AcDbBlockRepETag
1070
1
1071
239
1005
52D
  0
LINE
  5
52E
330
43B
100
AcDbEntity
  8
Orange
 62
3
100
AcDbLine
 10
0.1971726253637316
 20
0.8288106356753786
 30
0.0
 11
0.16208047033619
 21
0.8170784821782007
 31
0.0
1001
AcDbBlockRepETag
1070
1
1071
240
1005
52E
  0
LINE
  5
52F
330
43B
100
AcDbEntity
  8
Orange
 62
3
100
AcDbLine
 10
0.17277476849726
 20
0.8190474927710027
 30
0.0
 11
0.1671811135084171
 21
0.8049980920072783
 31
0.0
1001
AcDbBlockRepETag
1070
1
1071
241
1005
52F
  0
LINE
  5
530
330
43B
100
AcDbEntity
  8
Orange
 62
3
100
AcDbLine
 10
0.1671811135084171
 20
0.8049980920072783
 30
0.0
 11
0.1699184340350657
 21
0.7854718062003458
 31
0.0
1001
AcDbBlockRepETag
1070
1
1071
242
1005
530
  0
LINE
  5
531
330
43B
100
AcDbEntity
  8
Orange
 62
3
100
AcDbLine
 10
0.1699184340350657
 20
0.7854718062003458
 30
0.0
 11
0.1769402562550058
 21
0.7643977050552138
 31
0.0
1001
AcDbBlockRepETag
1070
1
1071
243
1005
531
  0
LINE
  5
532
330
43B
100
AcDbEntity
  8
Orange
 62
3
100
AcDbLine
 10
0.1832479948593972
 20
0.8246434405332337
 30
0.0
 11
0.1776543398705543
 21
0.8105940397695093
 31
0.0
1001
AcDbBlockRepETag
1070
1
1071
244
1005
532
  0
LINE
  5
533
330
43B
100
AcDbEntity
  8
Orange
 62
3
100
AcDbLine
 10
0.1776543398705543
 20
0.8105940397695093
 30
0.0
 11
0.1796775767811995
 21
0.7938061964837261
 31
0.0
1001
AcDbBlockRepETag
1070
1
1071
245
1005
533
  0
LINE
  5
534
330
43B
100
AcDbEntity
  8
Orange
 62
3
100
AcDbLine
 10
0.1796775767811995
 20
0.7938061964837261
 30
0.0
 11
0.1888416498482401
 21
0.7699936528165354
 31
0.0
1001
AcDbBlockRepETag
1070
1
1071
246
1005
534
  0
LINE
  5
535
330
43B
100
AcDbEntity
  8
Orange
 62
3
100
AcDbLine
 10
0.194435304837083
 20
0.8266675067447948
 30
0.0
 11
0.187413482617143
 21
0.8120227923895953
 31
0.0
1001
AcDbBlockRepETag
1070
1
1071
247
1005
535
  0
LINE
  5
536
330
43B
100
AcDbEntity
  8
Orange
 62
3
100
AcDbLine
 10
0.187413482617143
 20
0.8120227923895953
 30
0.0
 11
0.1888416498482401
 21
0.7966637017238982
 31
0.0
1001
AcDbBlockRepETag
1070
1
1071
248
1005
536
  0
LINE
  5
537
330
43B
100
AcDbEntity
  8
Orange
 62
3
100
AcDbLine
 10
0.1888416498482401
 20
0.7966637017238982
 30
0.0
 11
0.1986007925948288
 21
0.7777327295084406
 31
0.0
1001
AcDbBlockRepETag
1070
1
1071
249
1005
537
  0
LINE
  5
538
330
43B
100
AcDbEntity
  8
Orange
 62
3
100
AcDbLine
 10
0.2041944475836717
 20
0.8273818830552926
 30
0.0
 11
0.1986007925948288
 21
0.8127371686991836
 31
0.0
1001
AcDbBlockRepETag
1070
1
1071
250
1005
538
  0
LINE
  5
539
330
43B
100
AcDbEntity
  8
Orange
 62
3
100
AcDbLine
 10
0.1986007925948288
 20
0.8127371686991836
 30
0.0
 11
0.2027662803525745
 21
0.7986877679354591
 31
0.0
1001
AcDbBlockRepETag
1070
1
1071
251
1005
539
  0
LINE
  5
53A
330
43B
100
AcDbEntity
  8
Orange
 62
3
100
AcDbLine
 10
0.2027662803525745
 20
0.7986877679354591
 30
0.0
 11
0.2097881025725146
 21
0.7818999246505856
 31
0.0
1001
AcDbBlockRepETag
1070
1
1071
252
1005
53A
  0
LINE
  5
53B
330
43B
100
AcDbEntity
  8
Orange
 62
3
100
AcDbLine
 10
0.2189521756395552
 20
0.8288106356753786
 30
0.0
 11
0.2119303534196151
 21
0.8161899875308307
 31
0.0
1001
AcDbBlockRepETag
1070
1
1071
253
1005
53B
  0
LINE
  5
53C
330
43B
100
AcDbEntity
  8
Orange
 62
3
100
AcDbLine
 10
0.2119303534196151
 20
0.8161899875308307
 30
0.0
 11
0.2139535903302603
 21
0.8049980920072783
 31
0.0
1001
AcDbBlockRepETag
1070
1
1071
254
1005
53C
  0
LINE
  5
53D
330
43B
100
AcDbEntity
  8
Orange
 62
3
100
AcDbLine
 10
0.2139535903302603
 20
0.8049980920072783
 30
0.0
 11
0.2195472453191032
 21
0.788924625031993
 31
0.0
1001
AcDbBlockRepETag
1070
1
1071
255
1005
53D
  0
LINE
  5
53E
330
43B
100
AcDbEntity
  8
Orange
 62
3
100
AcDbLine
 10
0.2321627225283409
 20
0.8280962593648808
 30
0.0
 11
0.2258549839239494
 21
0.8183331164614145
 31
0.0
1001
AcDbBlockRepETag
1070
1
1071
256
1005
53E
  0
LINE
  5
53F
330
43B
100
AcDbEntity
  8
Orange
 62
3
100
AcDbLine
 10
0.2258549839239494
 20
0.8183331164614145
 30
0.0
 11
0.2279972347705952
 21
0.8057124683177761
 31
0.0
1001
AcDbBlockRepETag
1070
1
1071
257
1005
53F
  0
LINE
  5
540
330
43B
100
AcDbEntity
  8
Orange
 62
3
100
AcDbLine
 10
0.2279972347705952
 20
0.8057124683177761
 30
0.0
 11
0.2335908897594381
 21
0.7930918201741379
 31
0.0
1001
AcDbBlockRepETag
1070
1
1071
258
1005
540
  0
LINE
  5
541
330
43B
100
AcDbEntity
  8
Orange
 62
3
100
AcDbLine
 10
0.2440641161215753
 20
0.8288106356753786
 30
0.0
 11
0.2363282102856319
 21
0.8190474927710027
 31
0.0
1001
AcDbBlockRepETag
1070
1
1071
259
1005
541
  0
LINE
  5
542
330
43B
100
AcDbEntity
  8
Orange
 62
3
100
AcDbLine
 10
0.2363282102856319
 20
0.8190474927710027
 30
0.0
 11
0.2370422939016352
 21
0.8057124683177761
 31
0.0
1001
AcDbBlockRepETag
1070
1
1071
260
1005
542
  0
LINE
  5
543
330
43B
100
AcDbEntity
  8
Orange
 62
3
100
AcDbLine
 10
0.2370422939016352
 20
0.8057124683177761
 30
0.0
 11
0.2419218652749295
 21
0.7973780780343958
 31
0.0
1001
AcDbBlockRepETag
1070
1
1071
261
1005
543
  0
LINE
  5
544
330
43B
100
AcDbEntity
  8
Orange
 62
3
100
AcDbLine
 10
0.2566795933303583
 20
0.8266675067447948
 30
0.0
 11
0.2462063669682211
 21
0.8169043638413285
 31
0.0
1001
AcDbBlockRepETag
1070
1
1071
262
1005
544
  0
LINE
  5
545
330
43B
100
AcDbEntity
  8
Orange
 62
3
100
AcDbLine
 10
0.2462063669682211
 20
0.8169043638413285
 30
0.0
 11
0.248229603879321
 21
0.8071412209378621
 31
0.0
1001
AcDbBlockRepETag
1070
1
1071
263
1005
545
  0
LINE
  5
546
330
43B
100
AcDbEntity
  8
Orange
 62
3
100
AcDbLine
 10
0.248229603879321
 20
0.8071412209378621
 30
0.0
 11
0.2489436874948696
 21
0.8035693393871923
 31
0.0
1001
AcDbBlockRepETag
1070
1
1071
264
1005
546
  0
LINE
  5
547
330
43B
100
AcDbEntity
  8
Orange
 62
3
100
AcDbLine
 10
0.2650105688458497
 20
0.825357816842822
 30
0.0
 11
0.2573936769459069
 21
0.8176187401509167
 31
0.0
1001
AcDbBlockRepETag
1070
1
1071
265
1005
547
  0
LINE
  5
548
330
43B
100
AcDbEntity
  8
Orange
 62
3
100
AcDbLine
 10
0.2573936769459069
 20
0.8176187401509167
 30
0.0
 11
0.2573936769459069
 21
0.8085699735579481
 31
0.0
1001
AcDbBlockRepETag
1070
1
1071
266
1005
548
  0
LINE
  5
549
330
43B
100
AcDbEntity
  8
Orange
 62
3
100
AcDbLine
 10
0.2573936769459069
 20
0.8085699735579481
 30
0.0
 11
0.2587028302414582
 21
0.8029740257957172
 31
0.0
1001
AcDbBlockRepETag
1070
1
1071
267
1005
549
  0
LINE
  5
54A
330
43B
100
AcDbEntity
  8
Orange
 62
3
100
AcDbLine
 10
0.2748887255284389
 20
0.8225003116026499
 30
0.0
 11
0.2706042238346926
 21
0.8154756112212425
 31
0.0
1001
AcDbBlockRepETag
1070
1
1071
268
1005
54A
  0
LINE
  5
54B
330
43B
100
AcDbEntity
  8
Orange
 62
3
100
AcDbLine
 10
0.2706042238346926
 20
0.8154756112212425
 30
0.0
 11
0.269890140219144
 21
0.8078555972474504
 31
0.0
1001
AcDbBlockRepETag
1070
1
1071
269
1005
54B
  0
LINE
  5
54C
330
43B
100
AcDbEntity
  8
Orange
 62
3
100
AcDbLine
 10
0.2825056174283817
 20
0.8203571826729756
 30
0.0
 11
0.2797682969017332
 21
0.8154756112212425
 31
0.0
1001
AcDbBlockRepETag
1070
1
1071
270
1005
54C
  0
LINE
  5
54D
330
43B
100
AcDbEntity
  8
Orange
 62
3
100
AcDbLine
 10
0.2797682969017332
 20
0.8154756112212425
 30
0.0
 11
0.2790542132861846
 21
0.8098796634590115
 31
0.0
1001
AcDbBlockRepETag
1070
1
1071
271
1005
54D
  0
LINE
  5
54E
330
43B
100
AcDbEntity
  8
Orange
 62
3
100
AcDbLine
 10
0.2922647601745156
 20
0.8183331164614145
 30
0.0
 11
0.2902415232638704
 21
0.8134515450096813
 31
0.0
1001
AcDbBlockRepETag
1070
1
1071
272
1005
54E
  0
LINE
  5
54F
330
43B
100
AcDbEntity
  8
Orange
 62
3
100
AcDbLine
 10
0.2902415232638704
 20
0.8134515450096813
 30
0.0
 11
0.2895274396483218
 21
0.8091652871494233
 31
0.0
1001
AcDbBlockRepETag
1070
1
1071
273
1005
54F
  0
LINE
  5
550
330
43B
100
AcDbEntity
  8
Orange
 62
3
100
AcDbLine
 10
0.1475438140792393
 20
0.7133197988882757
 30
0.0
 11
0.1504001485418884
 21
0.6945078893909313
 31
0.0
1001
AcDbBlockRepETag
1070
1
1071
274
1005
550
  0
LINE
  5
551
330
43B
100
AcDbEntity
  8
Orange
 62
3
100
AcDbLine
 10
0.1504001485418884
 20
0.6945078893909313
 30
0.0
 11
0.1559938035307313
 21
0.6784344224156456
 31
0.0
1001
AcDbBlockRepETag
1070
1
1071
275
1005
551
  0
LINE
  5
552
330
43B
100
AcDbEntity
  8
Orange
 62
3
100
AcDbLine
 10
0.1559938035307313
 20
0.6784344224156456
 30
0.0
 11
0.16575294627732
 21
0.6623609554403602
 31
0.0
1001
AcDbBlockRepETag
1070
1
1071
276
1005
552
  0
LINE
  5
553
330
43B
100
AcDbEntity
  8
Orange
 62
3
100
AcDbLine
 10
0.1573029568258279
 20
0.7232020045098551
 30
0.0
 11
0.1594452076724737
 21
0.7008182134627505
 31
0.0
1001
AcDbBlockRepETag
1070
1
1071
277
1005
553
  0
LINE
  5
554
330
43B
100
AcDbEntity
  8
Orange
 62
3
100
AcDbLine
 10
0.1594452076724737
 20
0.7008182134627505
 30
0.0
 11
0.1706325176506143
 21
0.6804584886272069
 31
0.0
1001
AcDbBlockRepETag
1070
1
1071
278
1005
554
  0
LINE
  5
555
330
43B
100
AcDbEntity
  8
Orange
 62
3
100
AcDbLine
 10
0.1706325176506143
 20
0.6804584886272069
 30
0.0
 11
0.1796775767811995
 21
0.6706953457237405
 31
0.0
1001
AcDbBlockRepETag
1070
1
1071
279
1005
555
  0
LINE
  5
556
330
43B
100
AcDbEntity
  8
Orange
 62
3
100
AcDbLine
 10
0.1684902668035137
 20
0.7295123285816743
 30
0.0
 11
0.1678951971239657
 21
0.7084382274365426
 31
0.0
1001
AcDbBlockRepETag
1070
1
1071
280
1005
556
  0
LINE
  5
557
330
43B
100
AcDbEntity
  8
Orange
 62
3
100
AcDbLine
 10
0.1678951971239657
 20
0.7084382274365426
 30
0.0
 11
0.1769402562550058
 21
0.692364760461257
 31
0.0
1001
AcDbBlockRepETag
1070
1
1071
281
1005
557
  0
LINE
  5
558
330
43B
100
AcDbEntity
  8
Orange
 62
3
100
AcDbLine
 10
0.1769402562550058
 20
0.692364760461257
 30
0.0
 11
0.1902698170793373
 21
0.6797441123176186
 31
0.0
1001
AcDbBlockRepETag
1070
1
1071
282
1005
558
  0
LINE
  5
559
330
43B
100
AcDbEntity
  8
Orange
 62
3
100
AcDbLine
 10
0.1796775767811995
 20
0.7385610951755524
 30
0.0
 11
0.1803916603972029
 21
0.7189157466505067
 31
0.0
1001
AcDbBlockRepETag
1070
1
1071
283
1005
559
  0
LINE
  5
55A
330
43B
100
AcDbEntity
  8
Orange
 62
3
100
AcDbLine
 10
0.1803916603972029
 20
0.7189157466505067
 30
0.0
 11
0.1866993990015944
 21
0.7084382274365426
 31
0.0
1001
AcDbBlockRepETag
1070
1
1071
284
1005
55A
  0
LINE
  5
55B
330
43B
100
AcDbEntity
  8
Orange
 62
3
100
AcDbLine
 10
0.1866993990015944
 20
0.7084382274365426
 30
0.0
 11
0.2014571270570231
 21
0.6867688126990261
 31
0.0
1001
AcDbBlockRepETag
1070
1
1071
285
1005
55B
  0
LINE
  5
55C
330
43B
100
AcDbEntity
  8
Orange
 62
3
100
AcDbLine
 10
0.1922930539904373
 20
0.7463001718674576
 30
0.0
 11
0.1922930539904373
 21
0.7252260707223259
 31
0.0
1001
AcDbBlockRepETag
1070
1
1071
286
1005
55C
  0
LINE
  5
55D
330
43B
100
AcDbEntity
  8
Orange
 62
3
100
AcDbLine
 10
0.1922930539904373
 20
0.7252260707223259
 30
0.0
 11
0.1993148762103773
 21
0.7140341751987735
 31
0.0
1001
AcDbBlockRepETag
1070
1
1071
287
1005
55D
  0
LINE
  5
55E
330
43B
100
AcDbEntity
  8
Orange
 62
3
100
AcDbLine
 10
0.1993148762103773
 20
0.7140341751987735
 30
0.0
 11
0.2139535903302603
 21
0.6937935130813428
 31
0.0
1001
AcDbBlockRepETag
1070
1
1071
288
1005
55E
  0
LINE
  5
55F
330
43B
100
AcDbEntity
  8
Orange
 62
3
100
AcDbLine
 10
0.2049085311992203
 20
0.7504673670096027
 30
0.0
 11
0.2070507820463208
 21
0.7315363947941452
 31
0.0
1001
AcDbBlockRepETag
1070
1
1071
289
1005
55F
  0
LINE
  5
560
330
43B
100
AcDbEntity
  8
Orange
 62
3
100
AcDbLine
 10
0.2070507820463208
 20
0.7315363947941452
 30
0.0
 11
0.2182380920240066
 21
0.7147485515083618
 31
0.0
1001
AcDbBlockRepETag
1070
1
1071
290
1005
560
  0
LINE
  5
561
330
43B
100
AcDbEntity
  8
Orange
 62
3
100
AcDbLine
 10
0.2182380920240066
 20
0.7147485515083618
 30
0.0
 11
0.2272831511550466
 21
0.7049854086048954
 31
0.0
1001
AcDbBlockRepETag
1070
1
1071
291
1005
561
  0
LINE
  5
562
330
43B
100
AcDbEntity
  8
Orange
 62
3
100
AcDbLine
 10
0.2182380920240066
 20
0.75749206739101
 30
0.0
 11
0.217524008408458
 21
0.7420139140071997
 31
0.0
1001
AcDbBlockRepETag
1070
1
1071
292
1005
562
  0
LINE
  5
563
330
43B
100
AcDbEntity
  8
Orange
 62
3
100
AcDbLine
 10
0.217524008408458
 20
0.7420139140071997
 30
0.0
 11
0.2258549839234947
 21
0.7295123285816743
 31
0.0
1001
AcDbBlockRepETag
1070
1
1071
293
1005
563
  0
LINE
  5
564
330
43B
100
AcDbEntity
  8
Orange
 62
3
100
AcDbLine
 10
0.2258549839234947
 20
0.7295123285816743
 30
0.0
 11
0.2363282102856319
 21
0.7077238511260447
 31
0.0
1001
AcDbBlockRepETag
1070
1
1071
294
1005
564
  0
LINE
  5
565
330
43B
100
AcDbEntity
  8
Orange
 62
3
100
AcDbLine
 10
0.2343049733749867
 20
0.7623736388427433
 30
0.0
 11
0.230139485617241
 21
0.749752990699105
 31
0.0
1001
AcDbBlockRepETag
1070
1
1071
295
1005
565
  0
LINE
  5
566
330
43B
100
AcDbEntity
  8
Orange
 62
3
100
AcDbLine
 10
0.230139485617241
 20
0.749752990699105
 30
0.0
 11
0.2343049733749867
 21
0.7364179662458782
 31
0.0
1001
AcDbBlockRepETag
1070
1
1071
296
1005
566
  0
LINE
  5
567
330
43B
100
AcDbEntity
  8
Orange
 62
3
100
AcDbLine
 10
0.2343049733749867
 20
0.7364179662458782
 30
0.0
 11
0.2454922833526725
 21
0.7140341751987735
 31
0.0
1001
AcDbBlockRepETag
1070
1
1071
297
1005
567
  0
LINE
  5
568
330
43B
100
AcDbEntity
  8
Orange
 62
3
100
AcDbLine
 10
0.248229603879321
 20
0.767969586604974
 30
0.0
 11
0.2419218652749295
 21
0.7539201858412496
 31
0.0
1001
AcDbBlockRepETag
1070
1
1071
298
1005
568
  0
LINE
  5
569
330
43B
100
AcDbEntity
  8
Orange
 62
3
100
AcDbLine
 10
0.2419218652749295
 20
0.7539201858412496
 30
0.0
 11
0.2475155202637724
 21
0.7420139140071997
 31
0.0
1001
AcDbBlockRepETag
1070
1
1071
299
1005
569
  0
LINE
  5
56A
330
43B
100
AcDbEntity
  8
Orange
 62
3
100
AcDbLine
 10
0.2475155202637724
 20
0.7420139140071997
 30
0.0
 11
0.2545373424837125
 21
0.723916380820353
 31
0.0
1001
AcDbBlockRepETag
1070
1
1071
300
1005
56A
  0
LINE
  5
56B
330
43B
100
AcDbEntity
  8
Orange
 62
3
100
AcDbLine
 10
0.2594169138570068
 20
0.7714224054366214
 30
0.0
 11
0.2559655097148097
 21
0.758801757292983
 31
0.0
1001
AcDbBlockRepETag
1070
1
1071
301
1005
56B
  0
LINE
  5
56C
330
43B
100
AcDbEntity
  8
Orange
 62
3
100
AcDbLine
 10
0.2559655097148097
 20
0.758801757292983
 30
0.0
 11
0.2594169138570068
 21
0.7483242380790189
 31
0.0
1001
AcDbBlockRepETag
1070
1
1071
302
1005
56C
  0
LINE
  5
56D
330
43B
100
AcDbEntity
  8
Orange
 62
3
100
AcDbLine
 10
0.2594169138570068
 20
0.7483242380790189
 30
0.0
 11
0.269295070539596
 21
0.7308220184836473
 31
0.0
1001
AcDbBlockRepETag
1070
1
1071
303
1005
56D
  0
LINE
  5
56E
330
43B
100
AcDbEntity
  8
Orange
 62
3
100
AcDbLine
 10
0.2713183074502412
 20
0.7770183531979427
 30
0.0
 11
0.2671528196924955
 21
0.7651120813648022
 31
0.0
1001
AcDbBlockRepETag
1070
1
1071
304
1005
56E
  0
LINE
  5
56F
330
43B
100
AcDbEntity
  8
Orange
 62
3
100
AcDbLine
 10
0.2671528196924955
 20
0.7651120813648022
 30
0.0
 11
0.2706042238346926
 21
0.7539201858412496
 31
0.0
1001
AcDbBlockRepETag
1070
1
1071
305
1005
56F
  0
LINE
  5
570
330
43B
100
AcDbEntity
  8
Orange
 62
3
100
AcDbLine
 10
0.2706042238346926
 20
0.7539201858412496
 30
0.0
 11
0.282505617427927
 21
0.7378467188659643
 31
0.0
1001
AcDbBlockRepETag
1070
1
1071
306
1005
570
  0
LINE
  5
571
330
43B
100
AcDbEntity
  8
Orange
 62
3
100
AcDbLine
 10
0.2860760355061247
 20
0.7791614821285267
 30
0.0
 11
0.2804823805172818
 21
0.767969586604974
 31
0.0
1001
AcDbBlockRepETag
1070
1
1071
307
1005
571
  0
LINE
  5
572
330
43B
100
AcDbEntity
  8
Orange
 62
3
100
AcDbLine
 10
0.2804823805172818
 20
0.767969586604974
 30
0.0
 11
0.2853619518905761
 21
0.7567776910814218
 31
0.0
1001
AcDbBlockRepETag
1070
1
1071
308
1005
572
  0
LINE
  5
573
330
43B
100
AcDbEntity
  8
Orange
 62
3
100
AcDbLine
 10
0.2853619518905761
 20
0.7567776910814218
 30
0.0
 11
0.2922647601745156
 21
0.7476098617694305
 31
0.0
1001
AcDbBlockRepETag
1070
1
1071
309
1005
573
  0
LINE
  5
574
330
43B
100
AcDbEntity
  8
Orange
 62
3
100
AcDbLine
 10
0.2978584151633585
 20
0.7791614821285267
 30
0.0
 11
0.2965492618682619
 21
0.7672552102944765
 31
0.0
1001
AcDbBlockRepETag
1070
1
1071
310
1005
574
  0
LINE
  5
575
330
43B
100
AcDbEntity
  8
Orange
 62
3
100
AcDbLine
 10
0.2965492618682619
 20
0.7672552102944765
 30
0.0
 11
0.3077365718459477
 21
0.7511817433191909
 31
0.0
1001
AcDbBlockRepETag
1070
1
1071
311
1005
575
  0
LINE
  5
576
330
43B
100
AcDbEntity
  8
Orange
 62
3
100
AcDbLine
 10
0.3119020596036934
 20
0.7805902347486126
 30
0.0
 11
0.3090457251414991
 21
0.767969586604974
 31
0.0
1001
AcDbBlockRepETag
1070
1
1071
312
1005
576
  0
LINE
  5
577
330
43B
100
AcDbEntity
  8
Orange
 62
3
100
AcDbLine
 10
0.3090457251414991
 20
0.767969586604974
 30
0.0
 11
0.3153534637458906
 21
0.7546345621508382
 31
0.0
1001
AcDbBlockRepETag
1070
1
1071
313
1005
577
  0
LINE
  5
578
330
43B
100
AcDbEntity
  8
Orange
 62
3
100
AcDbLine
 10
0.3223752859658306
 20
0.7833286772706713
 30
0.0
 11
0.327254857339125
 21
0.760230509913069
 31
0.0
1001
AcDbBlockRepETag
1070
1
1071
314
1005
578
  0
LINE
  5
579
330
43B
100
AcDbEntity
  8
Orange
 62
3
100
AcDbLine
 10
0.3349907631750684
 20
0.7833286772706713
 30
0.0
 11
0.3405844181639113
 21
0.7638023914628294
 31
0.0
1001
AcDbBlockRepETag
1070
1
1071
315
1005
579
  0
LINE
  5
57A
330
43B
100
AcDbEntity
  8
Orange
 62
3
100
AcDbLine
 10
0.3503435609104999
 20
0.7840430535802598
 30
0.0
 11
0.3539139789882428
 21
0.7658264576743905
 31
0.0
1001
AcDbBlockRepETag
1070
1
1071
316
1005
57A
  0
LINE
  5
57B
330
43B
100
AcDbEntity
  8
Orange
 62
3
100
AcDbLine
 10
0.4778327923141151
 20
0.5489486205892689
 30
0.0
 11
0.4869025231583183
 21
0.5687876704437231
 31
0.0
1001
AcDbBlockRepETag
1070
1
1071
317
1005
57B
  0
LINE
  5
57C
330
43B
100
AcDbEntity
  8
Orange
 62
3
100
AcDbLine
 10
0.4869025231583183
 20
0.5687876704437231
 30
0.0
 11
0.4867099031662693
 21
0.5933863764880671
 31
0.0
1001
AcDbBlockRepETag
1070
1
1071
318
1005
57C
  0
LINE
  5
57D
330
43B
100
AcDbEntity
  8
Orange
 62
3
100
AcDbLine
 10
0.4867099031662693
 20
0.5933863764880671
 30
0.0
 11
0.4883224886039388
 21
0.6118491645916011
 31
0.0
1001
AcDbBlockRepETag
1070
1
1071
319
1005
57D
  0
LINE
  5
57E
330
43B
100
AcDbEntity
  8
Orange
 62
3
100
AcDbLine
 10
0.4883224886039388
 20
0.6118491645916011
 30
0.0
 11
0.4850791078552393
 21
0.6333489548819644
 31
0.0
1001
AcDbBlockRepETag
1070
1
1071
320
1005
57E
  0
LINE
  5
57F
330
43B
100
AcDbEntity
  8
Orange
 62
3
100
AcDbLine
 10
0.4877067925581688
 20
0.6904771714121098
 30
0.0
 11
0.5107169906637355
 21
0.6691321650446271
 31
0.0
1001
AcDbBlockRepETag
1070
1
1071
321
1005
57F
  0
LINE
  5
580
330
43B
100
AcDbEntity
  8
Orange
 62
3
100
AcDbLine
 10
0.5107169906637355
 20
0.6691321650446271
 30
0.0
 11
0.5293483212608808
 21
0.6459957118181565
 31
0.0
1001
AcDbBlockRepETag
1070
1
1071
322
1005
580
  0
LINE
  5
581
330
43B
100
AcDbEntity
  8
Orange
 62
3
100
AcDbLine
 10
0.5293483212608808
 20
0.6459957118181565
 30
0.0
 11
0.5527014719782928
 21
0.6369534981154147
 31
0.0
1001
AcDbBlockRepETag
1070
1
1071
323
1005
581
  0
LINE
  5
582
330
43B
100
AcDbEntity
  8
Orange
 62
3
100
AcDbLine
 10
0.5527014719782928
 20
0.6369534981154147
 30
0.0
 11
0.566353009251583
 21
0.632667500959994
 31
0.0
1001
AcDbBlockRepETag
1070
1
1071
324
1005
582
  0
LINE
  5
583
330
43B
100
AcDbEntity
  8
Orange
 62
3
100
AcDbLine
 10
0.566353009251583
 20
0.632667500959994
 30
0.0
 11
0.5816687266028966
 21
0.6402553527900608
 31
0.0
1001
AcDbBlockRepETag
1070
1
1071
325
1005
583
  0
LINE
  5
584
330
43B
100
AcDbEntity
  8
Orange
 62
3
100
AcDbLine
 10
0.5816687266028966
 20
0.6402553527900608
 30
0.0
 11
0.5937995371319122
 21
0.6618755305748864
 31
0.0
1001
AcDbBlockRepETag
1070
1
1071
326
1005
584
  0
LINE
  5
585
330
43B
100
AcDbEntity
  8
Orange
 62
3
100
AcDbLine
 10
0.5937995371319122
 20
0.6618755305748864
 30
0.0
 11
0.5906043113814521
 21
0.677225644353254
 31
0.0
1001
AcDbBlockRepETag
1070
1
1071
327
1005
585
  0
LINE
  5
586
330
43B
100
AcDbEntity
  8
Orange
 62
3
100
AcDbLine
 10
0.5906043113814521
 20
0.677225644353254
 30
0.0
 11
0.5749859054708795
 21
0.7082929020220918
 31
0.0
1001
AcDbBlockRepETag
1070
1
1071
328
1005
586
  0
LINE
  5
587
330
43B
100
AcDbEntity
  8
Orange
 62
3
100
AcDbLine
 10
0.5749859054708795
 20
0.7082929020220918
 30
0.0
 11
0.5532350212629753
 21
0.7371156916519765
 31
0.0
1001
AcDbBlockRepETag
1070
1
1071
329
1005
587
  0
LINE
  5
588
330
43B
100
AcDbEntity
  8
Orange
 62
3
100
AcDbLine
 10
0.4945104058488541
 20
0.7753133286691964
 30
0.0
 11
0.5253207019732546
 21
0.7676473767164653
 31
0.0
1001
AcDbBlockRepETag
1070
1
1071
330
1005
588
  0
LINE
  5
589
330
43B
100
AcDbEntity
  8
Orange
 62
3
100
AcDbLine
 10
0.5253207019732546
 20
0.7676473767164653
 30
0.0
 11
0.5486119391216961
 21
0.7665118899571981
 31
0.0
1001
AcDbBlockRepETag
1070
1
1071
331
1005
589
  0
LINE
  5
58A
330
43B
100
AcDbEntity
  8
Orange
 62
3
100
AcDbLine
 10
0.5486119391216961
 20
0.7665118899571981
 30
0.0
 11
0.5608390596467361
 21
0.7758327147189421
 31
0.0
1001
AcDbBlockRepETag
1070
1
1071
332
1005
58A
  0
LINE
  5
58B
330
43B
100
AcDbEntity
  8
Orange
 62
3
100
AcDbLine
 10
0.5608390596467361
 20
0.7758327147189421
 30
0.0
 11
0.5803891795126619
 21
0.8036610429412547
 31
0.0
1001
AcDbBlockRepETag
1070
1
1071
333
1005
58B
  0
LINE
  5
58C
330
43B
100
AcDbEntity
  8
Orange
 62
3
100
AcDbLine
 10
0.5803891795126619
 20
0.8036610429412547
 30
0.0
 11
0.5880688900365785
 21
0.8327142886341761
 31
0.0
1001
AcDbBlockRepETag
1070
1
1071
334
1005
58C
  0
LINE
  5
58D
330
43B
100
AcDbEntity
  8
Orange
 62
3
100
AcDbLine
 10
0.5880688900365785
 20
0.8327142886341761
 30
0.0
 11
0.5969907162444033
 21
0.8714416306288484
 31
0.0
1001
AcDbBlockRepETag
1070
1
1071
335
1005
58D
  0
LINE
  5
58E
330
43B
100
AcDbEntity
  8
Orange
 62
3
100
AcDbLine
 10
0.5969907162444033
 20
0.8714416306288484
 30
0.0
 11
0.5846672857228841
 21
0.8744201588883669
 31
0.0
1001
AcDbBlockRepETag
1070
1
1071
336
1005
58E
  0
LINE
  5
58F
330
43B
100
AcDbEntity
  8
Orange
 62
3
100
AcDbLine
 10
0.5846672857228841
 20
0.8744201588883669
 30
0.0
 11
0.5446943884008251
 21
0.8741071514018557
 31
0.0
1001
AcDbBlockRepETag
1070
1
1071
337
1005
58F
  0
LINE
  5
590
330
43B
100
AcDbEntity
  8
Orange
 62
3
100
AcDbLine
 10
0.5446943884008251
 20
0.8741071514018557
 30
0.0
 11
0.5122130329128085
 21
0.8707777795848386
 31
0.0
1001
AcDbBlockRepETag
1070
1
1071
338
1005
590
  0
LINE
  5
591
330
43B
100
AcDbEntity
  8
Orange
 62
3
100
AcDbLine
 10
0.5122130329128085
 20
0.8707777795848386
 30
0.0
 11
0.4785342770960998
 21
0.8520638975628543
 31
0.0
1001
AcDbBlockRepETag
1070
1
1071
339
1005
591
  0
LINE
  5
592
330
43B
100
AcDbEntity
  8
Orange
 62
3
100
AcDbLine
 10
0.4916419461560908
 20
0.748933494694481
 30
0.0
 11
0.5379571399812848
 21
0.7246959511353424
 31
0.0
1001
AcDbBlockRepETag
1070
1
1071
340
1005
592
  0
LINE
  5
593
330
43B
100
AcDbEntity
  8
Orange
 62
3
100
AcDbLine
 10
0.5379571399812848
 20
0.7246959511353424
 30
0.0
 11
0.5689600560977341
 21
0.6924312931382673
 31
0.0
1001
AcDbBlockRepETag
1070
1
1071
341
1005
593
  0
LINE
  5
594
330
43B
100
AcDbEntity
  8
Orange
 62
3
100
AcDbLine
 10
0.5689600560977341
 20
0.6924312931382673
 30
0.0
 11
0.5846816512894693
 21
0.6481861572315184
 31
0.0
1001
AcDbBlockRepETag
1070
1
1071
342
1005
594
  0
LINE
  5
595
330
43B
100
AcDbEntity
  8
Orange
 62
3
100
AcDbLine
 10
0.5112323300750578
 20
0.8277197250795296
 30
0.0
 11
0.5616168235642764
 21
0.8448072630931136
 31
0.0
1001
AcDbBlockRepETag
1070
1
1071
343
1005
595
  0
LINE
  5
596
330
43B
100
AcDbEntity
  8
Orange
 62
3
100
AcDbLine
 10
0.5616168235642764
 20
0.8448072630931136
 30
0.0
 11
0.592182905055819
 21
0.8683289563036822
 31
0.0
1001
AcDbBlockRepETag
1070
1
1071
344
1005
596
  0
LINE
  5
597
330
43B
100
AcDbEntity
  8
Orange
 62
3
100
AcDbLine
 10
0.570837494024585
 20
0.677070860431283
 30
0.0
 11
0.5692593050139694
 21
0.6542154462481422
 31
0.0
1001
AcDbBlockRepETag
1070
1
1071
345
1005
597
  0
LINE
  5
598
330
43B
100
AcDbEntity
  8
Orange
 62
3
100
AcDbLine
 10
0.5692593050139694
 20
0.6542154462481422
 30
0.0
 11
0.5601792552411498
 21
0.6356941842172973
 31
0.0
1001
AcDbBlockRepETag
1070
1
1071
346
1005
598
  0
LINE
  5
599
330
43B
100
AcDbEntity
  8
Orange
 62
3
100
AcDbLine
 10
0.558379917437418
 20
0.6971806304004504
 30
0.0
 11
0.559818092756399
 21
0.681816758050897
 31
0.0
1001
AcDbBlockRepETag
1070
1
1071
347
1005
599
  0
LINE
  5
59A
330
43B
100
AcDbEntity
  8
Orange
 62
3
100
AcDbLine
 10
0.559818092756399
 20
0.681816758050897
 30
0.0
 11
0.5555699316710561
 21
0.6633333320901302
 31
0.0
1001
AcDbBlockRepETag
1070
1
1071
348
1005
59A
  0
LINE
  5
59B
330
43B
100
AcDbEntity
  8
Orange
 62
3
100
AcDbLine
 10
0.5555699316710561
 20
0.6633333320901302
 30
0.0
 11
0.5447569089656499
 21
0.6417234732339212
 31
0.0
1001
AcDbBlockRepETag
1070
1
1071
349
1005
59B
  0
LINE
  5
59C
330
43B
100
AcDbEntity
  8
Orange
 62
3
100
AcDbLine
 10
0.5411042107339599
 20
0.715495513867151
 30
0.0
 11
0.546080564415246
 21
0.6970843204039711
 31
0.0
1001
AcDbBlockRepETag
1070
1
1071
350
1005
59C
  0
LINE
  5
59D
330
43B
100
AcDbEntity
  8
Orange
 62
3
100
AcDbLine
 10
0.546080564415246
 20
0.6970843204039711
 30
0.0
 11
0.5431020361557275
 21
0.6847608898829067
 31
0.0
1001
AcDbBlockRepETag
1070
1
1071
351
1005
59D
  0
LINE
  5
59E
330
43B
100
AcDbEntity
  8
Orange
 62
3
100
AcDbLine
 10
0.5431020361557275
 20
0.6847608898829067
 30
0.0
 11
0.5293242437619883
 21
0.6490705500732445
 31
0.0
1001
AcDbBlockRepETag
1070
1
1071
352
1005
59E
  0
LINE
  5
59F
330
43B
100
AcDbEntity
  8
Orange
 62
3
100
AcDbLine
 10
0.5273770013209687
 20
0.7294452883975255
 30
0.0
 11
0.5289252452067048
 21
0.7000250125934117
 31
0.0
1001
AcDbBlockRepETag
1070
1
1071
353
1005
59F
  0
LINE
  5
5A0
330
43B
100
AcDbEntity
  8
Orange
 62
3
100
AcDbLine
 10
0.5289252452067048
 20
0.7000250125934117
 30
0.0
 11
0.525994871945426
 21
0.6815519055612613
 31
0.0
1001
AcDbBlockRepETag
1070
1
1071
354
1005
5A0
  0
LINE
  5
5A1
330
43B
100
AcDbEntity
  8
Orange
 62
3
100
AcDbLine
 10
0.525994871945426
 20
0.6815519055612613
 30
0.0
 11
0.5168666671748215
 21
0.669180320042412
 31
0.0
1001
AcDbBlockRepETag
1070
1
1071
355
1005
5A1
  0
LINE
  5
5A2
330
43B
100
AcDbEntity
  8
Orange
 62
3
100
AcDbLine
 10
0.5119546550454688
 20
0.7354745774132398
 30
0.0
 11
0.5152221132930608
 21
0.7108999488677882
 31
0.0
1001
AcDbBlockRepETag
1070
1
1071
356
1005
5A2
  0
LINE
  5
5A3
330
43B
100
AcDbEntity
  8
Orange
 62
3
100
AcDbLine
 10
0.5152221132930608
 20
0.7108999488677882
 30
0.0
 11
0.5153081043609236
 21
0.6999183836692255
 31
0.0
1001
AcDbBlockRepETag
1070
1
1071
357
1005
5A3
  0
LINE
  5
5A4
330
43B
100
AcDbEntity
  8
Orange
 62
3
100
AcDbLine
 10
0.5153081043609236
 20
0.6999183836692255
 30
0.0
 11
0.5044606852284633
 21
0.6827011508926235
 31
0.0
1001
AcDbBlockRepETag
1070
1
1071
358
1005
5A4
  0
LINE
  5
5A5
330
43B
100
AcDbEntity
  8
Orange
 62
3
100
AcDbLine
 10
0.4934333930150788
 20
0.7445546271860592
 30
0.0
 11
0.4967146098334016
 21
0.7182229482091289
 31
0.0
1001
AcDbBlockRepETag
1070
1
1071
359
1005
5A5
  0
LINE
  5
5A6
330
43B
100
AcDbEntity
  8
Orange
 62
3
100
AcDbLine
 10
0.4967146098334016
 20
0.7182229482091289
 30
0.0
 11
0.4951261018946244
 21
0.6966853218495971
 31
0.0
1001
AcDbBlockRepETag
1070
1
1071
360
1005
5A6
  0
LINE
  5
5A7
330
43B
100
AcDbEntity
  8
Orange
 62
3
100
AcDbLine
 10
0.4951261018946244
 20
0.6966853218495971
 30
0.0
 11
0.4876964736300069
 21
0.691794959235719
 31
0.0
1001
AcDbBlockRepETag
1070
1
1071
361
1005
5A7
  0
LINE
  5
5A8
330
43B
100
AcDbEntity
  8
Orange
 62
3
100
AcDbLine
 10
0.5860813835429726
 20
0.8621311247948114
 30
0.0
 11
0.5910095822260191
 21
0.8498696078427173
 31
0.0
1001
AcDbBlockRepETag
1070
1
1071
362
1005
5A8
  0
LINE
  5
5A9
330
43B
100
AcDbEntity
  8
Orange
 62
3
100
AcDbLine
 10
0.5769187823448592
 20
0.8541521653546595
 30
0.0
 11
0.586298081033914
 21
0.8344575804944696
 31
0.0
1001
AcDbBlockRepETag
1070
1
1071
363
1005
5A9
  0
LINE
  5
5AA
330
43B
100
AcDbEntity
  8
Orange
 62
3
100
AcDbLine
 10
0.5646779032490885
 20
0.8465883910243945
 30
0.0
 11
0.5833677077721804
 21
0.8159844734623192
 31
0.0
1001
AcDbBlockRepETag
1070
1
1071
364
1005
5AA
  0
LINE
  5
5AB
330
43B
100
AcDbEntity
  8
Orange
 62
3
100
AcDbLine
 10
0.5511089174010922
 20
0.8403320855891223
 30
0.0
 11
0.5617612885585404
 21
0.8263582335598556
 31
0.0
1001
AcDbBlockRepETag
1070
1
1071
365
1005
5AB
  0
LINE
  5
5AC
330
43B
100
AcDbEntity
  8
Orange
 62
3
100
AcDbLine
 10
0.5617612885585404
 20
0.8263582335598556
 30
0.0
 11
0.5679935164949202
 21
0.815864085967857
 31
0.0
1001
AcDbBlockRepETag
1070
1
1071
366
1005
5AC
  0
LINE
  5
5AD
330
43B
100
AcDbEntity
  8
Orange
 62
3
100
AcDbLine
 10
0.5679935164949202
 20
0.815864085967857
 30
0.0
 11
0.5712747333132429
 21
0.7895324069909266
 31
0.0
1001
AcDbBlockRepETag
1070
1
1071
367
1005
5AD
  0
LINE
  5
5AE
330
43B
100
AcDbEntity
  8
Orange
 62
3
100
AcDbLine
 10
0.5327080428660738
 20
0.8340379440837722
 30
0.0
 11
0.5433122590252824
 21
0.8262137685655915
 31
0.0
1001
AcDbBlockRepETag
1070
1
1071
368
1005
5AE
  0
LINE
  5
5AF
330
43B
100
AcDbEntity
  8
Orange
 62
3
100
AcDbLine
 10
0.5433122590252824
 20
0.8262137685655915
 30
0.0
 11
0.5512912184649795
 21
0.8170511673683876
 31
0.0
1001
AcDbBlockRepETag
1070
1
1071
369
1005
5AF
  0
LINE
  5
5B0
330
43B
100
AcDbEntity
  8
Orange
 62
3
100
AcDbLine
 10
0.5512912184649795
 20
0.8170511673683876
 30
0.0
 11
0.5544967631436011
 21
0.800383265765501
 31
0.0
1001
AcDbBlockRepETag
1070
1
1071
370
1005
5B0
  0
LINE
  5
5B1
330
43B
100
AcDbEntity
  8
Orange
 62
3
100
AcDbLine
 10
0.5544967631436011
 20
0.800383265765501
 30
0.0
 11
0.5577642213911931
 21
0.7758086372200494
 31
0.0
1001
AcDbBlockRepETag
1070
1
1071
371
1005
5B1
  0
LINE
  5
5B2
330
43B
100
AcDbEntity
  8
Orange
 62
3
100
AcDbLine
 10
0.5186757169108605
 20
0.8308530372610192
 30
0.0
 11
0.5279862227453525
 21
0.8199437045600433
 31
0.0
1001
AcDbBlockRepETag
1070
1
1071
372
1005
5B2
  0
LINE
  5
5B3
330
43B
100
AcDbEntity
  8
Orange
 62
3
100
AcDbLine
 10
0.5279862227453525
 20
0.8199437045600433
 30
0.0
 11
0.5328662664306139
 21
0.8138318641190352
 31
0.0
1001
AcDbBlockRepETag
1070
1
1071
373
1005
5B3
  0
LINE
  5
5B4
330
43B
100
AcDbEntity
  8
Orange
 62
3
100
AcDbLine
 10
0.5328662664306139
 20
0.8138318641190352
 30
0.0
 11
0.5423074786886392
 21
0.7862305523153708
 31
0.0
1001
AcDbBlockRepETag
1070
1
1071
374
1005
5B4
  0
LINE
  5
5B5
330
43B
100
AcDbEntity
  8
Orange
 62
3
100
AcDbLine
 10
0.5423074786886392
 20
0.7862305523153708
 30
0.0
 11
0.5393771054269056
 21
0.7677574452832205
 31
0.0
1001
AcDbBlockRepETag
1070
1
1071
375
1005
5B5
  0
LINE
  5
5B6
330
43B
100
AcDbEntity
  8
Orange
 62
3
100
AcDbLine
 10
0.502031892807776
 20
0.8245726543268546
 30
0.0
 11
0.5113664761411602
 21
0.8105884833698809
 31
0.0
1001
AcDbBlockRepETag
1070
1
1071
376
1005
5B6
  0
LINE
  5
5B7
330
43B
100
AcDbEntity
  8
Orange
 62
3
100
AcDbLine
 10
0.5113664761411602
 20
0.8105884833698809
 30
0.0
 11
0.5238343716564886
 21
0.7891609255771045
 31
0.0
1001
AcDbBlockRepETag
1070
1
1071
377
1005
5B7
  0
LINE
  5
5B8
330
43B
100
AcDbEntity
  8
Orange
 62
3
100
AcDbLine
 10
0.5238343716564886
 20
0.7891609255771045
 30
0.0
 11
0.5222321051465261
 21
0.7693803496490517
 31
0.0
1001
AcDbBlockRepETag
1070
1
1071
378
1005
5B8
  0
LINE
  5
5B9
330
43B
100
AcDbEntity
  8
Orange
 62
3
100
AcDbLine
 10
0.4849384871682051
 20
0.8196066195737302
 30
0.0
 11
0.500433065940837
 21
0.8043528157909321
 31
0.0
1001
AcDbBlockRepETag
1070
1
1071
379
1005
5B9
  0
LINE
  5
5BA
330
43B
100
AcDbEntity
  8
Orange
 62
3
100
AcDbLine
 10
0.500433065940837
 20
0.8043528157909321
 30
0.0
 11
0.5036523691901893
 21
0.7859278637565666
 31
0.0
1001
AcDbBlockRepETag
1070
1
1071
380
1005
5BA
  0
LINE
  5
5BB
330
43B
100
AcDbEntity
  8
Orange
 62
3
100
AcDbLine
 10
0.5036523691901893
 20
0.7859278637565666
 30
0.0
 11
0.5037349206154831
 21
0.7753855611667833
 31
0.0
1001
AcDbBlockRepETag
1070
1
1071
381
1005
5BB
  0
LINE
  5
5BC
330
43B
100
AcDbEntity
  8
Orange
 62
3
100
AcDbLine
 10
0.4788954395813052
 20
0.805941323730164
 30
0.0
 11
0.4807384810806471
 21
0.7949735171018772
 31
0.0
1001
AcDbBlockRepETag
1070
1
1071
382
1005
5BC
  0
LINE
  5
5BD
330
43B
100
AcDbEntity
  8
Orange
 62
3
100
AcDbLine
 10
0.4807384810806471
 20
0.7949735171018772
 30
0.0
 11
0.4839337068311071
 21
0.7796234033235095
 31
0.0
1001
AcDbBlockRepETag
1070
1
1071
383
1005
5BD
  0
LINE
  5
5BE
330
43B
100
AcDbEntity
  8
Orange
 62
3
100
AcDbLine
 10
0.5532350212629753
 20
0.7371156916519765
 30
0.0
 11
0.5314827714014827
 21
0.7543964367146117
 31
0.0
1001
AcDbBlockRepETag
1070
1
1071
384
1005
5BE
  0
LINE
  5
5BF
330
43B
100
AcDbEntity
  8
Orange
 62
3
100
AcDbLine
 10
0.5314827714014827
 20
0.7543964367146117
 30
0.0
 11
0.5047046358163643
 21
0.7686839629145625
 31
0.0
1001
AcDbBlockRepETag
1070
1
1071
385
1005
5BF
  0
LINE
  5
5C0
330
43B
100
AcDbEntity
  8
Orange
 62
3
100
AcDbLine
 10
0.3150037481469043
 20
0.9228268578167416
 30
0.0
 11
0.3026184040568696
 21
0.9337121130188251
 31
0.0
1001
AcDbBlockRepETag
1070
1
1071
386
1005
5C0
  0
LINE
  5
5C1
330
43B
100
AcDbEntity
  8
Orange
 62
3
100
AcDbLine
 10
0.3026184040568696
 20
0.9337121130188251
 30
0.0
 11
0.2829478966960268
 21
0.921257976074682
 31
0.0
1001
AcDbBlockRepETag
1070
1
1071
387
1005
5C1
  0
LINE
  5
5C2
330
43B
100
AcDbEntity
  8
Orange
 62
3
100
AcDbLine
 10
0.3048802373837534
 20
0.926680190147178
 30
0.0
 11
0.2916696904949676
 21
0.9183457998637976
 31
0.0
1001
AcDbBlockRepETag
1070
1
1071
388
1005
5C2
  0
LINE
  5
5C3
330
43B
100
AcDbEntity
  8
Orange
 62
3
100
AcDbLine
 10
0.3063084046148505
 20
0.9197745524838836
 30
0.0
 11
0.290955606879419
 21
0.9085826569603312
 31
0.0
1001
AcDbBlockRepETag
1070
1
1071
389
1005
5C3
  0
LINE
  5
5C4
330
43B
100
AcDbEntity
  8
Orange
 62
3
100
AcDbLine
 10
0.3077365718459477
 20
0.9127498521024762
 30
0.0
 11
0.3021429168571048
 21
0.906439528030657
 31
0.0
1001
AcDbBlockRepETag
1070
1
1071
390
1005
5C4
  0
ENDBLK
  5
5C5
330
43B
100
AcDbEntity
  8
0
100
AcDbBlockEnd
  0
BLOCK
  5
5C7
330
5C6
100
AcDbEntity
  8
0
100
AcDbBlockBegin
  2
Bk-Stair_Arrow
 70
0
 10
0.0
 20
0.0
 30
0.0
  3
Bk-Stair_Arrow
  1

  0
HATCH
  5
5C8
330
5C6
100
AcDbEntity
  8
0
100
AcDbHatch
 10
0.0
 20
0.0
 30
0.0
210
0.0
220
0.0
230
1.0
  2
SOLID
 70
1
 71
0
 91
2
 92
7
 72
0
 73
1
 93
3
 10
-4.010629586040373
 20
2.315538071119215
 10
-1.32e-13
 20
1.32e-13
 10
-3.163083828579795
 20
3.163083828579795
 97
0
 92
7
 72
0
 73
1
 93
3
 10
-4.010629586040144
 20
-2.315538071119806
 10
-3.163083828579795
 20
-3.163083828580156
 10
-1.314e-13
 20
-8.536e-13
 97
0
 75
0
 76
1
 47
0.000636136183148
 98
2
 10
-3.363204061945276
 20
2.455994578036258
 10
-2.490275235346835
 20
-1.85815380025827
450
0
451
0
460
0.0
461
0.0
452
0
462
0.0
453
0
470

  0
LINE
  5
5C9
330
5C6
100
AcDbEntity
  8
0
100
AcDbLine
 10
7.219e-13
 20
-3.61e-13
 30
0.0
 11
-4.010629586039686
 21
-2.315538071119541
 31
0.0
  0
LINE
  5
5CA
330
5C6
100
AcDbEntity
  8
0
100
AcDbLine
 10
7.219e-13
 20
-3.61e-13
 30
0.0
 11
-4.010629586039686
 21
2.315538071118819
 31
0.0
  0
LINE
  5
5CB
330
5C6
100
AcDbEntity
  8
0
100
AcDbLine
 10
0.0
 20
0.0
 30
0.0
 11
-3.163083828579794
 21
3.163083828579794
 31
0.0
  0
LINE
  5
5CC
330
5C6
100
AcDbEntity
  8
0
100
AcDbLine
 10
-3.163083828579794
 20
3.163083828579794
 30
0.0
 11
-4.010629586039686
 21
2.315538071119902
 31
0.0
  0
LINE
  5
5CD
330
5C6
100
AcDbEntity
  8
0
100
AcDbLine
 10
0.0
 20
-7.219e-13
 30
0.0
 11
-3.163083828579794
 21
-3.163083828580155
 31
0.0
  0
LINE
  5
5CE
330
5C6
100
AcDbEntity
  8
0
100
AcDbLine
 10
-3.163083828579794
 20
-3.163083828580155
 30
0.0
 11
-4.010629586040047
 21
-2.315538071119902
 31
0.0
  0
ENDBLK
  5
5CF
330
5C6
100
AcDbEntity
  8
0
100
AcDbBlockEnd
  0
BLOCK
  5
5D1
330
5D0
100
AcDbEntity
  8
0
100
AcDbBlockBegin
  2
Bk-Stair_Dot
 70
0
 10
0.0
 20
0.0
 30
0.0
  3
Bk-Stair_Dot
  1

  0
LWPOLYLINE
  5
5D2
330
5D0
100
AcDbEntity
  8
0
100
AcDbPolyline
 90
2
 70
1
 43
0.6614795
 10
-0.3307397500002139
 20
0.0
 42
1.0
 10
0.3307397500002139
 20
0.0
 42
1.0
  0
ENDBLK
  5
5D3
330
5D0
100
AcDbEntity
  8
0
100
AcDbBlockEnd
  0
BLOCK
  5
5D5
330
5D4
100
AcDbEntity
  8
0
100
AcDbBlockBegin
  2
Bk-Step_No
 70
2
 10
0.0
 20
0.0
 30
0.0
  3
Bk-Step_No
  1

  0
CIRCLE
  5
5D6
330
5D4
100
AcDbEntity
  8
0
100
AcDbCircle
 10
0.0
 20
0.0
 30
0.0
 40
1.349999999999999
  0
ATTDEF
  5
5D7
330
5D4
100
AcDbEntity
  8
0
100
AcDbText
 10
-0.2531860970413472
 20
-0.4322610607840148
 30
0.0
 40
0.9
  1
1
  7
STEP-IDEN
 41
0.85
 72
1
 11
0.0200281886729386
 21
-0.4322610607840148
 31
0.0
100
AcDbAttributeDefinition
  3
Stair No.
  2
23
 70
0
 71
1
 72
0
 11
0.0200281886729386
 21
-0.4322610607840148
 31
0.0
  0
ENDBLK
  5
5D8
330
5D4
100
AcDbEntity
  8
0
100
AcDbBlockEnd
  0
BLOCK
  5
5DA
330
5D9
100
AcDbEntity
  8
0
100
AcDbBlockBegin
  2
machine1
 70
0
 10
0.0
 20
0.0
 30
0.0
  3
machine1
  1

  0
LINE
  5
5DB
330
5D9
100
AcDbEntity
  8
DETIALS
100
AcDbLine
 10
809.6092506194954
 20
214.8797598494009
 30
0.0
 11
808.9092506194955
 21
214.8797598494009
 31
0.0
  0
LINE
  5
5DC
330
5D9
100
AcDbEntity
  8
DETIALS
100
AcDbLine
 10
808.9092506194955
 20
214.8797598494009
 30
0.0
 11
808.9092506194955
 21
207.3797598494009
 31
0.0
  0
LINE
  5
5DD
330
5D9
100
AcDbEntity
  8
DETIALS
100
AcDbLine
 10
808.9092506194955
 20
207.3797598494009
 30
0.0
 11
809.6092506194954
 21
207.3797598494009
 31
0.0
  0
LINE
  5
5DE
330
5D9
100
AcDbEntity
  8
DETIALS
100
AcDbLine
 10
809.6092506194954
 20
207.3797598494009
 30
0.0
 11
809.6092506194954
 21
214.8797598494009
 31
0.0
  0
ENDBLK
  5
5DF
330
5D9
100
AcDbEntity
  8
0
100
AcDbBlockEnd
  0
BLOCK
  5
5E1
330
5E0
100
AcDbEntity
  8
0
100
AcDbBlockBegin
  2
machine2
 70
0
 10
0.0
 20
0.0
 30
0.0
  3
machine2
  1

  0
LINE
  5
5E2
330
5E0
100
AcDbEntity
  8
DETIALS
100
AcDbLine
 10
751.9298400978366
 20
188.4531862326344
 30
0.0
 11
747.9298400978366
 21
188.4531862326344
 31
0.0
  0
LINE
  5
5E3
330
5E0
100
AcDbEntity
  8
DETIALS
100
AcDbLine
 10
747.9298400978366
 20
188.4531862326344
 30
0.0
 11
747.9298400978366
 21
183.9531862326344
 31
0.0
  0
LINE
  5
5E4
330
5E0
100
AcDbEntity
  8
DETIALS
100
AcDbLine
 10
747.9298400978366
 20
183.9531862326344
 30
0.0
 11
751.9298400978366
 21
183.9531862326344
 31
0.0
  0
LINE
  5
5E5
330
5E0
100
AcDbEntity
  8
DETIALS
100
AcDbLine
 10
751.9298400978366
 20
183.9531862326344
 30
0.0
 11
751.9298400978366
 21
188.4531862326344
 31
0.0
  0
ENDBLK
  5
5E6
330
5E0
100
AcDbEntity
  8
0
100
AcDbBlockEnd
  0
BLOCK
  5
5E8
330
5E7
100
AcDbEntity
  8
0
100
AcDbBlockBegin
  2
u
 70
0
 10
0.0
 20
0.0
 30
0.0
  3
u
  1

  0
LINE
  5
5E9
330
5E7
100
AcDbEntity
  8
col
100
AcDbLine
 10
931.9173896822768
 20
210.0638144934163
 30
0.0
 11
932.517389682277
 21
210.0638144934163
 31
0.0
  0
LINE
  5
5EA
330
5E7
100
AcDbEntity
  8
col
100
AcDbLine
 10
932.517389682277
 20
210.0638144934163
 30
0.0
 11
932.517389682277
 21
209.8138144934163
 31
0.0
  0
LINE
  5
5EB
330
5E7
100
AcDbEntity
  8
col
100
AcDbLine
 10
932.517389682277
 20
209.8138144934163
 30
0.0
 11
931.9173896822768
 21
209.8138144934163
 31
0.0
  0
LINE
  5
5EC
330
5E7
100
AcDbEntity
  8
col
100
AcDbLine
 10
931.9173896822768
 20
209.8138144934163
 30
0.0
 11
931.9173896822768
 21
210.0638144934163
 31
0.0
  0
ENDBLK
  5
5ED
330
5E7
100
AcDbEntity
  8
0
100
AcDbBlockEnd
  0
BLOCK
  5
5EF
330
5EE
100
AcDbEntity
  8
0
100
AcDbBlockBegin
  2
h
 70
0
 10
0.0
 20
0.0
 30
0.0
  3
h
  1

  0
LINE
  5
5F0
330
5EE
100
AcDbEntity
  8
0
100
AcDbLine
 10
837.3456122632026
 20
201.764320475953
 30
0.0
 11
837.3456122632028
 21
202.5497961901723
 31
0.0
  0
LINE
  5
5F1
330
5EE
100
AcDbEntity
  8
0
100
AcDbLine
 10
837.2873732398172
 20
201.764320475953
 30
0.0
 11
837.2873732398172
 21
202.5497961901723
 31
0.0
  0
LINE
  5
5F2
330
5EE
100
AcDbEntity
  8
0
100
AcDbLine
 10
837.3456122632026
 20
201.6876901820249
 30
0.0
 11
837.3456122632026
 21
201.764320475953
 31
0.0
  0
LINE
  5
5F3
330
5EE
100
AcDbEntity
  8
0
100
AcDbLine
 10
837.403851286588
 20
201.764320475953
 30
0.0
 11
837.403851286588
 21
201.5804077705257
 31
0.0
  0
LINE
  5
5F4
330
5EE
100
AcDbEntity
  8
0
100
AcDbLine
 10
837.403851286588
 20
201.5804077705257
 30
0.0
 11
837.3272209926598
 21
201.5804077705257
 31
0.0
  0
LINE
  5
5F5
330
5EE
100
AcDbEntity
  8
0
100
AcDbLine
 10
837.3272209926598
 20
201.5804077705257
 30
0.0
 11
837.3272209926598
 21
201.6876901820249
 31
0.0
  0
LINE
  5
5F6
330
5EE
100
AcDbEntity
  8
0
100
AcDbLine
 10
837.3456122632026
 20
201.6876901820249
 30
0.0
 11
837.3272209926598
 21
201.6876901820249
 31
0.0
  0
LINE
  5
5F7
330
5EE
100
AcDbEntity
  8
0
100
AcDbLine
 10
837.403851286588
 20
201.764320475953
 30
0.0
 11
837.3456122632026
 21
201.764320475953
 31
0.0
  0
LINE
  5
5F8
330
5EE
100
AcDbEntity
  8
0
100
AcDbLine
 10
837.3456122632026
 20
201.9175810638091
 30
0.0
 11
837.2873732398172
 21
201.9175810638091
 31
0.0
  0
LINE
  5
5F9
330
5EE
100
AcDbEntity
  8
0
100
AcDbLine
 10
837.3456122632026
 20
201.764320475953
 30
0.0
 11
837.2873732398172
 21
201.764320475953
 31
0.0
  0
LINE
  5
5FA
330
5EE
100
AcDbEntity
  8
0
100
AcDbLine
 10
836.5601365489833
 20
201.6876901820249
 30
0.0
 11
836.5601365489833
 21
201.764320475953
 31
0.0
  0
LINE
  5
5FB
330
5EE
100
AcDbEntity
  8
0
100
AcDbLine
 10
836.5018975255981
 20
201.764320475953
 30
0.0
 11
836.5018975255981
 21
201.5804077705257
 31
0.0
  0
LINE
  5
5FC
330
5EE
100
AcDbEntity
  8
0
100
AcDbLine
 10
836.5018975255981
 20
201.5804077705257
 30
0.0
 11
836.5785278195261
 21
201.5804077705257
 31
0.0
  0
LINE
  5
5FD
330
5EE
100
AcDbEntity
  8
0
100
AcDbLine
 10
836.5601365489833
 20
201.6876901820249
 30
0.0
 11
836.5785278195261
 21
201.6876901820249
 31
0.0
  0
LINE
  5
5FE
330
5EE
100
AcDbEntity
  8
0
100
AcDbLine
 10
836.5785278195261
 20
201.5804077705257
 30
0.0
 11
836.5785278195261
 21
201.6876901820249
 31
0.0
  0
LINE
  5
5FF
330
5EE
100
AcDbEntity
  8
0
100
AcDbLine
 10
836.5018975255981
 20
201.764320475953
 30
0.0
 11
836.5601365489833
 21
201.764320475953
 31
0.0
  0
LINE
  5
600
330
5EE
100
AcDbEntity
  8
0
100
AcDbLine
 10
837.3456122632026
 20
202.5497961901723
 30
0.0
 11
837.2873732398172
 21
202.5497961901723
 31
0.0
  0
LINE
  5
601
330
5EE
100
AcDbEntity
  8
0
100
AcDbLine
 10
837.3456122632026
 20
202.4290292046812
 30
0.0
 11
837.287373239817
 21
202.4290292046812
 31
0.0
  0
ARC
  5
602
330
5EE
100
AcDbEntity
  8
0
100
AcDbCircle
 10
837.2873732398174
 20
201.764320475953
 30
0.0
 40
0.7854757142192739
100
AcDbArc
 50
90.00000000001658
 51
179.9999999999979
  0
ENDBLK
  5
603
330
5EE
100
AcDbEntity
  8
0
100
AcDbBlockEnd
  0
BLOCK
  5
605
330
604
100
AcDbEntity
  8
0
100
AcDbBlockBegin
  2
jl
 70
0
 10
0.0
 20
0.0
 30
0.0
  3
jl
  1

  0
INSERT
  5
606
330
604
100
AcDbEntity
  8
0
100
AcDbBlockReference
  2
h
 10
0.0
 20
0.0
 30
0.0
  0
INSERT
  5
607
330
604
100
AcDbEntity
  8
0
100
AcDbBlockReference
  2
h
 10
1673.003795051196
 20
0.0
 30
0.0
 41
-1.0
  0
ENDBLK
  5
608
330
604
100
AcDbEntity
  8
0
100
AcDbBlockEnd
  0
BLOCK
  5
624
330
623
100
AcDbEntity
  8
0
100
AcDbBlockBegin
  2
hnhjnh
 70
0
 10
0.0
 20
0.0
 30
0.0
  3
hnhjnh
  1

  0
LINE
  5
625
330
623
100
AcDbEntity
  8
M-DIFUSER
 62
1
100
AcDbLine
 10
-3640.491777804869
 20
6368.872102850899
 30
1.1e-15
 11
-3624.532946272042
 21
6328.36254987469
 31
3.7e-15
210
0.0
220
-1e-16
230
-1.0
1001
AcDbBlockRepETag
1070
1
1071
258
1005
625
  0
ELLIPSE
  5
626
330
623
100
AcDbEntity
  8
M-DIFUSER
 62
1
100
AcDbEllipse
 10
-3657.582963512956
 20
6358.227713449218
 30
2.4e-15
 11
-14.23747937490406
 21
-14.23747937490405
 31
1.7e-15
210
0.0
220
1e-16
230
1.0
 40
0.9999999999479079
 41
2.913210174464334
 42
3.926990817014368
1001
AcDbBlockRepETag
1070
1
1071
259
1005
626
1001
ACAD
1000
ASC_BOUNDS
1002
{
1070
19
1002
}
  0
LINE
  5
627
330
623
100
AcDbEntity
  8
M-DIFUSER
 62
1
100
AcDbLine
 10
-4174.674149242163
 20
6368.872102858631
 30
1.1e-15
 11
-4190.632980747084
 21
6328.36254987469
 31
3.7e-15
210
0.0
220
-1e-16
230
-1.0
1001
AcDbBlockRepETag
1070
1
1071
260
1005
627
  0
ELLIPSE
  5
628
330
623
100
AcDbEntity
  8
M-DIFUSER
 62
1
100
AcDbEllipse
 10
-4157.582963512956
 20
6358.22771344927
 30
2.4e-15
 11
-14.23747937486629
 21
-14.23747937486628
 31
1.7e-15
210
0.0
220
1e-16
230
1.0
 40
0.999999999947914
 41
3.926990817014365
 42
4.940771459494373
1001
AcDbBlockRepETag
1070
1
1071
261
1005
628
1001
ACAD
1000
ASC_BOUNDS
1002
{
1070
19
1002
}
  0
LWPOLYLINE
  5
629
330
623
100
AcDbEntity
  8
M-DUCT-SA
100
AcDbPolyline
 90
3
 70
0
 10
-3780.64546351175
 20
6428.698201961065
 10
-3705.073426272439
 20
6504.270239200375
 40
22.5
 41
0.0
 10
-3665.298669830693
 20
6544.044995642122
1001
AcDbBlockRepETag
1070
1
1071
262
1005
629
  0
LWPOLYLINE
  5
62A
330
623
100
AcDbEntity
  8
M-DUCT-SA
100
AcDbPolyline
 90
3
 70
0
 10
-4033.770463511749
 20
6428.698201961065
 10
-4109.34250075106
 20
6504.270239200375
 40
22.5
 41
0.0
 10
-4149.117257192806
 20
6544.044995642122
1001
AcDbBlockRepETag
1070
1
1071
263
1005
62A
  0
LWPOLYLINE
  5
62B
330
623
100
AcDbEntity
  8
M-DUCT-SA
100
AcDbPolyline
 90
3
 70
0
 10
-3907.20796351175
 20
6426.102557888724
 10
-3907.20796351175
 20
6533.597455808207
 40
22.5
 41
0.0
 10
-3907.20796351175
 20
6589.847455808207
1001
AcDbBlockRepETag
1070
1
1071
264
1005
62B
  0
LWPOLYLINE
  5
62C
330
623
100
AcDbEntity
  8
M-DIFUSER
100
AcDbPolyline
 90
4
 70
1
 10
-4157.582963512978
 20
6328.36254987469
 10
-3657.582963512978
 20
6328.36254987469
 10
-3657.582963512978
 20
6378.36254987469
 10
-4157.582963512978
 20
6378.36254987469
1001
AcDbBlockRepETag
1070
1
1071
265
1005
62C
  0
LWPOLYLINE
  5
62D
330
623
100
AcDbEntity
  8
M-DIFUSER
100
AcDbPolyline
 90
3
 70
0
 10
-4190.632980747084
 20
6328.36254987469
 10
-4157.582963512978
 20
6328.36254987469
 10
-4157.582963512978
 20
6328.36254987469
1001
AcDbBlockRepETag
1070
1
1071
266
1005
62D
  0
LWPOLYLINE
  5
62E
330
623
100
AcDbEntity
  8
M-DIFUSER
100
AcDbPolyline
 90
3
 70
0
 10
-3624.532946272042
 20
6328.36254987469
 10
-3657.582963512978
 20
6328.36254987469
 10
-3657.582963512978
 20
6328.36254987469
1001
AcDbBlockRepETag
1070
1
1071
267
1005
62E
  0
LWPOLYLINE
  5
62F
330
623
100
AcDbEntity
  8
M-DIFUSER
 62
21
100
AcDbPolyline
 90
4
 70
1
 10
-3909.540901657572
 20
6339.36249136304
 10
-3904.62502500444
 20
6339.36249136304
 10
-3904.62502500444
 20
6362.082921837934
 10
-3909.540901657572
 20
6362.082921837934
1001
AcDbBlockRepETag
1070
1
1071
268
1005
62F
  0
LWPOLYLINE
  5
630
330
623
100
AcDbEntity
  8
M-DIFUSER
 62
21
100
AcDbPolyline
 90
4
 70
1
 10
-3936.172980011411
 20
6340.743621486143
 42
1.057685488415885
 10
-3930.838235714702
 20
6343.468967210066
 10
-3941.944783909285
 20
6358.689503806119
 42
0.8982796312857793
 10
-3943.667194868306
 20
6357.695712777749
1001
AcDbBlockRepETag
1070
1
1071
269
1005
630
  0
LWPOLYLINE
  5
631
330
623
100
AcDbEntity
  8
M-DIFUSER
 62
21
100
AcDbPolyline
 90
4
 70
1
 10
-3961.172980011411
 20
6340.743621486143
 42
1.057685488415885
 10
-3955.838235714703
 20
6343.468967210066
 10
-3966.944783909285
 20
6358.689503806119
 42
0.8982796312857793
 10
-3968.667194868306
 20
6357.695712777749
1001
AcDbBlockRepETag
1070
1
1071
270
1005
631
  0
LWPOLYLINE
  5
632
330
623
100
AcDbEntity
  8
M-DIFUSER
 62
21
100
AcDbPolyline
 90
4
 70
1
 10
-3986.172980011411
 20
6340.743621486143
 42
1.057685488415885
 10
-3980.838235714703
 20
6343.468967210066
 10
-3991.944783909285
 20
6358.689503806119
 42
0.8982796312857793
 10
-3993.667194868307
 20
6357.695712777749
1001
AcDbBlockRepETag
1070
1
1071
271
1005
632
  0
LWPOLYLINE
  5
633
330
623
100
AcDbEntity
  8
M-DIFUSER
 62
21
100
AcDbPolyline
 90
4
 70
1
 10
-4011.172980011411
 20
6340.743621486143
 42
1.057685488415885
 10
-4005.838235714702
 20
6343.468967210066
 10
-4016.944783909284
 20
6358.689503806119
 42
0.8982796312857793
 10
-4018.667194868306
 20
6357.695712777749
1001
AcDbBlockRepETag
1070
1
1071
272
1005
633
  0
LWPOLYLINE
  5
634
330
623
100
AcDbEntity
  8
M-DIFUSER
 62
21
100
AcDbPolyline
 90
4
 70
1
 10
-4036.172980011411
 20
6340.743621486143
 42
1.057685488415885
 10
-4030.838235714703
 20
6343.468967210066
 10
-4041.944783909285
 20
6358.689503806119
 42
0.8982796312857793
 10
-4043.667194868306
 20
6357.695712777749
1001
AcDbBlockRepETag
1070
1
1071
273
1005
634
  0
LWPOLYLINE
  5
635
330
623
100
AcDbEntity
  8
M-DIFUSER
 62
21
100
AcDbPolyline
 90
4
 70
1
 10
-4061.172980011411
 20
6340.743621486143
 42
1.057685488415885
 10
-4055.838235714702
 20
6343.468967210066
 10
-4066.944783909284
 20
6358.689503806119
 42
0.8982796312857793
 10
-4068.667194868306
 20
6357.695712777749
1001
AcDbBlockRepETag
1070
1
1071
274
1005
635
  0
LWPOLYLINE
  5
636
330
623
100
AcDbEntity
  8
M-DIFUSER
 62
21
100
AcDbPolyline
 90
4
 70
1
 10
-4086.172980011411
 20
6340.743621486143
 42
1.057685488415885
 10
-4080.838235714702
 20
6343.468967210066
 10
-4091.944783909283
 20
6358.689503806119
 42
0.8982796312857793
 10
-4093.667194868306
 20
6357.695712777749
1001
AcDbBlockRepETag
1070
1
1071
275
1005
636
  0
LWPOLYLINE
  5
637
330
623
100
AcDbEntity
  8
M-DIFUSER
 62
21
100
AcDbPolyline
 90
4
 70
1
 10
-4111.172980011411
 20
6340.743621486143
 42
1.057685488415885
 10
-4105.838235714702
 20
6343.468967210066
 10
-4116.944783909285
 20
6358.689503806119
 42
0.8982796312857793
 10
-4118.667194868307
 20
6357.695712777749
1001
AcDbBlockRepETag
1070
1
1071
276
1005
637
  0
LWPOLYLINE
  5
638
330
623
100
AcDbEntity
  8
M-DIFUSER
 62
21
100
AcDbPolyline
 90
4
 70
1
 10
-4136.172980011411
 20
6340.743621486143
 42
1.057685488415885
 10
-4130.838235714703
 20
6343.468967210066
 10
-4141.944783909284
 20
6358.689503806119
 42
0.8982796312857793
 10
-4143.667194868307
 20
6357.695712777749
1001
AcDbBlockRepETag
1070
1
1071
277
1005
638
  0
LWPOLYLINE
  5
639
330
623
100
AcDbEntity
  8
M-DIFUSER
 62
21
100
AcDbPolyline
 90
4
 70
1
 10
-3878.992947014544
 20
6340.743621486143
 42
-1.057685488415885
 10
-3884.327691311252
 20
6343.468967210066
 10
-3873.221143116671
 20
6358.689503806119
 42
-0.8982796312857793
 10
-3871.498732157649
 20
6357.695712777749
1001
AcDbBlockRepETag
1070
1
1071
278
1005
639
  0
LWPOLYLINE
  5
63A
330
623
100
AcDbEntity
  8
M-DIFUSER
 62
21
100
AcDbPolyline
 90
4
 70
1
 10
-3853.992947014544
 20
6340.743621486143
 42
-1.057685488415885
 10
-3859.327691311253
 20
6343.468967210066
 10
-3848.221143116671
 20
6358.689503806119
 42
-0.8982796312857793
 10
-3846.498732157649
 20
6357.695712777749
1001
AcDbBlockRepETag
1070
1
1071
279
1005
63A
  0
LWPOLYLINE
  5
63B
330
623
100
AcDbEntity
  8
M-DIFUSER
 62
21
100
AcDbPolyline
 90
4
 70
1
 10
-3828.992947014544
 20
6340.743621486143
 42
-1.057685488415885
 10
-3834.327691311253
 20
6343.468967210066
 10
-3823.221143116671
 20
6358.689503806119
 42
-0.8982796312857793
 10
-3821.498732157649
 20
6357.695712777749
1001
AcDbBlockRepETag
1070
1
1071
280
1005
63B
  0
LWPOLYLINE
  5
63C
330
623
100
AcDbEntity
  8
M-DIFUSER
 62
21
100
AcDbPolyline
 90
4
 70
1
 10
-3803.992947014544
 20
6340.743621486143
 42
-1.057685488415885
 10
-3809.327691311253
 20
6343.468967210066
 10
-3798.221143116671
 20
6358.689503806119
 42
-0.8982796312857793
 10
-3796.498732157649
 20
6357.695712777749
1001
AcDbBlockRepETag
1070
1
1071
281
1005
63C
  0
LWPOLYLINE
  5
63D
330
623
100
AcDbEntity
  8
M-DIFUSER
 62
21
100
AcDbPolyline
 90
4
 70
1
 10
-3778.992947014544
 20
6340.743621486143
 42
-1.057685488415885
 10
-3784.327691311253
 20
6343.468967210066
 10
-3773.221143116671
 20
6358.689503806119
 42
-0.8982796312857793
 10
-3771.498732157649
 20
6357.695712777749
1001
AcDbBlockRepETag
1070
1
1071
282
1005
63D
  0
LWPOLYLINE
  5
63E
330
623
100
AcDbEntity
  8
M-DIFUSER
 62
21
100
AcDbPolyline
 90
4
 70
1
 10
-3753.992947014544
 20
6340.743621486143
 42
-1.057685488415885
 10
-3759.327691311252
 20
6343.468967210066
 10
-3748.221143116671
 20
6358.689503806119
 42
-0.8982796312857793
 10
-3746.498732157649
 20
6357.695712777749
1001
AcDbBlockRepETag
1070
1
1071
283
1005
63E
  0
LWPOLYLINE
  5
63F
330
623
100
AcDbEntity
  8
M-DIFUSER
 62
21
100
AcDbPolyline
 90
4
 70
1
 10
-3728.992947014544
 20
6340.743621486143
 42
-1.057685488415885
 10
-3734.327691311253
 20
6343.468967210066
 10
-3723.221143116671
 20
6358.689503806119
 42
-0.8982796312857793
 10
-3721.498732157649
 20
6357.695712777749
1001
AcDbBlockRepETag
1070
1
1071
284
1005
63F
  0
LWPOLYLINE
  5
640
330
623
100
AcDbEntity
  8
M-DIFUSER
 62
21
100
AcDbPolyline
 90
4
 70
1
 10
-3703.992947014544
 20
6340.743621486143
 42
-1.057685488415885
 10
-3709.327691311253
 20
6343.468967210066
 10
-3698.221143116671
 20
6358.689503806119
 42
-0.8982796312857793
 10
-3696.498732157649
 20
6357.695712777749
1001
AcDbBlockRepETag
1070
1
1071
285
1005
640
  0
LWPOLYLINE
  5
641
330
623
100
AcDbEntity
  8
M-DIFUSER
 62
21
100
AcDbPolyline
 90
4
 70
1
 10
-3678.992947014544
 20
6340.743621486143
 42
-1.057685488415885
 10
-3684.327691311253
 20
6343.468967210066
 10
-3673.221143116671
 20
6358.689503806119
 42
-0.8982796312857793
 10
-3671.498732157649
 20
6357.695712777749
1001
AcDbBlockRepETag
1070
1
1071
286
1005
641
  0
ENDBLK
  5
642
330
623
100
AcDbEntity
  8
0
100
AcDbBlockEnd
  0
BLOCK
  5
644
330
643
100
AcDbEntity
  8
0
100
AcDbBlockBegin
  2
asdada
 70
0
 10
0.0
 20
0.0
 30
0.0
  3
asdada
  1

  0
LINE
  5
645
330
643
100
AcDbEntity
  8
M-DIFUSER
 62
1
100
AcDbLine
 10
1652.442700462227
 20
6368.872102850898
 30
1.1e-15
 11
1668.401531995054
 21
6328.362549874689
 31
3.7e-15
210
0.0
220
-1e-16
230
-1.0
1001
AcDbBlockRepETag
1070
1
1071
258
1005
645
  0
ELLIPSE
  5
646
330
643
100
AcDbEntity
  8
M-DIFUSER
 62
1
100
AcDbEllipse
 10
1635.35151475414
 20
6358.227713449217
 30
2.4e-15
 11
-14.23747937490406
 21
-14.23747937490405
 31
1.7e-15
210
0.0
220
1e-16
230
1.0
 40
0.9999999999479079
 41
2.913210174464334
 42
3.926990817014368
1001
AcDbBlockRepETag
1070
1
1071
259
1005
646
1001
ACAD
1000
ASC_BOUNDS
1002
{
1070
19
1002
}
  0
LINE
  5
647
330
643
100
AcDbEntity
  8
M-DIFUSER
 62
1
100
AcDbLine
 10
1118.260329024931
 20
6368.872102858631
 30
1.1e-15
 11
1102.301497520012
 21
6328.362549874689
 31
3.7e-15
210
0.0
220
-1e-16
230
-1.0
1001
AcDbBlockRepETag
1070
1
1071
260
1005
647
  0
ELLIPSE
  5
648
330
643
100
AcDbEntity
  8
M-DIFUSER
 62
1
100
AcDbEllipse
 10
1135.35151475414
 20
6358.22771344927
 30
2.4e-15
 11
-14.23747937486629
 21
-14.23747937486628
 31
1.7e-15
210
0.0
220
1e-16
230
1.0
 40
0.999999999947914
 41
3.926990817014365
 42
4.940771459494373
1001
AcDbBlockRepETag
1070
1
1071
261
1005
648
1001
ACAD
1000
ASC_BOUNDS
1002
{
1070
19
1002
}
  0
LWPOLYLINE
  5
649
330
643
100
AcDbEntity
  8
M-DUCT-SA
100
AcDbPolyline
 90
3
 70
0
 10
1512.289014755346
 20
6428.698201961063
 10
1587.861051994657
 20
6504.270239200375
 40
22.5
 41
0.0
 10
1627.635808436403
 20
6544.044995642121
1001
AcDbBlockRepETag
1070
1
1071
262
1005
649
  0
LWPOLYLINE
  5
64A
330
643
100
AcDbEntity
  8
M-DUCT-SA
100
AcDbPolyline
 90
3
 70
0
 10
1259.164014755346
 20
6428.698201961065
 10
1183.591977516035
 20
6504.270239200375
 40
22.5
 41
0.0
 10
1143.817221074289
 20
6544.044995642121
1001
AcDbBlockRepETag
1070
1
1071
263
1005
64A
  0
LWPOLYLINE
  5
64B
330
643
100
AcDbEntity
  8
M-DUCT-SA
100
AcDbPolyline
 90
3
 70
0
 10
1385.726514755346
 20
6426.102557888722
 10
1385.726514755346
 20
6533.597455808205
 40
22.5
 41
0.0
 10
1385.726514755346
 20
6589.847455808206
1001
AcDbBlockRepETag
1070
1
1071
264
1005
64B
  0
LWPOLYLINE
  5
64C
330
643
100
AcDbEntity
  8
M-DIFUSER
100
AcDbPolyline
 90
4
 70
1
 10
1135.351514754118
 20
6328.362549874689
 10
1635.351514754118
 20
6328.362549874689
 10
1635.351514754118
 20
6378.362549874688
 10
1135.351514754118
 20
6378.362549874688
1001
AcDbBlockRepETag
1070
1
1071
265
1005
64C
  0
LWPOLYLINE
  5
64D
330
643
100
AcDbEntity
  8
M-DIFUSER
100
AcDbPolyline
 90
3
 70
0
 10
1102.301497520012
 20
6328.362549874689
 10
1135.351514754118
 20
6328.362549874689
 10
1135.351514754118
 20
6328.362549874689
1001
AcDbBlockRepETag
1070
1
1071
266
1005
64D
  0
LWPOLYLINE
  5
64E
330
643
100
AcDbEntity
  8
M-DIFUSER
100
AcDbPolyline
 90
3
 70
0
 10
1668.401531995054
 20
6328.362549874689
 10
1635.351514754118
 20
6328.362549874689
 10
1635.351514754118
 20
6328.362549874689
1001
AcDbBlockRepETag
1070
1
1071
267
1005
64E
  0
LWPOLYLINE
  5
64F
330
643
100
AcDbEntity
  8
M-DIFUSER
 62
21
100
AcDbPolyline
 90
4
 70
1
 10
1383.393576609524
 20
6339.362491363038
 10
1388.309453262656
 20
6339.362491363038
 10
1388.309453262656
 20
6362.082921837934
 10
1383.393576609524
 20
6362.082921837934
1001
AcDbBlockRepETag
1070
1
1071
268
1005
64F
  0
LWPOLYLINE
  5
650
330
643
100
AcDbEntity
  8
M-DIFUSER
 62
21
100
AcDbPolyline
 90
4
 70
1
 10
1356.761498255685
 20
6340.743621486142
 42
1.057685488415885
 10
1362.096242552393
 20
6343.468967210065
 10
1350.989694357811
 20
6358.689503806118
 42
0.8982796312857793
 10
1349.267283398789
 20
6357.695712777747
1001
AcDbBlockRepETag
1070
1
1071
269
1005
650
  0
LWPOLYLINE
  5
651
330
643
100
AcDbEntity
  8
M-DIFUSER
 62
21
100
AcDbPolyline
 90
4
 70
1
 10
1331.761498255685
 20
6340.743621486142
 42
1.057685488415885
 10
1337.096242552393
 20
6343.468967210065
 10
1325.989694357811
 20
6358.689503806118
 42
0.8982796312857793
 10
1324.267283398789
 20
6357.695712777747
1001
AcDbBlockRepETag
1070
1
1071
270
1005
651
  0
LWPOLYLINE
  5
652
330
643
100
AcDbEntity
  8
M-DIFUSER
 62
21
100
AcDbPolyline
 90
4
 70
1
 10
1306.761498255684
 20
6340.743621486142
 42
1.057685488415885
 10
1312.096242552393
 20
6343.468967210065
 10
1300.989694357811
 20
6358.689503806118
 42
0.8982796312857793
 10
1299.267283398789
 20
6357.695712777747
1001
AcDbBlockRepETag
1070
1
1071
271
1005
652
  0
LWPOLYLINE
  5
653
330
643
100
AcDbEntity
  8
M-DIFUSER
 62
21
100
AcDbPolyline
 90
4
 70
1
 10
1281.761498255685
 20
6340.743621486142
 42
1.057685488415885
 10
1287.096242552393
 20
6343.468967210065
 10
1275.989694357811
 20
6358.689503806118
 42
0.8982796312857793
 10
1274.267283398789
 20
6357.695712777747
1001
AcDbBlockRepETag
1070
1
1071
272
1005
653
  0
LWPOLYLINE
  5
654
330
643
100
AcDbEntity
  8
M-DIFUSER
 62
21
100
AcDbPolyline
 90
4
 70
1
 10
1256.761498255685
 20
6340.743621486142
 42
1.057685488415885
 10
1262.096242552393
 20
6343.468967210065
 10
1250.989694357812
 20
6358.689503806118
 42
0.8982796312857793
 10
1249.267283398789
 20
6357.695712777747
1001
AcDbBlockRepETag
1070
1
1071
273
1005
654
  0
LWPOLYLINE
  5
655
330
643
100
AcDbEntity
  8
M-DIFUSER
 62
21
100
AcDbPolyline
 90
4
 70
1
 10
1231.761498255685
 20
6340.743621486142
 42
1.057685488415885
 10
1237.096242552393
 20
6343.468967210065
 10
1225.989694357811
 20
6358.689503806118
 42
0.8982796312857793
 10
1224.267283398789
 20
6357.695712777747
1001
AcDbBlockRepETag
1070
1
1071
274
1005
655
  0
LWPOLYLINE
  5
656
330
643
100
AcDbEntity
  8
M-DIFUSER
 62
21
100
AcDbPolyline
 90
4
 70
1
 10
1206.761498255685
 20
6340.743621486142
 42
1.057685488415885
 10
1212.096242552393
 20
6343.468967210065
 10
1200.989694357811
 20
6358.689503806118
 42
0.8982796312857793
 10
1199.267283398789
 20
6357.695712777747
1001
AcDbBlockRepETag
1070
1
1071
275
1005
656
  0
LWPOLYLINE
  5
657
330
643
100
AcDbEntity
  8
M-DIFUSER
 62
21
100
AcDbPolyline
 90
4
 70
1
 10
1181.761498255684
 20
6340.743621486142
 42
1.057685488415885
 10
1187.096242552393
 20
6343.468967210065
 10
1175.989694357811
 20
6358.689503806118
 42
0.8982796312857793
 10
1174.267283398789
 20
6357.695712777747
1001
AcDbBlockRepETag
1070
1
1071
276
1005
657
  0
LWPOLYLINE
  5
658
330
643
100
AcDbEntity
  8
M-DIFUSER
 62
21
100
AcDbPolyline
 90
4
 70
1
 10
1156.761498255685
 20
6340.743621486142
 42
1.057685488415885
 10
1162.096242552393
 20
6343.468967210065
 10
1150.989694357811
 20
6358.689503806118
 42
0.8982796312857793
 10
1149.267283398789
 20
6357.695712777747
1001
AcDbBlockRepETag
1070
1
1071
277
1005
658
  0
LWPOLYLINE
  5
659
330
643
100
AcDbEntity
  8
M-DIFUSER
 62
21
100
AcDbPolyline
 90
4
 70
1
 10
1413.941531252552
 20
6340.743621486142
 42
-1.057685488415885
 10
1408.606786955843
 20
6343.468967210065
 10
1419.713335150425
 20
6358.689503806118
 42
-0.8982796312857793
 10
1421.435746109447
 20
6357.695712777747
1001
AcDbBlockRepETag
1070
1
1071
278
1005
659
  0
LWPOLYLINE
  5
65A
330
643
100
AcDbEntity
  8
M-DIFUSER
 62
21
100
AcDbPolyline
 90
4
 70
1
 10
1438.941531252552
 20
6340.743621486142
 42
-1.057685488415885
 10
1433.606786955843
 20
6343.468967210065
 10
1444.713335150425
 20
6358.689503806118
 42
-0.8982796312857793
 10
1446.435746109447
 20
6357.695712777747
1001
AcDbBlockRepETag
1070
1
1071
279
1005
65A
  0
LWPOLYLINE
  5
65B
330
643
100
AcDbEntity
  8
M-DIFUSER
 62
21
100
AcDbPolyline
 90
4
 70
1
 10
1463.941531252552
 20
6340.743621486142
 42
-1.057685488415885
 10
1458.606786955843
 20
6343.468967210065
 10
1469.713335150425
 20
6358.689503806118
 42
-0.8982796312857793
 10
1471.435746109447
 20
6357.695712777747
1001
AcDbBlockRepETag
1070
1
1071
280
1005
65B
  0
LWPOLYLINE
  5
65C
330
643
100
AcDbEntity
  8
M-DIFUSER
 62
21
100
AcDbPolyline
 90
4
 70
1
 10
1488.941531252551
 20
6340.743621486142
 42
-1.057685488415885
 10
1483.606786955843
 20
6343.468967210065
 10
1494.713335150425
 20
6358.689503806118
 42
-0.8982796312857793
 10
1496.435746109447
 20
6357.695712777747
1001
AcDbBlockRepETag
1070
1
1071
281
1005
65C
  0
LWPOLYLINE
  5
65D
330
643
100
AcDbEntity
  8
M-DIFUSER
 62
21
100
AcDbPolyline
 90
4
 70
1
 10
1513.941531252552
 20
6340.743621486142
 42
-1.057685488415885
 10
1508.606786955843
 20
6343.468967210065
 10
1519.713335150425
 20
6358.689503806118
 42
-0.8982796312857793
 10
1521.435746109447
 20
6357.695712777747
1001
AcDbBlockRepETag
1070
1
1071
282
1005
65D
  0
LWPOLYLINE
  5
65E
330
643
100
AcDbEntity
  8
M-DIFUSER
 62
21
100
AcDbPolyline
 90
4
 70
1
 10
1538.941531252552
 20
6340.743621486142
 42
-1.057685488415885
 10
1533.606786955843
 20
6343.468967210065
 10
1544.713335150425
 20
6358.689503806118
 42
-0.8982796312857793
 10
1546.435746109447
 20
6357.695712777747
1001
AcDbBlockRepETag
1070
1
1071
283
1005
65E
  0
LWPOLYLINE
  5
65F
330
643
100
AcDbEntity
  8
M-DIFUSER
 62
21
100
AcDbPolyline
 90
4
 70
1
 10
1563.941531252552
 20
6340.743621486142
 42
-1.057685488415885
 10
1558.606786955843
 20
6343.468967210065
 10
1569.713335150425
 20
6358.689503806118
 42
-0.8982796312857793
 10
1571.435746109447
 20
6357.695712777747
1001
AcDbBlockRepETag
1070
1
1071
284
1005
65F
  0
LWPOLYLINE
  5
660
330
643
100
AcDbEntity
  8
M-DIFUSER
 62
21
100
AcDbPolyline
 90
4
 70
1
 10
1588.941531252552
 20
6340.743621486142
 42
-1.057685488415885
 10
1583.606786955843
 20
6343.468967210065
 10
1594.713335150425
 20
6358.689503806118
 42
-0.8982796312857793
 10
1596.435746109447
 20
6357.695712777747
1001
AcDbBlockRepETag
1070
1
1071
285
1005
660
  0
LWPOLYLINE
  5
661
330
643
100
AcDbEntity
  8
M-DIFUSER
 62
21
100
AcDbPolyline
 90
4
 70
1
 10
1613.941531252552
 20
6340.743621486142
 42
-1.057685488415885
 10
1608.606786955843
 20
6343.468967210065
 10
1619.713335150425
 20
6358.689503806118
 42
-0.8982796312857793
 10
1621.435746109447
 20
6357.695712777747
1001
AcDbBlockRepETag
1070
1
1071
286
1005
661
  0
ENDBLK
  5
662
330
643
100
AcDbEntity
  8
0
100
AcDbBlockEnd
  0
BLOCK
  5
44A7
330
44A6
100
AcDbEntity
  8
0
100
AcDbBlockBegin
  2
*D13
 70
1
 10
0.0
 20
0.0
 30
0.0
  3
*D13
  1

  0
LINE
  5
4828
330
44A6
100
AcDbEntity
  8
GATE
 62
0
370
-2
440
16777216
100
AcDbLine
 10
151.8503676713724
 20
55.90658788995023
 30
0.0
 11
151.8503676713724
 21
56.02408788995023
 31
0.0
  0
LINE
  5
4829
330
44A6
100
AcDbEntity
  8
GATE
 62
0
370
-2
440
16777216
100
AcDbLine
 10
147.3953676713744
 20
55.90658788995023
 30
0.0
 11
147.3953676713744
 21
56.02408788995023
 31
0.0
  0
LINE
  5
482A
330
44A6
100
AcDbEntity
  8
GATE
 62
1
370
-2
440
16777216
100
AcDbLine
 10
151.6703676713724
 20
55.84408788995023
 30
0.0
 11
150.0998117368577
 21
55.84408788995023
 31
0.0
  0
LINE
  5
482B
330
44A6
100
AcDbEntity
  8
GATE
 62
1
370
-2
440
16777216
100
AcDbLine
 10
147.5753676713744
 20
55.84408788995023
 30
0.0
 11
149.1459236058891
 21
55.84408788995023
 31
0.0
  0
SOLID
  5
482C
330
44A6
100
AcDbEntity
  8
GATE
 62
1
440
16777216
100
AcDbTrace
 10
151.6703676713724
 20
55.87408788995023
 30
0.0
 11
151.6703676713724
 21
55.81408788995023
 31
0.0
 12
151.8503676713724
 22
55.84408788995023
 32
0.0
 13
151.8503676713724
 23
55.84408788995023
 33
0.0
  0
SOLID
  5
482D
330
44A6
100
AcDbEntity
  8
GATE
 62
1
440
16777216
100
AcDbTrace
 10
147.5753676713744
 20
55.87408788995023
 30
0.0
 11
147.5753676713744
 21
55.81408788995023
 31
0.0
 12
147.3953676713744
 22
55.84408788995023
 32
0.0
 13
147.3953676713744
 23
55.84408788995023
 33
0.0
  0
MTEXT
  5
482E
330
44A6
100
AcDbEntity
  8
GATE
 62
1
440
16777216
100
AcDbMText
 10
149.6228676713734
 20
55.84408788995023
 30
0.0
 40
0.18
 41
0.0
 46
0.0
 71
5
  1
\A1;4.4550
  0
POINT
  5
482F
330
44A6
100
AcDbEntity
  8
Defpoints
 62
0
440
16777216
100
AcDbPoint
 10
151.8503676713724
 20
55.84408788995023
 30
0.0
  0
POINT
  5
4830
330
44A6
100
AcDbEntity
  8
Defpoints
 62
0
440
16777216
100
AcDbPoint
 10
147.3953676713744
 20
55.84408788995023
 30
0.0
  0
POINT
  5
4831
330
44A6
100
AcDbEntity
  8
Defpoints
 62
0
440
16777216
100
AcDbPoint
 10
147.3953676713744
 20
55.84408788995023
 30
0.0
  0
ENDBLK
  5
44A8
330
44A6
100
AcDbEntity
  8
0
100
AcDbBlockEnd
  0
BLOCK
  5
44B4
330
44B3
100
AcDbEntity
  8
0
100
AcDbBlockBegin
  2
*D14
 70
1
 10
0.0
 20
0.0
 30
0.0
  3
*D14
  1

  0
LINE
  5
4832
330
44B3
100
AcDbEntity
  8
GATE
 62
0
370
-2
440
16777216
100
AcDbLine
 10
146.9953676713729
 20
55.90658788995023
 30
0.0
 11
146.9953676713729
 21
56.02408788995023
 31
0.0
  0
LINE
  5
4833
330
44B3
100
AcDbEntity
  8
GATE
 62
0
370
-2
440
16777216
100
AcDbLine
 10
142.500367671374
 20
55.90658788995023
 30
0.0
 11
142.500367671374
 21
56.02408788995023
 31
0.0
  0
LINE
  5
4834
330
44B3
100
AcDbEntity
  8
GATE
 62
1
370
-2
440
16777216
100
AcDbLine
 10
146.8153676713729
 20
55.84408788995023
 30
0.0
 11
145.2248117368577
 21
55.84408788995023
 31
0.0
  0
LINE
  5
4835
330
44B3
100
AcDbEntity
  8
GATE
 62
1
370
-2
440
16777216
100
AcDbLine
 10
142.680367671374
 20
55.84408788995023
 30
0.0
 11
144.2709236058891
 21
55.84408788995023
 31
0.0
  0
SOLID
  5
4836
330
44B3
100
AcDbEntity
  8
GATE
 62
1
440
16777216
100
AcDbTrace
 10
146.8153676713729
 20
55.87408788995023
 30
0.0
 11
146.8153676713729
 21
55.81408788995023
 31
0.0
 12
146.9953676713729
 22
55.84408788995023
 32
0.0
 13
146.9953676713729
 23
55.84408788995023
 33
0.0
  0
SOLID
  5
4837
330
44B3
100
AcDbEntity
  8
GATE
 62
1
440
16777216
100
AcDbTrace
 10
142.680367671374
 20
55.87408788995023
 30
0.0
 11
142.680367671374
 21
55.81408788995023
 31
0.0
 12
142.500367671374
 22
55.84408788995023
 32
0.0
 13
142.500367671374
 23
55.84408788995023
 33
0.0
  0
MTEXT
  5
4838
330
44B3
100
AcDbEntity
  8
GATE
 62
1
440
16777216
100
AcDbMText
 10
144.7478676713734
 20
55.84408788995023
 30
0.0
 40
0.18
 41
0.0
 46
0.0
 71
5
  1
\A1;4.4950
  0
POINT
  5
4839
330
44B3
100
AcDbEntity
  8
Defpoints
 62
0
440
16777216
100
AcDbPoint
 10
146.9953676713729
 20
55.84408788995023
 30
0.0
  0
POINT
  5
483A
330
44B3
100
AcDbEntity
  8
Defpoints
 62
0
440
16777216
100
AcDbPoint
 10
142.500367671374
 20
55.84408788995023
 30
0.0
  0
POINT
  5
483B
330
44B3
100
AcDbEntity
  8
Defpoints
 62
0
440
16777216
100
AcDbPoint
 10
142.500367671374
 20
55.84408788995023
 30
0.0
  0
ENDBLK
  5
44B5
330
44B3
100
AcDbEntity
  8
0
100
AcDbBlockEnd
  0
ENDSEC
  0
SECTION
  2
ENTITIES
  0
HATCH
  5
35B6
330
1F
100
AcDbEntity
  8
A-wall
 62
6
100
AcDbHatch
 10
0.0
 20
0.0
 30
0.0
210
0.0
220
0.0
230
1.0
  2
ANSI31
 70
0
 71
0
 91
21
 92
7
 72
0
 73
1
 93
4
 10
122.1453676713744
 20
56.24408788994987
 10
121.7453676713729
 20
56.24408788994987
 10
121.7453676713729
 20
55.84408788995023
 10
122.1453676713744
 20
55.84408788995023
 97
0
 92
7
 72
0
 73
1
 93
7
 10
127.1953676713736
 20
56.24408788994987
 10
126.7953676713741
 20
56.24408788994987
 10
126.7953676713741
 20
56.17800059577911
 10
126.7973214323127
 20
56.17800059578001
 10
126.7973214323618
 20
55.99408789035277
 10
126.7953676713722
 20
55.84408788995023
 10
127.1953676713736
 20
55.84408788995023
 97
0
 92
7
 72
0
 73
1
 93
4
 10
132.2453676713729
 20
56.24408788994987
 10
131.8453676713733
 20
56.24408788994987
 10
131.8453676713733
 20
55.84408788995023
 10
132.2453676713729
 20
55.84408788995023
 97
0
 92
7
 72
0
 73
1
 93
4
 10
137.2953676713722
 20
56.24408788994987
 10
136.8953676713744
 20
56.24408788994987
 10
136.8953676713744
 20
55.84408788995023
 10
137.2953676713741
 20
55.84408788995023
 97
0
 92
7
 72
0
 73
1
 93
5
 10
142.500367671374
 20
56.24408788994987
 10
142.1003676713725
 20
56.24408788994987
 10
142.1003676713725
 20
55.84408788995023
 10
142.500367671374
 20
55.84408788995023
 10
142.500367671374
 20
55.99408788995351
 97
0
 92
7
 72
0
 73
1
 93
4
 10
147.3953676713744
 20
56.24408788994987
 10
146.9953676713729
 20
56.24408788994987
 10
146.9953676713729
 20
55.84408788995023
 10
147.3953676713744
 20
55.84408788995023
 97
0
 92
7
 72
0
 73
1
 93
4
 10
152.250367671374
 20
56.24408788994987
 10
151.8503676713724
 20
56.24408788994987
 10
151.8503676713724
 20
55.84408788995023
 10
152.250367671374
 20
55.84408788995023
 97
0
 92
7
 72
0
 73
1
 93
4
 10
152.250367671374
 20
51.12908788995008
 10
151.8503676713724
 20
51.12908788995008
 10
151.8503676713724
 20
50.72908788995045
 10
152.250367671374
 20
50.72908788994863
 97
0
 92
7
 72
0
 73
1
 93
4
 10
147.3953676713744
 20
51.12908788995008
 10
146.9953676713729
 20
51.12908788995008
 10
146.9953676713729
 20
50.72908788995045
 10
147.3953676713744
 20
50.72908788994863
 97
0
 92
7
 72
0
 73
1
 93
4
 10
142.500367671374
 20
51.12908788995008
 10
142.1003676713725
 20
51.12908788995008
 10
142.1003676713725
 20
50.72908788995045
 10
142.500367671374
 20
50.72908788994863
 97
0
 92
7
 72
0
 73
1
 93
4
 10
136.9019457412258
 20
51.12908788995099
 10
136.5019457412262
 20
51.12908788995099
 10
136.5019457412262
 20
50.72908788995135
 10
136.9019457412258
 20
50.72908788995135
 97
0
 92
7
 72
0
 73
1
 93
4
 10
132.2453676713729
 20
51.12908788995008
 10
131.8453676713733
 20
51.12908788995008
 10
131.8453676713751
 20
50.72908788995045
 10
132.2453676713729
 20
50.72908788994863
 97
0
 92
7
 72
0
 73
1
 93
4
 10
136.9019457412258
 20
45.84408788995114
 10
136.5019457412262
 20
45.84408788995114
 10
136.5019457412262
 20
45.4440878899515
 10
136.9019457412258
 20
45.4440878899515
 97
0
 92
7
 72
0
 73
1
 93
4
 10
142.500367671374
 20
45.84408788995022
 10
142.1003676713725
 20
45.84408788995022
 10
142.1003676713725
 20
45.44408788995059
 10
142.500367671374
 20
45.44408788995059
 97
0
 92
7
 72
0
 73
1
 93
4
 10
147.3953676713744
 20
45.84408788995204
 10
146.9953676713729
 20
45.84408788995022
 10
146.9953676713729
 20
45.44408788995059
 10
147.3953676713744
 20
45.44408788995059
 97
0
 92
7
 72
0
 73
1
 93
4
 10
152.250367671374
 20
45.84408788995022
 10
151.8503676713724
 20
45.84408788995022
 10
151.8503676713724
 20
45.44408788994878
 10
152.250367671374
 20
45.44408788995059
 97
0
 92
7
 72
0
 73
1
 93
4
 10
152.250367671374
 20
40.6440878899495
 10
151.8503676713724
 20
40.6440878899495
 10
151.8503676713724
 20
40.24408788995168
 10
152.250367671374
 20
40.24408788994986
 97
0
 92
7
 72
0
 73
1
 93
4
 10
147.0303676713728
 20
40.6440878899495
 10
146.6303676713732
 20
40.6440878899495
 10
146.6303676713732
 20
40.24408788994986
 10
147.0303676713728
 20
40.24408788994986
 97
0
 92
7
 72
0
 73
1
 93
4
 10
142.500367671374
 20
40.6440878899495
 10
142.1003676713725
 20
40.6440878899495
 10
142.1003676713725
 20
40.24408788994986
 10
142.500367671374
 20
40.24408788994986
 97
0
 92
7
 72
0
 73
1
 93
4
 10
122.2203478539131
 20
51.12908788994826
 10
121.8203478539134
 20
51.12908788995008
 10
121.8203478539134
 20
50.72908788994863
 10
122.2203478539148
 20
50.72908788994863
 97
0
 92
7
 72
0
 73
1
 93
4
 10
127.195367671381
 20
51.12908788995008
 10
126.7953676713794
 20
51.12908788995008
 10
126.7953676713794
 20
50.72908788994863
 10
127.195367671381
 20
50.72908788995045
 97
0
 75
1
 76
1
 52
0.0
 41
1.0
 77
0
 78
1
 53
45.0
 43
12340.2413506087
 44
-5802.489760123953
 45
-0.0883883476483185
 46
0.0883883476483185
 79
0
 47
0.0526470586211341
 98
21
 10
121.8889501940402
 20
55.94229674969955
 10
126.9527642668808
 20
56.03494331354721
 10
132.0151296852972
 20
55.94621280748668
 10
137.1598127597944
 20
55.98574156179364
 10
142.2444192840602
 20
56.03705196004574
 10
147.2438108434407
 20
56.06275736504739
 10
152.0622058174312
 20
55.9754995644891
 10
152.0339144490835
 20
50.88378766950899
 10
147.2438960584085
 20
50.85165591326057
 10
142.2610362022068
 20
50.91588595518095
 10
136.6994815195329
 20
50.88378766950899
 10
132.0702637675831
 20
50.94798424084564
 10
136.8075340949989
 20
45.67375727627058
 10
142.3048366941483
 20
45.64852045938295
 10
147.0314551509627
 20
45.58710194613939
 10
152.0795044552914
 20
45.51092290736977
 10
152.1444382585295
 20
40.49147399337215
 10
146.8552306035971
 20
40.49147399337215
 10
142.3188119483938
 20
40.45084070995488
 10
122.053841151076
 20
50.91799460168676
 10
127.074366021753
 20
50.9565861797584
1001
GradientColor1ACI
1070
5
1001
GradientColor2ACI
1070
2
1001
ACAD
1010
0.0
1020
0.0
1030
0.0
  0
LINE
  5
3623
330
1F
100
AcDbEntity
  8
A-Furn
100
AcDbLine
 10
121.8203676713901
 20
50.72907000076447
 30
0.0
 11
122.2203478539148
 21
50.72907000076447
 31
0.0
  0
DIMENSION
  5
3625
330
1F
100
AcDbEntity
  8
GATE
100
AcDbDimension
280
0
  2
*D13
  3
Standard
 10
147.3953676713744
 20
55.84408788995023
 30
0.0
 11
149.6228676713734
 21
55.84408788995023
 31
0.0
 70
32
 71
5
 42
4.454999999998022
 73
0
 74
0
 75
0
100
AcDbAlignedDimension
 13
151.8503676713724
 23
55.84408788995023
 33
0.0
 14
147.3953676713744
 24
55.84408788995023
 34
0.0
 50
0.0
100
AcDbRotatedDimension
  0
DIMENSION
  5
3626
330
1F
100
AcDbEntity
  8
GATE
100
AcDbDimension
280
0
  2
*D14
  3
Standard
 10
142.500367671374
 20
55.84408788995023
 30
0.0
 11
144.7478676713734
 21
55.84408788995023
 31
0.0
 70
32
 71
5
 42
4.494999999998952
 73
0
 74
0
 75
0
100
AcDbAlignedDimension
 13
146.9953676713729
 23
55.84408788995023
 33
0.0
 14
142.500367671374
 24
55.84408788995023
 34
0.0
 50
0.0
100
AcDbRotatedDimension
  0
MTEXT
  5
365D
330
1F
100
AcDbEntity
  8
A-wall
 62
240
420
15540004
100
AcDbMText
 10
112.5135997138275
 20
44.16439861125615
 30
0.0
 40
0.5
 41
1.57597860804185
 46
0.0
 71
1
 72
5
  1
ELEV
101
Embedded Object
 70
1
 10
1.0
 20
0.0
 30
0.0
 11
112.5135997138275
 21
44.16439861125615
 31
0.0
 40
1.57597860804185
 41
0.0
 42
1.72544338335607
 43
0.5
 71
2
 72
1
 44
1.57597860804185
 45
1.0
 73
0
 74
0
 46
0.2
  0
MTEXT
  5
365F
330
1F
100
AcDbEntity
  8
A-wall
 62
240
420
15540004
100
AcDbMText
 10
138.9519215932634
 20
49.85828197451013
 30
0.0
 40
0.5
 41
1.57597860804185
 46
0.0
 71
1
 72
5
  1
PACKGING
101
Embedded Object
 70
1
 10
1.0
 20
0.0
 30
0.0
 11
138.9519215932634
 21
49.85828197451013
 31
0.0
 40
1.57597860804185
 41
0.0
 42
3.589699863574352
 43
0.5170532060027285
 71
2
 72
1
 44
1.57597860804185
 45
1.0
 73
0
 74
0
 46
0.2
  0
HATCH
  5
3660
330
1F
100
AcDbEntity
  8
A- Hatch
100
AcDbHatch
 10
0.0
 20
0.0
 30
0.0
210
0.0
220
0.0
230
1.0
  2
ANSI31
 70
0
 71
0
 91
1
 92
7
 72
0
 73
1
 93
12
 10
96.36197131614551
 20
46.82227903990366
 10
94.11197131614549
 20
46.82227903990366
 10
94.11197131614549
 20
44.92227903990403
 10
94.63697131614701
 20
44.92227903990403
 10
94.63697131614701
 20
45.1722790399022
 10
94.3619713161455
 20
45.1722790399022
 10
94.3619713161455
 20
46.57227903990366
 10
96.11197131614551
 20
46.57227903990366
 10
96.11197131614551
 20
45.17227903990584
 10
95.83697131614583
 20
45.17227903990402
 10
95.8369713161441
 20
44.92227903990584
 10
96.36197131614551
 20
44.92227903990584
 97
0
 75
0
 76
1
 52
-6.580640842887341
 41
0.5
 77
0
 78
1
 53
44.99999999999952
 43
157.0638559786561
 44
-60.92772096009632
 45
-0.0441941738241588
 46
0.0441941738241596
 79
0
 47
0.0097435030404763
 98
1
 10
96.25708079826599
 20
45.17163374867647
1001
ACAD
1010
0.0
1020
0.0
1030
0.0
  0
LINE
  5
3661
330
1F
100
AcDbEntity
  8
A-Col
100
AcDbLine
 10
94.63697131614701
 20
45.1722790399022
 30
0.0
 11
94.63697131614514
 21
44.92227903990403
 31
0.0
  0
LINE
  5
3662
330
1F
100
AcDbEntity
  8
A-Col
100
AcDbLine
 10
95.83697131614583
 20
45.17227903990584
 30
0.0
 11
95.8369713161441
 21
44.92227903990584
 31
0.0
  0
LINE
  5
3663
330
1F
100
AcDbEntity
  8
A-SYMB
100
AcDbLine
 10
96.92447129788285
 20
44.40574205238459
 30
0.0
 11
96.92447131615283
 21
47.3597790399022
 31
0.0
  0
LINE
  5
3664
330
1F
100
AcDbEntity
  8
A-SYMB
100
AcDbLine
 10
96.92447131615283
 20
47.3597790399022
 30
0.0
 11
93.54947131614922
 21
47.35978466188913
 31
0.0
  0
LINE
  5
3665
330
1F
100
AcDbEntity
  8
A-SYMB
100
AcDbLine
 10
93.54947131614922
 20
47.35978466188913
 30
0.0
 11
93.54947131614549
 21
44.42227903990221
 31
0.0
  0
INSERT
  5
3666
330
1F
100
AcDbEntity
  8
A-SYMB
100
AcDbBlockReference
  2
Bk-Stair_Dot
 10
96.92447129811207
 20
44.40574205235731
 30
0.0
 41
0.05000000006031
 42
0.05000000006031
 43
0.05000000006031
 50
314.9996393668223
  0
INSERT
  5
3667
330
1F
100
AcDbEntity
  8
A-SYMB
100
AcDbBlockReference
  2
Bk-Stair_Arrow
 10
93.54947131614549
 20
44.42227903990221
 30
0.0
 41
0.0843749998883524
 42
0.0843749998883524
 43
0.0843749998883524
 50
271.2107356260467
  0
LWPOLYLINE
  5
3668
330
1F
100
AcDbEntity
  8
A-SYMB
100
AcDbPolyline
 90
6
 70
0
 43
0.01
 10
95.54749939495684
 20
46.82227903990366
 10
95.27432044211984
 20
47.30350450603379
 10
95.37531298125162
 20
47.41647340607829
 10
95.09862965105218
 20
47.30309029571304
 10
95.18672764547169
 20
47.44951385968176
 10
94.91810784003557
 20
47.89727903990439
  0
INSERT
  5
3669
330
1F
100
AcDbEntity
  8
A-STRS-IDEN
100
AcDbBlockReference
 66
1
  2
Bk-Step_No
 10
96.071971316061
 20
47.75727903982311
 30
0.0
 41
0.103703703763758
 42
0.103703703763758
 43
0.103703703763758
 50
89.99999998400124
  0
ATTRIB
  5
366A
330
3669
100
AcDbEntity
  8
0
100
AcDbText
 10
96.1167983889647
 20
47.68946714820986
 30
0.0
 40
0.0933333333267415
  1
10
 50
89.99999999614468
  7
STEP-IDEN
 41
0.85
 72
1
 11
96.11679838896939
 21
47.75935603709382
 31
0.0
100
AcDbAttribute
  2
23
 70
0
 71
1
 72
0
 11
96.11679838896939
 21
47.75935603709382
 31
0.0
  0
SEQEND
  5
366B
330
1F
100
AcDbEntity
  8
A-STRS-IDEN
  0
INSERT
  5
366C
330
1F
100
AcDbEntity
  8
A-STRS-IDEN
100
AcDbBlockReference
 66
1
  2
Bk-Step_No
 10
95.77197131610534
 20
47.75727903982311
 30
0.0
 41
0.103703703763758
 42
0.103703703763758
 43
0.103703703763758
 50
89.99999998400124
  0
ATTRIB
  5
366D
330
366C
100
AcDbEntity
  8
0
100
AcDbText
 10
95.8167983890098
 20
47.69891159265365
 30
0.0
 40
0.0933333333267415
  1
11
 50
89.99999999614468
  7
STEP-IDEN
 41
0.85
 72
1
 11
95.81679838901385
 21
47.75935603709382
 31
0.0
100
AcDbAttribute
  2
23
 70
0
 71
1
 72
0
 11
95.81679838901385
 21
47.75935603709382
 31
0.0
  0
SEQEND
  5
366E
330
1F
100
AcDbEntity
  8
A-STRS-IDEN
  0
INSERT
  5
366F
330
1F
100
AcDbEntity
  8
A-STRS-IDEN
100
AcDbBlockReference
 66
1
  2
Bk-Step_No
 10
95.47197131610613
 20
47.75727903982129
 30
0.0
 41
0.103703703763758
 42
0.103703703763758
 43
0.103703703763758
 50
89.99999998400124
  0
ATTRIB
  5
3670
330
366F
100
AcDbEntity
  8
0
100
AcDbText
 10
95.51679838900799
 20
47.68946714820986
 30
0.0
 40
0.0933333333267415
  1
12
 50
89.99999999614468
  7
STEP-IDEN
 41
0.85
 72
1
 11
95.5167983890127
 21
47.75935603709382
 31
0.0
100
AcDbAttribute
  2
23
 70
0
 71
1
 72
0
 11
95.5167983890127
 21
47.75935603709382
 31
0.0
  0
SEQEND
  5
3671
330
1F
100
AcDbEntity
  8
A-STRS-IDEN
  0
INSERT
  5
3672
330
1F
100
AcDbEntity
  8
A-STRS-IDEN
100
AcDbBlockReference
 66
1
  2
Bk-Step_No
 10
95.17197131610683
 20
47.75727903982129
 30
0.0
 41
0.103703703763758
 42
0.103703703763758
 43
0.103703703763758
 50
89.99999998400124
  0
ATTRIB
  5
3673
330
3672
100
AcDbEntity
  8
0
100
AcDbText
 10
95.2167983890088
 20
47.68946714820986
 30
0.0
 40
0.0933333333267415
  1
13
 50
89.99999999614468
  7
STEP-IDEN
 41
0.85
 72
1
 11
95.2167983890135
 21
47.75935603709382
 31
0.0
100
AcDbAttribute
  2
23
 70
0
 71
1
 72
0
 11
95.2167983890135
 21
47.75935603709382
 31
0.0
  0
SEQEND
  5
3674
330
1F
100
AcDbEntity
  8
A-STRS-IDEN
  0
HATCH
  5
3675
330
1F
100
AcDbEntity
  8
A- Hatch
100
AcDbHatch
 10
0.0
 20
0.0
 30
0.0
210
0.0
220
0.0
230
1.0
  2
ANSI31
 70
0
 71
0
 91
1
 92
7
 72
0
 73
1
 93
12
 10
96.36197131614551
 20
46.82227903990366
 10
94.11197131614549
 20
46.82227903990366
 10
94.11197131614549
 20
44.92227903990403
 10
94.63697131614701
 20
44.92227903990403
 10
94.63697131614701
 20
45.1722790399022
 10
94.3619713161455
 20
45.1722790399022
 10
94.3619713161455
 20
46.57227903990366
 10
96.11197131614551
 20
46.57227903990366
 10
96.11197131614551
 20
45.17227903990584
 10
95.83697131614583
 20
45.17227903990402
 10
95.8369713161441
 20
44.92227903990584
 10
96.36197131614551
 20
44.92227903990584
 97
0
 75
0
 76
1
 52
-6.580640842887341
 41
0.5
 77
0
 78
1
 53
44.99999999999952
 43
157.0638559786561
 44
-60.92772096009632
 45
-0.0441941738241588
 46
0.0441941738241596
 79
0
 47
0.0097435030404763
 98
1
 10
96.25708079826599
 20
45.17163374867647
1001
ACAD
1010
0.0
1020
0.0
1030
0.0
  0
LINE
  5
3676
330
1F
100
AcDbEntity
  8
A-Col
100
AcDbLine
 10
94.63697131614701
 20
45.1722790399022
 30
0.0
 11
94.63697131614514
 21
44.92227903990403
 31
0.0
  0
LINE
  5
3677
330
1F
100
AcDbEntity
  8
A-Col
100
AcDbLine
 10
95.83697131614583
 20
45.17227903990584
 30
0.0
 11
95.8369713161441
 21
44.92227903990584
 31
0.0
  0
LINE
  5
3678
330
1F
100
AcDbEntity
  8
A-SYMB
100
AcDbLine
 10
96.92447129788285
 20
44.40574205238459
 30
0.0
 11
96.92447131615283
 21
47.3597790399022
 31
0.0
  0
LINE
  5
3679
330
1F
100
AcDbEntity
  8
A-SYMB
100
AcDbLine
 10
96.92447131615283
 20
47.3597790399022
 30
0.0
 11
93.54947131614922
 21
47.35978466188913
 31
0.0
  0
LINE
  5
367A
330
1F
100
AcDbEntity
  8
A-SYMB
100
AcDbLine
 10
93.54947131614922
 20
47.35978466188913
 30
0.0
 11
93.54947131614549
 21
44.42227903990221
 31
0.0
  0
INSERT
  5
367B
330
1F
100
AcDbEntity
  8
A-SYMB
100
AcDbBlockReference
  2
Bk-Stair_Dot
 10
96.92447129811207
 20
44.40574205235731
 30
0.0
 41
0.05000000006031
 42
0.05000000006031
 43
0.05000000006031
 50
314.9996393668223
  0
INSERT
  5
367C
330
1F
100
AcDbEntity
  8
A-SYMB
100
AcDbBlockReference
  2
Bk-Stair_Arrow
 10
93.54947131614549
 20
44.42227903990221
 30
0.0
 41
0.0843749998883524
 42
0.0843749998883524
 43
0.0843749998883524
 50
271.2107356260467
  0
LWPOLYLINE
  5
367D
330
1F
100
AcDbEntity
  8
A-SYMB
100
AcDbPolyline
 90
6
 70
0
 43
0.01
 10
95.54749939495684
 20
46.82227903990366
 10
95.27432044211984
 20
47.30350450603379
 10
95.37531298125162
 20
47.41647340607829
 10
95.09862965105218
 20
47.30309029571304
 10
95.18672764547169
 20
47.44951385968176
 10
94.91810784003557
 20
47.89727903990439
  0
INSERT
  5
367E
330
1F
100
AcDbEntity
  8
A-STRS-IDEN
100
AcDbBlockReference
 66
1
  2
Bk-Step_No
 10
96.071971316061
 20
47.75727903982311
 30
0.0
 41
0.103703703763758
 42
0.103703703763758
 43
0.103703703763758
 50
89.99999998400124
  0
ATTRIB
  5
367F
330
367E
100
AcDbEntity
  8
0
100
AcDbText
 10
96.1167983889647
 20
47.68946714820986
 30
0.0
 40
0.0933333333267415
  1
10
 50
89.99999999614468
  7
STEP-IDEN
 41
0.85
 72
1
 11
96.11679838896939
 21
47.75935603709382
 31
0.0
100
AcDbAttribute
  2
23
 70
0
 71
1
 72
0
 11
96.11679838896939
 21
47.75935603709382
 31
0.0
  0
SEQEND
  5
3680
330
1F
100
AcDbEntity
  8
A-STRS-IDEN
  0
INSERT
  5
3681
330
1F
100
AcDbEntity
  8
A-STRS-IDEN
100
AcDbBlockReference
 66
1
  2
Bk-Step_No
 10
95.77197131610534
 20
47.75727903982311
 30
0.0
 41
0.103703703763758
 42
0.103703703763758
 43
0.103703703763758
 50
89.99999998400124
  0
ATTRIB
  5
3682
330
3681
100
AcDbEntity
  8
0
100
AcDbText
 10
95.8167983890098
 20
47.69891159265365
 30
0.0
 40
0.0933333333267415
  1
11
 50
89.99999999614468
  7
STEP-IDEN
 41
0.85
 72
1
 11
95.81679838901385
 21
47.75935603709382
 31
0.0
100
AcDbAttribute
  2
23
 70
0
 71
1
 72
0
 11
95.81679838901385
 21
47.75935603709382
 31
0.0
  0
SEQEND
  5
3683
330
1F
100
AcDbEntity
  8
A-STRS-IDEN
  0
INSERT
  5
3684
330
1F
100
AcDbEntity
  8
A-STRS-IDEN
100
AcDbBlockReference
 66
1
  2
Bk-Step_No
 10
95.47197131610613
 20
47.75727903982129
 30
0.0
 41
0.103703703763758
 42
0.103703703763758
 43
0.103703703763758
 50
89.99999998400124
  0
ATTRIB
  5
3685
330
3684
100
AcDbEntity
  8
0
100
AcDbText
 10
95.51679838900799
 20
47.68946714820986
 30
0.0
 40
0.0933333333267415
  1
12
 50
89.99999999614468
  7
STEP-IDEN
 41
0.85
 72
1
 11
95.5167983890127
 21
47.75935603709382
 31
0.0
100
AcDbAttribute
  2
23
 70
0
 71
1
 72
0
 11
95.5167983890127
 21
47.75935603709382
 31
0.0
  0
SEQEND
  5
3686
330
1F
100
AcDbEntity
  8
A-STRS-IDEN
  0
INSERT
  5
3687
330
1F
100
AcDbEntity
  8
A-STRS-IDEN
100
AcDbBlockReference
 66
1
  2
Bk-Step_No
 10
95.17197131610683
 20
47.75727903982129
 30
0.0
 41
0.103703703763758
 42
0.103703703763758
 43
0.103703703763758
 50
89.99999998400124
  0
ATTRIB
  5
3688
330
3687
100
AcDbEntity
  8
0
100
AcDbText
 10
95.2167983890088
 20
47.68946714820986
 30
0.0
 40
0.0933333333267415
  1
13
 50
89.99999999614468
  7
STEP-IDEN
 41
0.85
 72
1
 11
95.2167983890135
 21
47.75935603709382
 31
0.0
100
AcDbAttribute
  2
23
 70
0
 71
1
 72
0
 11
95.2167983890135
 21
47.75935603709382
 31
0.0
  0
SEQEND
  5
3689
330
1F
100
AcDbEntity
  8
A-STRS-IDEN
  0
MTEXT
  5
368A
330
1F
100
AcDbEntity
  8
A-wall
 62
240
420
15540004
100
AcDbMText
 10
152.7768970310569
 20
44.09950309393087
 30
0.0
 40
0.5
 41
1.57597860804185
 46
0.0
 71
1
 72
5
  1
ELEV
101
Embedded Object
 70
1
 10
1.0
 20
0.0
 30
0.0
 11
152.7768970310569
 21
44.09950309393087
 31
0.0
 40
1.57597860804185
 41
0.0
 42
1.72544338335607
 43
0.5
 71
2
 72
1
 44
1.57597860804185
 45
1.0
 73
0
 74
0
 46
0.2
  0
CIRCLE
  5
368B
330
1F
100
AcDbEntity
  8
A- Axis no.
100
AcDbCircle
 10
159.1384974128658
 20
55.99049945060432
 30
0.0
 40
0.3125
  0
TEXT
  5
368C
330
1F
100
AcDbEntity
  8
A- Axis no.
100
AcDbText
 10
159.0420044327065
 20
55.81675764332539
 30
0.0
 40
0.3
  1
B
100
AcDbText
  0
CIRCLE
  5
368D
330
1F
100
AcDbEntity
  8
A- Axis no.
100
AcDbCircle
 10
159.1384974128658
 20
50.80049945060562
 30
0.0
 40
0.3125
  0
TEXT
  5
368E
330
1F
100
AcDbEntity
  8
A- Axis no.
100
AcDbText
 10
159.0106266558586
 20
50.64227223171037
 30
0.0
 40
0.3
  1
C
100
AcDbText
  0
CIRCLE
  5
368F
330
1F
100
AcDbEntity
  8
A- Axis no.
100
AcDbCircle
 10
159.1384974128658
 20
45.51549945060577
 30
0.0
 40
0.3125
  0
TEXT
  5
3690
330
1F
100
AcDbEntity
  8
A- Axis no.
100
AcDbText
 10
159.0572888428822
 20
45.35155525610497
 30
0.0
 40
0.3
  1
D
100
AcDbText
  0
LINE
  5
3691
330
1F
100
AcDbEntity
  8
manhole
100
AcDbLine
 10
156.6638269873446
 20
40.32286277566089
 30
0.0
 11
156.6986762991609
 21
40.89553678892224
 31
0.0
  0
LINE
  5
3692
330
1F
100
AcDbEntity
  8
manhole
100
AcDbLine
 10
156.6986762991609
 20
40.89553678892224
 30
0.0
 11
157.2726837098297
 21
40.87261316582334
 31
0.0
  0
LINE
  5
3693
330
1F
100
AcDbEntity
  8
manhole
100
AcDbLine
 10
157.2378343980153
 20
40.29993915256016
 30
0.0
 11
157.2726837098297
 21
40.87261316582334
 31
0.0
  0
LWPOLYLINE
  5
3694
330
1F
100
AcDbEntity
  8
Side Walk
100
AcDbPolyline
 90
3
 70
0
 10
159.1687817172032
 20
54.63615770734503
 10
155.5563790496224
 20
55.96780141616836
 10
152.0503676713733
 20
56.24408788994987
  0
LINE
  5
3695
330
1F
100
AcDbEntity
  8
manhole
100
AcDbLine
 10
159.7687690611045
 20
55.29557274141478
 30
0.0
 11
159.7875553606745
 21
54.83362461126597
 31
0.0
  0
LINE
  5
3696
330
1F
100
AcDbEntity
  8
manhole
100
AcDbLine
 10
159.7875553606745
 20
54.83362461126597
 30
0.0
 11
160.478165345018
 21
54.79162640263274
 31
0.0
  0
LINE
  5
3697
330
1F
100
AcDbEntity
  8
manhole
100
AcDbLine
 10
159.7687690611045
 20
55.29557274141478
 30
0.0
 11
160.4593790454445
 21
55.25357453278155
 31
0.0
  0
LINE
  5
3698
330
1F
100
AcDbEntity
  8
manhole
100
AcDbLine
 10
160.4593790454445
 20
55.25357453278155
 30
0.0
 11
160.478165345018
 21
54.79162640263274
 31
0.0
  0
INSERT
  5
3699
330
1F
100
AcDbEntity
  8
mango
  6
Continuous
100
AcDbBlockReference
  2
TREE
 10
158.5346889232779
 20
42.16833932525116
 30
0.0497354150186509
 41
0.0189856873786291
 42
0.0189856873786291
 43
0.0189856873786291
 50
354.6628134119155
210
-1.8437170359e-06
220
-1.70433934788e-05
230
0.9999999998530616
  0
INSERT
  5
369A
330
1F
100
AcDbEntity
  8
mango
  6
Continuous
100
AcDbBlockReference
  2
TREE
 10
156.9460749208581
 20
41.77144376129392
 30
0.0497451084206192
 41
0.0189856873786291
 42
0.0189856873786291
 43
0.0189856873786291
 50
354.6628134119155
210
-1.8437170359e-06
220
-1.70433934788e-05
230
0.9999999998530616
  0
INSERT
  5
369B
330
1F
100
AcDbEntity
  8
mango
  6
Continuous
100
AcDbBlockReference
  2
TREE
 10
162.0484767024964
 20
44.50617219070035
 30
0.0496890919828404
 41
0.0189856873786291
 42
0.0189856873786291
 43
0.0189856873786291
 50
354.6628134119155
210
-1.8437170359e-06
220
-1.70433934788e-05
230
0.9999999998530616
  0
CIRCLE
  5
369C
330
1F
100
AcDbEntity
  8
A- Axis no.
100
AcDbCircle
 10
159.1384974128658
 20
55.99049945060432
 30
0.0
 40
0.3125
  0
TEXT
  5
369D
330
1F
100
AcDbEntity
  8
A- Axis no.
100
AcDbText
 10
159.0420044327065
 20
55.81675764332539
 30
0.0
 40
0.3
  1
B
100
AcDbText
  0
CIRCLE
  5
369E
330
1F
100
AcDbEntity
  8
A- Axis no.
100
AcDbCircle
 10
159.1384974128658
 20
50.80049945060562
 30
0.0
 40
0.3125
  0
TEXT
  5
369F
330
1F
100
AcDbEntity
  8
A- Axis no.
100
AcDbText
 10
159.0106266558586
 20
50.64227223171037
 30
0.0
 40
0.3
  1
C
100
AcDbText
  0
CIRCLE
  5
36A0
330
1F
100
AcDbEntity
  8
A- Axis no.
100
AcDbCircle
 10
159.1384974128658
 20
45.51549945060577
 30
0.0
 40
0.3125
  0
TEXT
  5
36A1
330
1F
100
AcDbEntity
  8
A- Axis no.
100
AcDbText
 10
159.0572888428822
 20
45.35155525610497
 30
0.0
 40
0.3
  1
D
100
AcDbText
  0
LINE
  5
36A2
330
1F
100
AcDbEntity
  8
manhole
100
AcDbLine
 10
156.6638269873446
 20
40.32286277566089
 30
0.0
 11
156.6986762991609
 21
40.89553678892224
 31
0.0
  0
LINE
  5
36A3
330
1F
100
AcDbEntity
  8
manhole
100
AcDbLine
 10
156.6986762991609
 20
40.89553678892224
 30
0.0
 11
157.2726837098297
 21
40.87261316582334
 31
0.0
  0
LINE
  5
36A4
330
1F
100
AcDbEntity
  8
manhole
100
AcDbLine
 10
157.2378343980153
 20
40.29993915256016
 30
0.0
 11
157.2726837098297
 21
40.87261316582334
 31
0.0
  0
LWPOLYLINE
  5
36A5
330
1F
100
AcDbEntity
  8
Side Walk
100
AcDbPolyline
 90
3
 70
0
 10
159.1687817172032
 20
54.63615770734503
 10
155.5563790496224
 20
55.96780141616836
 10
152.0503676713733
 20
56.24408788994987
  0
LINE
  5
36A6
330
1F
100
AcDbEntity
  8
manhole
100
AcDbLine
 10
159.7687690611045
 20
55.29557274141478
 30
0.0
 11
159.7875553606745
 21
54.83362461126597
 31
0.0
  0
LINE
  5
36A7
330
1F
100
AcDbEntity
  8
manhole
100
AcDbLine
 10
159.7875553606745
 20
54.83362461126597
 30
0.0
 11
160.478165345018
 21
54.79162640263274
 31
0.0
  0
LINE
  5
36A8
330
1F
100
AcDbEntity
  8
manhole
100
AcDbLine
 10
159.7687690611045
 20
55.29557274141478
 30
0.0
 11
160.4593790454445
 21
55.25357453278155
 31
0.0
  0
LINE
  5
36A9
330
1F
100
AcDbEntity
  8
manhole
100
AcDbLine
 10
160.4593790454445
 20
55.25357453278155
 30
0.0
 11
160.478165345018
 21
54.79162640263274
 31
0.0
  0
INSERT
  5
36AA
330
1F
100
AcDbEntity
  8
mango
  6
Continuous
100
AcDbBlockReference
  2
TREE
 10
158.5346889232779
 20
42.16833932525116
 30
0.0497354150186509
 41
0.0189856873786291
 42
0.0189856873786291
 43
0.0189856873786291
 50
354.6628134119155
210
-1.8437170359e-06
220
-1.70433934788e-05
230
0.9999999998530616
  0
INSERT
  5
36AB
330
1F
100
AcDbEntity
  8
mango
  6
Continuous
100
AcDbBlockReference
  2
TREE
 10
156.9460749208581
 20
41.77144376129392
 30
0.0497451084206192
 41
0.0189856873786291
 42
0.0189856873786291
 43
0.0189856873786291
 50
354.6628134119155
210
-1.8437170359e-06
220
-1.70433934788e-05
230
0.9999999998530616
  0
INSERT
  5
36AC
330
1F
100
AcDbEntity
  8
mango
  6
Continuous
100
AcDbBlockReference
  2
TREE
 10
162.0484767024964
 20
44.50617219070035
 30
0.0496890919828404
 41
0.0189856873786291
 42
0.0189856873786291
 43
0.0189856873786291
 50
354.6628134119155
210
-1.8437170359e-06
220
-1.70433934788e-05
230
0.9999999998530616
  0
INSERT
  5
36AD
330
1F
100
AcDbEntity
  8
mango
  6
Continuous
100
AcDbBlockReference
  2
TREE
 10
103.867204464847
 20
42.1170969445787
 30
-0.000858573590193
 41
1.89856873786e-05
 42
1.89856873786e-05
 43
1.89856873786e-05
 50
354.6628134119155
210
-1.8437170359e-06
220
-1.70433934788e-05
230
0.9999999998530616
  0
INSERT
  5
36AE
330
1F
100
AcDbEntity
  8
mango
  6
Continuous
100
AcDbBlockReference
  2
TREE
 10
103.867204464847
 20
42.1170969445787
 30
-0.000858573590193
 41
1.89856873786e-05
 42
1.89856873786e-05
 43
1.89856873786e-05
 50
354.6628134119155
210
-1.8437170359e-06
220
-1.70433934788e-05
230
0.9999999998530616
  0
LWPOLYLINE
  5
36B1
330
1F
100
AcDbEntity
  8
saap..joint
100
AcDbPolyline
 90
4
 70
1
 10
103.8115361223616
 20
42.16107777041442
 10
103.8031279747512
 20
42.16107777041442
 10
103.8031279747512
 20
42.14533066318753
 10
103.8115361223616
 20
42.14533066318753
  0
LWPOLYLINE
  5
36B2
330
1F
100
AcDbEntity
  8
saap..joint
100
AcDbPolyline
 90
4
 70
1
 10
103.8114582508087
 20
42.16101203348187
 10
103.8032632423896
 20
42.16101203348187
 10
103.8032632423896
 20
42.14550866642962
 10
103.8114582508087
 20
42.14550866642962
  0
POINT
  5
36B5
330
1F
100
AcDbEntity
  8
saap..joint
100
AcDbPoint
 10
103.1304246897377
 20
42.11765350575941
 30
0.0
  0
LINE
  5
42BD
330
1F
100
AcDbEntity
  8
A-wall
100
AcDbLine
 10
152.250367671374
 20
40.24408788994986
 30
0.0
 11
152.250367671374
 21
43.04408788994911
 31
0.0
  0
LINE
  5
42BE
330
1F
100
AcDbEntity
  8
A-wall
100
AcDbLine
 10
152.250367671374
 20
43.82677848470811
 30
0.0
 11
152.250367671374
 21
43.83234872362847
 31
0.0
  0
LINE
  5
42BF
330
1F
100
AcDbEntity
  8
A-wall
100
AcDbLine
 10
152.2503676713738
 20
44.61503931838748
 30
0.0
 11
152.250367671374
 21
48.85767972668435
 31
0.0
  0
LINE
  5
42C0
330
1F
100
AcDbEntity
  8
A-wall
100
AcDbLine
 10
152.250367671374
 20
50.43408788994856
 30
0.0
 11
152.250367671374
 21
56.24408788994987
 31
0.0
  0
LINE
  5
42C1
330
1F
100
AcDbEntity
  8
A-wall
100
AcDbLine
 10
152.000367671374
 20
40.6440878899495
 30
0.0
 11
152.000367671374
 21
43.00424013710662
 31
0.0
  0
LINE
  5
42C2
330
1F
100
AcDbEntity
  8
A-wall
100
AcDbLine
 10
152.000367671374
 20
43.7529333102403
 30
0.0
 11
152.0003676713739
 21
43.90619389809631
 31
0.0
  0
LINE
  5
42C3
330
1F
100
AcDbEntity
  8
A-wall
100
AcDbLine
 10
152.0003676713739
 20
44.65488707123
 30
0.0
 11
152.000367671374
 21
45.44408788994878
 31
0.0
  0
LINE
  5
42C4
330
1F
100
AcDbEntity
  8
A-wall
100
AcDbLine
 10
152.000367671374
 20
45.84408788995022
 30
0.0
 11
152.000367671374
 21
48.85767972668435
 31
0.0
  0
LINE
  5
42C5
330
1F
100
AcDbEntity
  8
A-wall
100
AcDbLine
 10
152.000367671374
 20
48.85767972668435
 30
0.0
 11
152.000367671374
 21
50.72908788995045
 31
0.0
  0
LINE
  5
42C6
330
1F
100
AcDbEntity
  8
A-wall
100
AcDbLine
 10
152.000367671374
 20
51.12908788995008
 30
0.0
 11
152.000367671374
 21
55.84408788995023
 31
0.0
  0
LINE
  5
42C7
330
1F
100
AcDbEntity
  8
A-wall
100
AcDbLine
 10
112.5703676713774
 20
55.99408788994987
 30
0.0
 11
116.7203676713733
 21
55.99408788994987
 31
0.0
  0
LINE
  5
42C8
330
1F
100
AcDbEntity
  8
A-wall
100
AcDbLine
 10
117.1203676713729
 20
55.99408788994987
 30
0.0
 11
121.7453676713729
 21
55.99408788994987
 31
0.0
  0
LINE
  5
42C9
330
1F
100
AcDbEntity
  8
A-wall
100
AcDbLine
 10
127.1953676713736
 20
55.99408788994987
 30
0.0
 11
131.8453676713733
 21
55.99408788994987
 31
0.0
  0
LINE
  5
42CA
330
1F
100
AcDbEntity
  8
A-wall
100
AcDbLine
 10
137.2953676713741
 20
55.99408788994987
 30
0.0
 11
142.1003676713725
 21
55.99408788994987
 31
0.0
  0
LINE
  5
42CB
330
1F
100
AcDbEntity
  8
A-wall
100
AcDbLine
 10
111.3503676713724
 20
40.24408788994986
 30
0.0
 11
115.7803676713728
 21
40.24408788994986
 31
0.0
  0
LINE
  5
42CC
330
1F
100
AcDbEntity
  8
A-wall
100
AcDbLine
 10
136.9019457412241
 20
40.24408788994986
 30
0.0
 11
142.1003676713725
 21
40.24408788994986
 31
0.0
  0
LINE
  5
42CD
330
1F
100
AcDbEntity
  8
A-wall
100
AcDbLine
 10
142.1303676713732
 20
40.24408788994986
 30
0.0
 11
147.0303676713728
 21
40.24408788994986
 31
0.0
  0
LINE
  5
42CE
330
1F
100
AcDbEntity
  8
A-wall
100
AcDbLine
 10
151.8803676713732
 20
40.24408788994986
 30
0.0
 11
152.250367671374
 21
40.24408788994986
 31
0.0
  0
LINE
  5
42CF
330
1F
100
AcDbEntity
  8
A-wall
100
AcDbLine
 10
111.750367671374
 20
40.49408788994987
 30
0.0
 11
115.7803676713728
 21
40.49408788994987
 31
0.0
  0
LINE
  5
42D0
330
1F
100
AcDbEntity
  8
A-wall
100
AcDbLine
 10
119.4328676713729
 20
40.49408788994987
 30
0.0
 11
121.7453676713729
 21
40.49408788994987
 31
0.0
  0
LINE
  5
42D1
330
1F
100
AcDbEntity
  8
A-wall
100
AcDbLine
 10
122.1453676713744
 20
40.49408788994987
 30
0.0
 11
126.7953676713722
 21
40.49408788994987
 31
0.0
  0
LINE
  5
42D2
330
1F
100
AcDbEntity
  8
A-wall
100
AcDbLine
 10
127.1953676713736
 20
40.49408788994987
 30
0.0
 11
131.8453676713733
 21
40.49408788994987
 31
0.0
  0
LINE
  5
42D3
330
1F
100
AcDbEntity
  8
A-wall
100
AcDbLine
 10
132.2453676713729
 20
40.49408788994987
 30
0.0
 11
136.5019457412262
 21
40.49408788994987
 31
0.0
  0
LINE
  5
42D4
330
1F
100
AcDbEntity
  8
A-wall
100
AcDbLine
 10
136.9019457412241
 20
40.49408788994987
 30
0.0
 11
142.1003676713725
 21
40.49408788994987
 31
0.0
  0
LINE
  5
42D5
330
1F
100
AcDbEntity
  8
A-wall
100
AcDbLine
 10
142.500367671374
 20
40.49408788994987
 30
0.0
 11
146.630367671375
 21
40.49408788994987
 31
0.0
  0
LINE
  5
42D6
330
1F
100
AcDbEntity
  8
A-wall
100
AcDbLine
 10
151.8803676713732
 20
40.24408788994986
 30
0.0
 11
152.000367671374
 21
40.24408788994986
 31
0.0
  0
LINE
  5
42D7
330
1F
100
AcDbEntity
  8
A-wall
100
AcDbLine
 10
147.0303676713728
 20
40.24408788994986
 30
0.0
 11
147.0303676713728
 21
40.49408788994987
 31
0.0
  0
LINE
  5
42D8
330
1F
100
AcDbEntity
  8
A-wall
100
AcDbLine
 10
136.9019457412241
 20
40.49408788994987
 30
0.0
 11
136.9019457412241
 21
40.49408788994987
 31
0.0
  0
LINE
  5
42D9
330
1F
100
AcDbEntity
  8
A-wall
100
AcDbLine
 10
136.9019457412241
 20
40.24408788994986
 30
0.0
 11
136.9019457412241
 21
40.49408788994987
 31
0.0
  0
LWPOLYLINE
  5
42DA
330
1F
100
AcDbEntity
  8
A-Col
100
AcDbPolyline
 90
4
 70
1
 10
131.8453676713751
 20
50.72908788995045
 10
132.2453676713729
 20
50.72908788994863
 10
132.2453676713729
 20
51.12908788995008
 10
131.8453676713733
 20
51.12908788995008
  0
LWPOLYLINE
  5
42DB
330
1F
100
AcDbEntity
  8
A-Col
100
AcDbPolyline
 90
4
 70
1
 10
126.7953676713722
 20
50.72908788994863
 10
127.1953676713736
 20
50.72908788995045
 10
127.1953676713736
 20
51.12908788995008
 10
126.7953676713741
 20
51.12908788995008
  0
LWPOLYLINE
  5
42DC
330
1F
100
AcDbEntity
  8
A-Col
100
AcDbPolyline
 90
4
 70
1
 10
126.7953676713722
 20
45.44408788994878
 10
127.1953676713736
 20
45.44408788994878
 10
127.1953676713736
 20
45.84408788995022
 10
126.7953676713722
 20
45.84408788995022
  0
LWPOLYLINE
  5
42DD
330
1F
100
AcDbEntity
  8
A-Col
100
AcDbPolyline
 90
4
 70
1
 10
131.8453676713733
 20
45.44408788995059
 10
132.2453676713729
 20
45.44408788994878
 10
132.2453676713729
 20
45.84408788995022
 10
131.8453676713733
 20
45.84408788995022
  0
LWPOLYLINE
  5
42DE
330
1F
100
AcDbEntity
  8
A-Col
100
AcDbPolyline
 90
4
 70
1
 10
121.7453676713729
 20
45.44408788994878
 10
122.1453676713744
 20
45.44408788995059
 10
122.1453676713744
 20
45.84408788995022
 10
121.7453676713729
 20
45.84408788995022
  0
LWPOLYLINE
  5
42DF
330
1F
100
AcDbEntity
  8
A-Col
100
AcDbPolyline
 90
4
 70
1
 10
121.7453676713729
 20
40.24408788994986
 10
122.1453676713744
 20
40.24408788994986
 10
122.1453676713744
 20
40.6440878899495
 10
121.7453676713729
 20
40.6440878899495
  0
LWPOLYLINE
  5
42E0
330
1F
100
AcDbEntity
  8
A-Col
100
AcDbPolyline
 90
4
 70
1
 10
126.7953676713722
 20
40.24408788994986
 10
127.1953676713736
 20
40.24408788994986
 10
127.1953676713736
 20
40.6440878899495
 10
126.7953676713722
 20
40.6440878899495
  0
LWPOLYLINE
  5
42E1
330
1F
100
AcDbEntity
  8
A-Col
100
AcDbPolyline
 90
4
 70
1
 10
131.8453676713733
 20
40.24408788994986
 10
132.2453676713729
 20
40.24408788994986
 10
132.2453676713729
 20
40.6440878899495
 10
131.8453676713733
 20
40.6440878899495
  0
LWPOLYLINE
  5
42E2
330
1F
100
AcDbEntity
  8
A-Col
100
AcDbPolyline
 90
4
 70
1
 10
136.5019457412262
 20
40.24408788994986
 10
136.9019457412241
 20
40.24408788994986
 10
136.9019457412241
 20
40.6440878899495
 10
136.5019457412262
 20
40.6440878899495
  0
LWPOLYLINE
  5
42E3
330
1F
100
AcDbEntity
  8
A-Col
100
AcDbPolyline
 90
4
 70
1
 10
121.7453676713729
 20
55.84408788995023
 10
122.1453676713744
 20
55.84408788995023
 10
122.1453676713744
 20
56.24408788994987
 10
121.7453676713729
 20
56.24408788994987
  0
LWPOLYLINE
  5
42E4
330
1F
100
AcDbEntity
  8
A-Col
100
AcDbPolyline
 90
4
 70
1
 10
126.7953676713722
 20
55.84408788995023
 10
127.1953676713736
 20
55.84408788995023
 10
127.1953676713736
 20
56.24408788994987
 10
126.7953676713741
 20
56.24408788994987
  0
LWPOLYLINE
  5
42E5
330
1F
100
AcDbEntity
  8
A-Col
100
AcDbPolyline
 90
4
 70
1
 10
131.8453676713733
 20
55.84408788995023
 10
132.2453676713729
 20
55.84408788995023
 10
132.2453676713729
 20
56.24408788994987
 10
131.8453676713733
 20
56.24408788994987
  0
LWPOLYLINE
  5
42E6
330
1F
100
AcDbEntity
  8
A-Col
100
AcDbPolyline
 90
4
 70
1
 10
116.7203676713733
 20
45.44408788994878
 10
117.1203676713729
 20
45.44408788994878
 10
117.1203676713729
 20
45.84408788995022
 10
116.7203676713733
 20
45.84408788995022
  0
LWPOLYLINE
  5
42E7
330
1F
100
AcDbEntity
  8
A-Col
100
AcDbPolyline
 90
4
 70
1
 10
111.3503676713724
 20
45.44408788995059
 10
111.750367671374
 20
45.44408788994878
 10
111.750367671374
 20
45.84408788995022
 10
111.3503676713724
 20
45.84408788995022
  0
LWPOLYLINE
  5
42E8
330
1F
100
AcDbEntity
  8
A-Col
100
AcDbPolyline
 90
4
 70
1
 10
111.3503676713724
 20
55.84408788995023
 10
111.750367671374
 20
55.84408788995023
 10
111.750367671374
 20
56.24408788994987
 10
111.3503676713743
 20
56.24408788994987
  0
LWPOLYLINE
  5
42E9
330
1F
100
AcDbEntity
  8
A-Col
100
AcDbPolyline
 90
4
 70
1
 10
111.3503676713724
 20
50.72908788995045
 10
111.750367671374
 20
50.72908788995045
 10
111.750367671374
 20
51.12908788994826
 10
111.3503676713724
 20
51.12908788995008
  0
LWPOLYLINE
  5
42EA
330
1F
100
AcDbEntity
  8
A-Col
100
AcDbPolyline
 90
4
 70
1
 10
116.7203676713733
 20
55.84408788995023
 10
117.1203676713729
 20
55.84408788995023
 10
117.1203676713729
 20
56.24408788994987
 10
116.7203676713733
 20
56.24408788994987
  0
LWPOLYLINE
  5
42EB
330
1F
100
AcDbEntity
  8
A-Col
100
AcDbPolyline
 90
4
 70
1
 10
136.5019457412262
 20
50.72908788995135
 10
136.9019457412258
 20
50.72908788995135
 10
136.9019457412258
 20
51.12908788995099
 10
136.5019457412262
 20
51.12908788995099
  0
LWPOLYLINE
  5
42EC
330
1F
100
AcDbEntity
  8
A-Col
100
AcDbPolyline
 90
4
 70
1
 10
136.5019457412262
 20
45.4440878899515
 10
136.9019457412258
 20
45.4440878899515
 10
136.9019457412258
 20
45.84408788995114
 10
136.5019457412262
 20
45.84408788995114
  0
LWPOLYLINE
  5
42ED
330
1F
100
AcDbEntity
  8
A-Col
100
AcDbPolyline
 90
4
 70
1
 10
136.8953676713744
 20
55.84408788995023
 10
137.2953676713741
 20
55.84408788995023
 10
137.2953676713722
 20
56.24408788994987
 10
136.8953676713744
 20
56.24408788994987
  0
LWPOLYLINE
  5
42EE
330
1F
100
AcDbEntity
  8
A-Col
100
AcDbPolyline
 90
4
 70
1
 10
142.1003676713725
 20
45.44408788995059
 10
142.500367671374
 20
45.44408788995059
 10
142.500367671374
 20
45.84408788995022
 10
142.1003676713725
 20
45.84408788995022
  0
LWPOLYLINE
  5
42EF
330
1F
100
AcDbEntity
  8
A-Col
100
AcDbPolyline
 90
4
 70
1
 10
142.1003676713725
 20
50.72908788995045
 10
142.500367671374
 20
50.72908788994863
 10
142.500367671374
 20
51.12908788995008
 10
142.1003676713725
 20
51.12908788995008
  0
LWPOLYLINE
  5
42F0
330
1F
100
AcDbEntity
  8
A-Col
100
AcDbPolyline
 90
4
 70
1
 10
142.1003676713725
 20
55.84408788995023
 10
142.500367671374
 20
55.84408788995023
 10
142.500367671374
 20
56.24408788994987
 10
142.1003676713725
 20
56.24408788994987
  0
LWPOLYLINE
  5
42F1
330
1F
100
AcDbEntity
  8
A-Col
100
AcDbPolyline
 90
4
 70
1
 10
146.9953676713729
 20
50.72908788995045
 10
147.3953676713744
 20
50.72908788994863
 10
147.3953676713744
 20
51.12908788995008
 10
146.9953676713729
 20
51.12908788995008
  0
LWPOLYLINE
  5
42F2
330
1F
100
AcDbEntity
  8
A-Col
100
AcDbPolyline
 90
4
 70
1
 10
146.9953676713729
 20
55.84408788995023
 10
147.3953676713744
 20
55.84408788995023
 10
147.3953676713744
 20
56.24408788994987
 10
146.9953676713729
 20
56.24408788994987
  0
LWPOLYLINE
  5
42F3
330
1F
100
AcDbEntity
  8
A-Col
100
AcDbPolyline
 90
4
 70
1
 10
151.8503676713724
 20
50.72908788995045
 10
152.250367671374
 20
50.72908788994863
 10
152.250367671374
 20
51.12908788995008
 10
151.8503676713724
 20
51.12908788995008
  0
LWPOLYLINE
  5
42F4
330
1F
100
AcDbEntity
  8
A-Col
100
AcDbPolyline
 90
4
 70
1
 10
151.8503676713724
 20
55.84408788995023
 10
152.250367671374
 20
55.84408788995023
 10
152.250367671374
 20
56.24408788994987
 10
151.8503676713724
 20
56.24408788994987
  0
LWPOLYLINE
  5
42F5
330
1F
100
AcDbEntity
  8
A-Col
100
AcDbPolyline
 90
4
 70
1
 10
146.9953676713729
 20
45.44408788995059
 10
147.3953676713744
 20
45.44408788995059
 10
147.3953676713744
 20
45.84408788995204
 10
146.9953676713729
 20
45.84408788995022
  0
LWPOLYLINE
  5
42F6
330
1F
100
AcDbEntity
  8
A-Col
100
AcDbPolyline
 90
4
 70
1
 10
151.8503676713724
 20
45.44408788994878
 10
152.250367671374
 20
45.44408788995059
 10
152.250367671374
 20
45.84408788995022
 10
151.8503676713724
 20
45.84408788995022
  0
LWPOLYLINE
  5
42F7
330
1F
100
AcDbEntity
  8
A-Col
100
AcDbPolyline
 90
4
 70
1
 10
142.1003676713725
 20
40.24408788994986
 10
142.500367671374
 20
40.24408788994986
 10
142.500367671374
 20
40.6440878899495
 10
142.1003676713725
 20
40.6440878899495
  0
LWPOLYLINE
  5
42F8
330
1F
100
AcDbEntity
  8
A-Col
100
AcDbPolyline
 90
4
 70
1
 10
146.6303676713732
 20
40.24408788994986
 10
147.0303676713728
 20
40.24408788994986
 10
147.0303676713728
 20
40.6440878899495
 10
146.6303676713732
 20
40.6440878899495
  0
LWPOLYLINE
  5
42F9
330
1F
100
AcDbEntity
  8
A-Col
100
AcDbPolyline
 90
4
 70
1
 10
151.8503676713724
 20
40.24408788995168
 10
152.250367671374
 20
40.24408788994986
 10
152.250367671374
 20
40.6440878899495
 10
151.8503676713724
 20
40.6440878899495
  0
LINE
  5
42FA
330
1F
100
AcDbEntity
  8
A-wall
100
AcDbLine
 10
142.6503676713772
 20
56.24408788994987
 30
0.0
 11
144.3303676713721
 21
56.24408788994987
 31
0.0
  0
LINE
  5
42FB
330
1F
100
AcDbEntity
  8
A-wall
100
AcDbLine
 10
145.1503676713718
 20
56.24408788994987
 30
0.0
 11
148.470367671377
 21
56.24408788994987
 31
0.0
  0
LINE
  5
42FC
330
1F
100
AcDbEntity
  8
A-wall
100
AcDbLine
 10
150.9403676713745
 20
56.24408788994987
 30
0.0
 11
152.2503676713776
 21
56.24408788994987
 31
0.0
  0
LINE
  5
42FD
330
1F
100
AcDbEntity
  8
A-wall
100
AcDbLine
 10
145.1503676713736
 20
55.99408788994987
 30
0.0
 11
146.000367671374
 21
55.99408788994987
 31
0.0
  0
LINE
  5
42FE
330
1F
100
AcDbEntity
  8
A-wall
100
AcDbLine
 10
147.395367671378
 20
55.99408788994987
 30
0.0
 11
148.470367671377
 21
55.99408788994987
 31
0.0
  0
LINE
  5
42FF
330
1F
100
AcDbEntity
  8
A-wall
100
AcDbLine
 10
150.9403676713745
 20
55.99408788994987
 30
0.0
 11
151.8503676713762
 21
55.99408788994987
 31
0.0
  0
LINE
  5
4300
330
1F
100
AcDbEntity
  8
A-wall
100
AcDbLine
 10
148.3203676713773
 20
55.99408788994987
 30
0.0
 11
148.470367671377
 21
55.99408788994987
 31
0.0
  0
LINE
  5
4301
330
1F
100
AcDbEntity
  8
A-wall
100
AcDbLine
 10
144.3303676713721
 20
55.99408788994987
 30
0.0
 11
142.500367671374
 21
55.99408788995351
 31
0.0
  0
LINE
  5
4302
330
1F
100
AcDbEntity
  8
A-wall
100
AcDbLine
 10
152.250367671374
 20
40.24408788994986
 30
0.0
 11
152.250367671374
 21
42.13085118515723
 31
0.0
  0
LINE
  5
4303
330
1F
100
AcDbEntity
  8
A-wall
100
AcDbLine
 10
152.2503676713741
 20
45.75732459474394
 30
0.0
 11
152.250367671374
 21
48.85767972668435
 31
0.0
  0
LINE
  5
4304
330
1F
100
AcDbEntity
  8
A-wall
100
AcDbLine
 10
152.250367671374
 20
48.85767972668435
 30
0.0
 11
152.250367671374
 21
56.24408788994987
 31
0.0
  0
LINE
  5
4305
330
1F
100
AcDbEntity
  8
A-wall
100
AcDbLine
 10
152.000367671374
 20
40.6440878899495
 30
0.0
 11
152.000367671374
 21
43.00424013710662
 31
0.0
  0
LINE
  5
4306
330
1F
100
AcDbEntity
  8
A-wall
100
AcDbLine
 10
152.000367671374
 20
43.7529333102403
 30
0.0
 11
152.0003676713739
 21
43.90619389809631
 31
0.0
  0
LINE
  5
4307
330
1F
100
AcDbEntity
  8
A-wall
100
AcDbLine
 10
152.0003676713739
 20
44.65488707123
 30
0.0
 11
152.000367671374
 21
45.44408788994878
 31
0.0
  0
LINE
  5
4308
330
1F
100
AcDbEntity
  8
A-wall
100
AcDbLine
 10
152.000367671374
 20
45.84408788995022
 30
0.0
 11
152.000367671374
 21
48.85767972668435
 31
0.0
  0
LINE
  5
4309
330
1F
100
AcDbEntity
  8
A-wall
100
AcDbLine
 10
152.000367671374
 20
48.85767972668435
 30
0.0
 11
152.000367671374
 21
50.72908788995045
 31
0.0
  0
LINE
  5
430A
330
1F
100
AcDbEntity
  8
A-wall
100
AcDbLine
 10
152.000367671374
 20
51.12908788995008
 30
0.0
 11
152.000367671374
 21
55.84408788995023
 31
0.0
  0
LINE
  5
430B
330
1F
100
AcDbEntity
  8
A-wall
100
AcDbLine
 10
105.7393138292109
 20
55.99408788994939
 30
0.0
 11
111.3503746449526
 21
55.99408788994987
 31
0.0
  0
LINE
  5
430C
330
1F
100
AcDbEntity
  8
A-wall
100
AcDbLine
 10
111.750367671374
 20
55.99408788994987
 30
0.0
 11
116.7203676713733
 21
55.99408788994987
 31
0.0
  0
LINE
  5
430D
330
1F
100
AcDbEntity
  8
A-wall
100
AcDbLine
 10
117.1203676713729
 20
55.99408788994987
 30
0.0
 11
121.7453676713729
 21
55.99408788994987
 31
0.0
  0
LINE
  5
430E
330
1F
100
AcDbEntity
  8
A-wall
100
AcDbLine
 10
122.1453676713744
 20
55.99408788994987
 30
0.0
 11
126.7953676713722
 21
55.99408788992895
 31
0.0
  0
LINE
  5
430F
330
1F
100
AcDbEntity
  8
A-wall
100
AcDbLine
 10
127.1953676713736
 20
55.99408788994987
 30
0.0
 11
131.8453676713733
 21
55.99408788994987
 31
0.0
  0
LINE
  5
4310
330
1F
100
AcDbEntity
  8
A-wall
100
AcDbLine
 10
132.2453676713729
 20
55.99408788994987
 30
0.0
 11
136.8953676713726
 21
55.99408788994987
 31
0.0
  0
LINE
  5
4311
330
1F
100
AcDbEntity
  8
A-wall
100
AcDbLine
 10
137.2953676713741
 20
55.99408788994987
 30
0.0
 11
142.1003676713725
 21
55.99408788994987
 31
0.0
  0
LINE
  5
4312
330
1F
100
AcDbEntity
  8
A-wall
 62
5
100
AcDbLine
 10
105.9893138292255
 20
40.24408788994986
 30
0.0
 11
115.7803676713728
 21
40.24408788994986
 31
0.0
  0
LINE
  5
4313
330
1F
100
AcDbEntity
  8
A-wall
 62
5
100
AcDbLine
 10
115.7803676713728
 20
40.24408788994986
 30
0.0
 11
136.5019457412262
 21
40.24408788994986
 31
0.0
  0
LINE
  5
4314
330
1F
100
AcDbEntity
  8
A-wall
100
AcDbLine
 10
136.9019457412241
 20
40.24408788994986
 30
0.0
 11
142.1003676713725
 21
40.24408788994986
 31
0.0
  0
LINE
  5
4315
330
1F
100
AcDbEntity
  8
A-wall
100
AcDbLine
 10
142.1303676713732
 20
40.24408788994986
 30
0.0
 11
151.8503676713724
 21
40.24408788994986
 31
0.0
  0
LINE
  5
4316
330
1F
100
AcDbEntity
  8
A-wall
100
AcDbLine
 10
151.8803676713732
 20
40.24408788994986
 30
0.0
 11
152.250367671374
 21
40.24408788994986
 31
0.0
  0
LINE
  5
4317
330
1F
100
AcDbEntity
  8
A-wall
100
AcDbLine
 10
106.2393138292399
 20
40.49408788994987
 30
0.0
 11
111.3503676713798
 21
40.49408788994987
 31
0.0
  0
LINE
  5
4318
330
1F
100
AcDbEntity
  8
A-wall
100
AcDbLine
 10
111.6003676713724
 20
40.49408788994987
 30
0.0
 11
115.7803676713728
 21
40.49408788994987
 31
0.0
  0
LINE
  5
4319
330
1F
100
AcDbEntity
  8
A-wall
100
AcDbLine
 10
115.7803676713728
 20
40.49408788994987
 30
0.0
 11
121.7453676713729
 21
40.49408788994987
 31
0.0
  0
LINE
  5
431A
330
1F
100
AcDbEntity
  8
A-wall
100
AcDbLine
 10
122.1453676713744
 20
40.49408788994987
 30
0.0
 11
126.7953676713722
 21
40.49408788994987
 31
0.0
  0
LINE
  5
431B
330
1F
100
AcDbEntity
  8
A-wall
100
AcDbLine
 10
127.1953676713736
 20
40.49408788994987
 30
0.0
 11
131.8453676713733
 21
40.49408788994987
 31
0.0
  0
LINE
  5
431C
330
1F
100
AcDbEntity
  8
A-wall
100
AcDbLine
 10
132.2453676713729
 20
40.49408788994987
 30
0.0
 11
136.5019457412262
 21
40.49408788994987
 31
0.0
  0
LINE
  5
431D
330
1F
100
AcDbEntity
  8
A-wall
100
AcDbLine
 10
136.9019457412241
 20
40.49408788994987
 30
0.0
 11
142.1003676713725
 21
40.49408788994987
 31
0.0
  0
LINE
  5
431E
330
1F
100
AcDbEntity
  8
A-wall
100
AcDbLine
 10
142.500367671374
 20
40.49408788994987
 30
0.0
 11
151.8503676713724
 21
40.49408788994987
 31
0.0
  0
LINE
  5
431F
330
1F
100
AcDbEntity
  8
A-wall
100
AcDbLine
 10
151.8803676713732
 20
40.24408788994986
 30
0.0
 11
152.000367671374
 21
40.24408788994986
 31
0.0
  0
LINE
  5
4320
330
1F
100
AcDbEntity
  8
A-wall
100
AcDbLine
 10
147.0303676713728
 20
40.24408788994986
 30
0.0
 11
147.0303676713728
 21
40.49408788994987
 31
0.0
  0
LINE
  5
4321
330
1F
100
AcDbEntity
  8
A-wall
100
AcDbLine
 10
136.9019457412241
 20
40.49408788994987
 30
0.0
 11
136.9019457412241
 21
40.49408788994987
 31
0.0
  0
LINE
  5
4322
330
1F
100
AcDbEntity
  8
A-wall
100
AcDbLine
 10
136.9019457412241
 20
40.24408788994986
 30
0.0
 11
136.9019457412241
 21
40.49408788994987
 31
0.0
  0
LWPOLYLINE
  5
4323
330
1F
100
AcDbEntity
  8
A-Col
100
AcDbPolyline
 90
4
 70
1
 10
131.8453676713751
 20
50.72908788995045
 10
132.2453676713729
 20
50.72908788994863
 10
132.2453676713729
 20
51.12908788995008
 10
131.8453676713733
 20
51.12908788995008
  0
LWPOLYLINE
  5
4324
330
1F
100
AcDbEntity
  8
A-Col
100
AcDbPolyline
 90
4
 70
1
 10
126.7953676713722
 20
50.72908788994863
 10
127.1953676713736
 20
50.72908788995045
 10
127.1953676713736
 20
51.12908788995008
 10
126.7953676713741
 20
51.12908788995008
  0
LWPOLYLINE
  5
4325
330
1F
100
AcDbEntity
  8
A-Col
100
AcDbPolyline
 90
4
 70
1
 10
126.7953676713722
 20
45.44408788994878
 10
127.1953676713736
 20
45.44408788994878
 10
127.1953676713736
 20
45.84408788995022
 10
126.7953676713722
 20
45.84408788995022
  0
LWPOLYLINE
  5
4326
330
1F
100
AcDbEntity
  8
A-Col
100
AcDbPolyline
 90
4
 70
1
 10
131.8453676713733
 20
45.44408788995059
 10
132.2453676713729
 20
45.44408788994878
 10
132.2453676713729
 20
45.84408788995022
 10
131.8453676713733
 20
45.84408788995022
  0
LWPOLYLINE
  5
4327
330
1F
100
AcDbEntity
  8
A-Col
100
AcDbPolyline
 90
4
 70
1
 10
121.7453676713729
 20
45.44408788994878
 10
122.1453676713744
 20
45.44408788995059
 10
122.1453676713744
 20
45.84408788995022
 10
121.7453676713729
 20
45.84408788995022
  0
LWPOLYLINE
  5
4328
330
1F
100
AcDbEntity
  8
A-Col
100
AcDbPolyline
 90
4
 70
1
 10
121.7453676713729
 20
40.24408788994986
 10
122.1453676713744
 20
40.24408788994986
 10
122.1453676713744
 20
40.6440878899495
 10
121.7453676713729
 20
40.6440878899495
  0
LWPOLYLINE
  5
4329
330
1F
100
AcDbEntity
  8
A-Col
100
AcDbPolyline
 90
4
 70
1
 10
126.7953676713722
 20
40.24408788994986
 10
127.1953676713736
 20
40.24408788994986
 10
127.1953676713736
 20
40.6440878899495
 10
126.7953676713722
 20
40.6440878899495
  0
LWPOLYLINE
  5
432A
330
1F
100
AcDbEntity
  8
A-Col
100
AcDbPolyline
 90
4
 70
1
 10
131.8453676713733
 20
40.24408788994986
 10
132.2453676713729
 20
40.24408788994986
 10
132.2453676713729
 20
40.6440878899495
 10
131.8453676713733
 20
40.6440878899495
  0
LWPOLYLINE
  5
432B
330
1F
100
AcDbEntity
  8
A-Col
100
AcDbPolyline
 90
4
 70
1
 10
136.5019457412262
 20
40.24408788994986
 10
136.9019457412241
 20
40.24408788994986
 10
136.9019457412241
 20
40.6440878899495
 10
136.5019457412262
 20
40.6440878899495
  0
LWPOLYLINE
  5
432C
330
1F
100
AcDbEntity
  8
A-Col
100
AcDbPolyline
 90
4
 70
1
 10
121.7453676713729
 20
55.84408788995023
 10
122.1453676713744
 20
55.84408788995023
 10
122.1453676713744
 20
56.24408788994987
 10
121.7453676713729
 20
56.24408788994987
  0
LWPOLYLINE
  5
432D
330
1F
100
AcDbEntity
  8
A-Col
100
AcDbPolyline
 90
4
 70
1
 10
126.7953676713722
 20
55.84408788995023
 10
127.1953676713736
 20
55.84408788995023
 10
127.1953676713736
 20
56.24408788994987
 10
126.7953676713741
 20
56.24408788994987
  0
LWPOLYLINE
  5
432E
330
1F
100
AcDbEntity
  8
A-Col
100
AcDbPolyline
 90
4
 70
1
 10
131.8453676713733
 20
55.84408788995023
 10
132.2453676713729
 20
55.84408788995023
 10
132.2453676713729
 20
56.24408788994987
 10
131.8453676713733
 20
56.24408788994987
  0
LWPOLYLINE
  5
432F
330
1F
100
AcDbEntity
  8
A-Col
100
AcDbPolyline
 90
4
 70
1
 10
116.7203676713733
 20
45.44408788994878
 10
117.1203676713729
 20
45.44408788994878
 10
117.1203676713729
 20
45.84408788995022
 10
116.7203676713733
 20
45.84408788995022
  0
LWPOLYLINE
  5
4330
330
1F
100
AcDbEntity
  8
A-Col
100
AcDbPolyline
 90
4
 70
1
 10
111.3503676713724
 20
45.44408788995059
 10
111.750367671374
 20
45.44408788994878
 10
111.750367671374
 20
45.84408788995022
 10
111.3503676713724
 20
45.84408788995022
  0
LWPOLYLINE
  5
4331
330
1F
100
AcDbEntity
  8
A-Col
100
AcDbPolyline
 90
4
 70
1
 10
111.3503676713724
 20
55.84408788995023
 10
111.750367671374
 20
55.84408788995023
 10
111.750367671374
 20
56.24408788994987
 10
111.3503676713743
 20
56.24408788994987
  0
LWPOLYLINE
  5
4332
330
1F
100
AcDbEntity
  8
A-Col
100
AcDbPolyline
 90
4
 70
1
 10
111.3503676713724
 20
50.72908788995045
 10
111.750367671374
 20
50.72908788995045
 10
111.750367671374
 20
51.12908788994826
 10
111.3503676713724
 20
51.12908788995008
  0
LWPOLYLINE
  5
4333
330
1F
100
AcDbEntity
  8
A-Col
100
AcDbPolyline
 90
4
 70
1
 10
116.7203676713733
 20
55.84408788995023
 10
117.1203676713729
 20
55.84408788995023
 10
117.1203676713729
 20
56.24408788994987
 10
116.7203676713733
 20
56.24408788994987
  0
LWPOLYLINE
  5
4334
330
1F
100
AcDbEntity
  8
A-Col
100
AcDbPolyline
 90
4
 70
1
 10
136.5019457412262
 20
50.72908788995135
 10
136.9019457412258
 20
50.72908788995135
 10
136.9019457412258
 20
51.12908788995099
 10
136.5019457412262
 20
51.12908788995099
  0
LWPOLYLINE
  5
4335
330
1F
100
AcDbEntity
  8
A-Col
100
AcDbPolyline
 90
4
 70
1
 10
136.5019457412262
 20
45.4440878899515
 10
136.9019457412258
 20
45.4440878899515
 10
136.9019457412258
 20
45.84408788995114
 10
136.5019457412262
 20
45.84408788995114
  0
LWPOLYLINE
  5
4336
330
1F
100
AcDbEntity
  8
A-Col
100
AcDbPolyline
 90
4
 70
1
 10
136.8953676713744
 20
55.84408788995023
 10
137.2953676713741
 20
55.84408788995023
 10
137.2953676713722
 20
56.24408788994987
 10
136.8953676713744
 20
56.24408788994987
  0
LWPOLYLINE
  5
4337
330
1F
100
AcDbEntity
  8
A-Col
100
AcDbPolyline
 90
4
 70
1
 10
142.1003676713725
 20
45.44408788995059
 10
142.500367671374
 20
45.44408788995059
 10
142.500367671374
 20
45.84408788995022
 10
142.1003676713725
 20
45.84408788995022
  0
LWPOLYLINE
  5
4338
330
1F
100
AcDbEntity
  8
A-Col
100
AcDbPolyline
 90
4
 70
1
 10
142.1003676713725
 20
50.72908788995045
 10
142.500367671374
 20
50.72908788994863
 10
142.500367671374
 20
51.12908788995008
 10
142.1003676713725
 20
51.12908788995008
  0
LWPOLYLINE
  5
4339
330
1F
100
AcDbEntity
  8
A-Col
100
AcDbPolyline
 90
4
 70
1
 10
142.1003676713725
 20
55.84408788995023
 10
142.500367671374
 20
55.84408788995023
 10
142.500367671374
 20
56.24408788994987
 10
142.1003676713725
 20
56.24408788994987
  0
LWPOLYLINE
  5
433A
330
1F
100
AcDbEntity
  8
A-Col
100
AcDbPolyline
 90
4
 70
1
 10
146.9953676713729
 20
50.72908788995045
 10
147.3953676713744
 20
50.72908788994863
 10
147.3953676713744
 20
51.12908788995008
 10
146.9953676713729
 20
51.12908788995008
  0
LWPOLYLINE
  5
433B
330
1F
100
AcDbEntity
  8
A-Col
100
AcDbPolyline
 90
4
 70
1
 10
146.9953676713729
 20
55.84408788995023
 10
147.3953676713744
 20
55.84408788995023
 10
147.3953676713744
 20
56.24408788994987
 10
146.9953676713729
 20
56.24408788994987
  0
LWPOLYLINE
  5
433C
330
1F
100
AcDbEntity
  8
A-Col
100
AcDbPolyline
 90
4
 70
1
 10
151.8503676713724
 20
50.72908788995045
 10
152.250367671374
 20
50.72908788994863
 10
152.250367671374
 20
51.12908788995008
 10
151.8503676713724
 20
51.12908788995008
  0
LWPOLYLINE
  5
433D
330
1F
100
AcDbEntity
  8
A-Col
100
AcDbPolyline
 90
4
 70
1
 10
151.8503676713724
 20
55.84408788995023
 10
152.250367671374
 20
55.84408788995023
 10
152.250367671374
 20
56.24408788994987
 10
151.8503676713724
 20
56.24408788994987
  0
LWPOLYLINE
  5
433E
330
1F
100
AcDbEntity
  8
A-Col
100
AcDbPolyline
 90
4
 70
1
 10
146.9953676713729
 20
45.44408788995059
 10
147.3953676713744
 20
45.44408788995059
 10
147.3953676713744
 20
45.84408788995204
 10
146.9953676713729
 20
45.84408788995022
  0
LWPOLYLINE
  5
433F
330
1F
100
AcDbEntity
  8
A-Col
100
AcDbPolyline
 90
4
 70
1
 10
151.8503676713724
 20
45.44408788994878
 10
152.250367671374
 20
45.44408788995059
 10
152.250367671374
 20
45.84408788995022
 10
151.8503676713724
 20
45.84408788995022
  0
LWPOLYLINE
  5
4340
330
1F
100
AcDbEntity
  8
A-Col
100
AcDbPolyline
 90
4
 70
1
 10
142.1003676713725
 20
40.24408788994986
 10
142.500367671374
 20
40.24408788994986
 10
142.500367671374
 20
40.6440878899495
 10
142.1003676713725
 20
40.6440878899495
  0
LWPOLYLINE
  5
4341
330
1F
100
AcDbEntity
  8
A-Col
100
AcDbPolyline
 90
4
 70
1
 10
146.6303676713732
 20
40.24408788994986
 10
147.0303676713728
 20
40.24408788994986
 10
147.0303676713728
 20
40.6440878899495
 10
146.6303676713732
 20
40.6440878899495
  0
LWPOLYLINE
  5
4342
330
1F
100
AcDbEntity
  8
A-Col
100
AcDbPolyline
 90
4
 70
1
 10
151.8503676713724
 20
40.24408788995168
 10
152.250367671374
 20
40.24408788994986
 10
152.250367671374
 20
40.6440878899495
 10
151.8503676713724
 20
40.6440878899495
  0
LINE
  5
4343
330
1F
100
AcDbEntity
  8
A-wall
100
AcDbLine
 10
111.750367671374
 20
56.24408788994711
 30
0.0
 11
116.7203676713733
 21
56.24408788994753
 31
0.0
  0
LINE
  5
4344
330
1F
100
AcDbEntity
  8
A-wall
100
AcDbLine
 10
117.1203676713729
 20
56.24408788994756
 30
0.0
 11
121.7453676713729
 21
56.24408788994795
 31
0.0
  0
LINE
  5
4345
330
1F
100
AcDbEntity
  8
A-wall
 62
5
100
AcDbLine
 10
122.1453676713744
 20
56.24408788994799
 30
0.0
 11
126.7953676713741
 21
56.24408788994839
 31
0.0
  0
LINE
  5
4346
330
1F
100
AcDbEntity
  8
A-wall
100
AcDbLine
 10
127.1953676713736
 20
56.24408788994841
 30
0.0
 11
131.8453676713733
 21
56.24408788994881
 31
0.0
  0
LINE
  5
4347
330
1F
100
AcDbEntity
  8
A-wall
100
AcDbLine
 10
132.2453676713729
 20
56.24408788994884
 30
0.0
 11
144.3303676713721
 21
56.24408788994987
 31
0.0
  0
LINE
  5
4348
330
1F
100
AcDbEntity
  8
A-wall
100
AcDbLine
 10
144.3303676713721
 20
56.24408788994987
 30
0.0
 11
148.470367671377
 21
56.24408788994987
 31
0.0
  0
LINE
  5
4349
330
1F
100
AcDbEntity
  8
A-wall
100
AcDbLine
 10
148.470367671377
 20
56.24408788994987
 30
0.0
 11
152.2503676713776
 21
56.24408788994987
 31
0.0
  0
LINE
  5
434A
330
1F
100
AcDbEntity
  8
A-wall
100
AcDbLine
 10
144.3303676713721
 20
55.99408788994987
 30
0.0
 11
146.9953676713729
 21
55.99408788994987
 31
0.0
  0
LINE
  5
434B
330
1F
100
AcDbEntity
  8
A-wall
100
AcDbLine
 10
147.395367671378
 20
55.99408788994987
 30
0.0
 11
148.470367671377
 21
55.99408788994987
 31
0.0
  0
LINE
  5
434C
330
1F
100
AcDbEntity
  8
A-wall
100
AcDbLine
 10
148.470367671377
 20
55.99408788994987
 30
0.0
 11
151.8503676713762
 21
55.99408788994987
 31
0.0
  0
LINE
  5
434D
330
1F
100
AcDbEntity
  8
A-wall
100
AcDbLine
 10
148.3203676713773
 20
55.99408788994987
 30
0.0
 11
148.470367671377
 21
55.99408788994987
 31
0.0
  0
LINE
  5
434E
330
1F
100
AcDbEntity
  8
A-wall
100
AcDbLine
 10
144.3303676713721
 20
55.99408788994987
 30
0.0
 11
142.500367671374
 21
55.99408788995351
 31
0.0
  0
LWPOLYLINE
  5
434F
330
1F
100
AcDbEntity
  8
A-Col
100
AcDbPolyline
 90
4
 70
1
 10
126.7953676713794
 20
50.72908788994863
 10
127.195367671381
 20
50.72908788995045
 10
127.195367671381
 20
51.12908788995008
 10
126.7953676713794
 20
51.12908788995008
  0
LWPOLYLINE
  5
4350
330
1F
100
AcDbEntity
  8
A-Col
100
AcDbPolyline
 90
4
 70
1
 10
111.3503676713798
 20
50.72908788995045
 10
111.7503676713812
 20
50.72908788995045
 10
111.7503676713812
 20
51.12908788994826
 10
111.3503676713798
 20
51.12908788995008
  0
LWPOLYLINE
  5
4351
330
1F
100
AcDbEntity
  8
A-Col
100
AcDbPolyline
 90
4
 70
1
 10
116.7203676713806
 20
50.74408788994986
 10
117.1203676713803
 20
50.74408788994986
 10
117.1203676713803
 20
51.1440878899495
 10
116.7203676713787
 20
51.1440878899495
  0
LWPOLYLINE
  5
4352
330
1F
100
AcDbEntity
  8
A-Col
100
AcDbPolyline
 90
4
 70
1
 10
121.8203478539134
 20
50.72908788994863
 10
122.2203478539148
 20
50.72908788994863
 10
122.2203478539131
 20
51.12908788994826
 10
121.8203478539134
 20
51.12908788995008
  0
LINE
  5
4353
330
1F
100
AcDbEntity
  8
A-wall
100
AcDbLine
 10
105.9893138292255
 20
40.49579715622406
 30
0.0
 11
105.9893138292256
 21
40.24408788994986
 31
0.0
  0
LINE
  5
4354
330
1F
100
AcDbEntity
  8
A-wall
100
AcDbLine
 10
105.7393138292115
 20
40.49698066305642
 30
0.0
 11
105.7393138292114
 21
40.49579715622402
 31
0.0
  0
LINE
  5
4355
330
1F
100
AcDbEntity
  8
A-wall
100
AcDbLine
 10
105.7393138292114
 20
40.4969806630564
 30
0.0
 11
97.2393138292114
 21
40.4969806630564
 31
0.0
  0
LINE
  5
4356
330
1F
100
AcDbEntity
  8
A-wall
100
AcDbLine
 10
105.7393138292114
 20
40.24698066305639
 30
0.0
 11
97.2393138292114
 21
40.24698066305639
 31
0.0
  0
LINE
  5
4357
330
1F
100
AcDbEntity
  8
A-wall
100
AcDbLine
 10
97.2393138292114
 20
40.4969806630564
 30
0.0
 11
97.23931382921153
 21
40.53682841589888
 31
0.0
  0
LINE
  5
4358
330
1F
100
AcDbEntity
  8
A-wall
100
AcDbLine
 10
97.2393138292114
 20
41.31951901065792
 30
0.0
 11
97.2393138292114
 21
41.32508924957824
 31
0.0
  0
LINE
  5
4359
330
1F
100
AcDbEntity
  8
A-wall
100
AcDbLine
 10
97.23931382921128
 20
42.14698066305643
 30
0.0
 11
97.23931382921128
 21
43.29698066305645
 31
0.0
  0
LINE
  5
435A
330
1F
100
AcDbEntity
  8
A-wall
100
AcDbLine
 10
97.23931382921128
 20
43.54698066305647
 30
0.0
 11
97.23931382921153
 21
46.34698066305642
 31
0.0
  0
LINE
  5
435B
330
1F
100
AcDbEntity
  8
A-wall
100
AcDbLine
 10
97.2393138292114
 20
46.59698066305643
 30
0.0
 11
97.2393138292114
 21
48.01303530513399
 31
0.0
  0
LINE
  5
435C
330
1F
100
AcDbEntity
  8
A-wall
100
AcDbLine
 10
97.2393138292114
 20
48.02035036912849
 30
0.0
 11
97.2393138292114
 21
53.1469806630564
 31
0.0
  0
LINE
  5
435D
330
1F
100
AcDbEntity
  8
A-wall
100
AcDbLine
 10
97.23931382921153
 20
52.8969806630564
 30
0.0
 11
97.2393138292114
 21
55.99698066305641
 31
0.0
  0
LINE
  5
435E
330
1F
100
AcDbEntity
  8
A-wall
100
AcDbLine
 10
96.9893138292114
 20
41.99698066305642
 30
0.0
 11
96.9893138292114
 21
48.09698066305642
 31
0.0
  0
LINE
  5
435F
330
1F
100
AcDbEntity
  8
A-wall
100
AcDbLine
 10
96.9893138292114
 20
47.98050261628591
 30
0.0
 11
96.9893138292114
 21
51.81906313386384
 31
0.0
  0
LINE
  5
4360
330
1F
100
AcDbEntity
  8
A-wall
100
AcDbLine
 10
96.9893138292114
 20
52.71809278987354
 30
0.0
 11
96.9893138292114
 21
55.99698066305641
 31
0.0
  0
LINE
  5
4361
330
1F
100
AcDbEntity
  8
A-wall
100
AcDbLine
 10
97.2393138292114
 20
55.99698066305641
 30
0.0
 11
105.7393138292109
 21
55.99698066305641
 31
0.0
  0
LINE
  5
4362
330
1F
100
AcDbEntity
  8
A-wall
100
AcDbLine
 10
97.5893138292114
 20
56.24686535391035
 30
0.0
 11
106.0198019521394
 21
56.24408788994941
 31
0.0
  0
LINE
  5
4363
330
1F
100
AcDbEntity
  8
A-wall
100
AcDbLine
 10
97.2393138292114
 20
56.2469806630564
 30
0.0
 11
96.9893138292114
 21
56.2469806630564
 31
0.0
  0
LINE
  5
4364
330
1F
100
AcDbEntity
  8
A-wall
100
AcDbLine
 10
96.9893138292114
 20
56.2469806630564
 30
0.0
 11
96.9893138292114
 21
55.99698066305641
 31
0.0
  0
LINE
  5
4365
330
1F
100
AcDbEntity
  8
A-wall
100
AcDbLine
 10
96.9893138292114
 20
40.4969806630564
 30
0.0
 11
96.98931382921153
 21
40.24698066305639
 31
0.0
  0
LINE
  5
4366
330
1F
100
AcDbEntity
  8
A-wall
100
AcDbLine
 10
96.98931382921153
 20
40.24698066305639
 30
0.0
 11
97.2393138292114
 21
40.24698066305639
 31
0.0
  0
INSERT
  5
4367
330
1F
100
AcDbEntity
  8
col
100
AcDbBlockReference
  2
u
 10
-834.9280758530655
 20
-153.8168338303599
 30
0.0
  0
INSERT
  5
4368
330
1F
100
AcDbEntity
  8
col
100
AcDbBlockReference
  2
u
 10
-834.9280758530657
 20
-156.9168338303599
 30
0.0
  0
INSERT
  5
4369
330
1F
100
AcDbEntity
  8
col
100
AcDbBlockReference
  2
u
 10
-834.9280758530657
 20
-160.0168338303599
 30
0.0
  0
INSERT
  5
436A
330
1F
100
AcDbEntity
  8
col
100
AcDbBlockReference
  2
u
 10
-834.9280758530657
 20
-163.4668338303599
 30
0.0
  0
INSERT
  5
436B
330
1F
100
AcDbEntity
  8
col
100
AcDbBlockReference
  2
u
 10
-834.9280758530657
 20
-166.5168338303599
 30
0.0
  0
INSERT
  5
436C
330
1F
100
AcDbEntity
  8
col
100
AcDbBlockReference
  2
u
 10
-834.9280758530651
 20
-169.5668338303599
 30
0.0
  0
INSERT
  5
436D
330
1F
100
AcDbEntity
  8
col
100
AcDbBlockReference
  2
u
 10
-831.9780758530654
 20
-153.8168338303599
 30
0.0
  0
INSERT
  5
436E
330
1F
100
AcDbEntity
  8
col
100
AcDbBlockReference
  2
u
 10
-831.9780758530662
 20
-156.9168338303599
 30
0.0
  0
INSERT
  5
436F
330
1F
100
AcDbEntity
  8
col
100
AcDbBlockReference
  2
u
 10
-829.0280758530654
 20
-153.8168338303599
 30
0.0
  0
INSERT
  5
4370
330
1F
100
AcDbEntity
  8
col
100
AcDbBlockReference
  2
u
 10
-829.0280758530654
 20
-156.9168338303599
 30
0.0
  0
INSERT
  5
4371
330
1F
100
AcDbEntity
  8
col
100
AcDbBlockReference
  2
u
 10
-830.9280758530658
 20
-160.0168338303599
 30
0.0
  0
INSERT
  5
4372
330
1F
100
AcDbEntity
  8
col
100
AcDbBlockReference
  2
u
 10
-826.5280758530513
 20
-160.0168338303599
 30
0.0
  0
INSERT
  5
4373
330
1F
100
AcDbEntity
  8
col
100
AcDbBlockReference
  2
u
 10
-830.9280758530658
 20
-163.4495455561543
 30
0.0
  0
INSERT
  5
4374
330
1F
100
AcDbEntity
  8
col
100
AcDbBlockReference
  2
u
 10
-830.928075853065
 20
-166.4995455561544
 30
0.0
  0
INSERT
  5
4375
330
1F
100
AcDbEntity
  8
col
100
AcDbBlockReference
  2
u
 10
-830.9280758530659
 20
-169.5668338303599
 30
0.0
  0
INSERT
  5
4376
330
1F
100
AcDbEntity
  8
col
100
AcDbBlockReference
  2
u
 10
-826.5280758530513
 20
-163.4507290629866
 30
0.0
  0
INSERT
  5
4377
330
1F
100
AcDbEntity
  8
col
100
AcDbBlockReference
  2
u
 10
-826.528075853051
 20
-166.5007290629867
 30
0.0
  0
INSERT
  5
4378
330
1F
100
AcDbEntity
  8
col
100
AcDbBlockReference
  2
u
 10
-826.5280758530513
 20
-169.5680173371922
 30
0.0
  0
LINE
  5
4379
330
1F
100
AcDbEntity
  8
A-wall
100
AcDbLine
 10
96.9893138292114
 20
52.8969806630564
 30
0.0
 11
96.9893138292114
 21
52.71809278987354
 31
0.0
  0
LINE
  5
437A
330
1F
100
AcDbEntity
  8
A-wall
100
AcDbLine
 10
96.9893138292114
 20
52.86809278987354
 30
0.0
 11
96.9893138292114
 21
48.2469806630564
 31
0.0
  0
LINE
  5
437B
330
1F
100
AcDbEntity
  8
A-wall
100
AcDbLine
 10
96.9893138292114
 20
48.2469806630564
 30
0.0
 11
93.23457848645062
 21
48.2469806630564
 31
0.0
  0
LINE
  5
437C
330
1F
100
AcDbEntity
  8
A-wall
100
AcDbLine
 10
96.9893138292114
 20
48.09698066305642
 30
0.0
 11
93.23457848645062
 21
48.09698066305642
 31
0.0
  0
LINE
  5
437F
330
1F
100
AcDbEntity
  8
A-wall
100
AcDbLine
 10
136.5569864550322
 20
55.97081519756494
 30
0.0
 11
136.5569864550322
 21
51.12908788995099
 31
0.0
  0
LINE
  5
4380
330
1F
100
AcDbEntity
  8
A-wall
100
AcDbLine
 10
136.5569864550323
 20
50.72908788995135
 30
0.0
 11
136.5569864550323
 21
45.84408788995114
 31
0.0
  0
LINE
  5
4381
330
1F
100
AcDbEntity
  8
A-wall
100
AcDbLine
 10
136.5569864550323
 20
45.4440878899515
 30
0.0
 11
136.5569864550323
 21
41.65951971960526
 31
0.0
  0
LINE
  5
4382
330
1F
100
AcDbEntity
  8
A-wall
100
AcDbLine
 10
136.5569864550323
 20
40.91082654647161
 30
0.0
 11
136.5569864550322
 21
40.6440878899495
 31
0.0
  0
LINE
  5
4383
330
1F
100
AcDbEntity
  8
A-wall
100
AcDbLine
 10
136.7069864550321
 20
55.97081519756494
 30
0.0
 11
136.7069864550321
 21
51.12908788995099
 31
0.0
  0
LINE
  5
4384
330
1F
100
AcDbEntity
  8
A-wall
100
AcDbLine
 10
136.706986455032
 20
50.72908788995135
 30
0.0
 11
136.706986455032
 21
45.84408788995114
 31
0.0
  0
LINE
  5
4385
330
1F
100
AcDbEntity
  8
A-wall
100
AcDbLine
 10
136.706986455032
 20
45.4440878899515
 30
0.0
 11
136.706986455032
 21
41.67791099014806
 31
0.0
  0
LINE
  5
4386
330
1F
100
AcDbEntity
  8
A-wall
100
AcDbLine
 10
136.706986455032
 20
40.89243527592876
 30
0.0
 11
136.7069864550321
 21
40.6440878899495
 31
0.0
  0
LINE
  5
4387
330
1F
100
AcDbEntity
  8
A-wall
100
AcDbLine
 10
93.38457848645061
 20
48.2469806630564
 30
0.0
 11
93.38457848645061
 21
40.39698066305635
 31
0.0
  0
LINE
  5
4388
330
1F
100
AcDbEntity
  8
A-wall
100
AcDbLine
 10
93.38457848644978
 20
40.39698066305632
 30
0.0
 11
93.38457848644978
 21
40.24698066305638
 31
0.0
  0
LINE
  5
4389
330
1F
100
AcDbEntity
  8
A-wall
100
AcDbLine
 10
93.23457848645062
 20
48.24698066305643
 30
0.0
 11
93.23457848644944
 21
40.24698066305639
 31
0.0
  0
LINE
  5
438A
330
1F
100
AcDbEntity
  8
A-wall
100
AcDbLine
 10
93.23457848644979
 20
40.35741124314512
 30
0.0
 11
93.23457848644979
 21
40.24698066305639
 31
0.0
  0
LINE
  5
438B
330
1F
100
AcDbEntity
  8
A-wall
100
AcDbLine
 10
93.38457848645061
 20
43.5469806630565
 30
0.0
 11
93.4429420824286
 21
43.5469806630565
 31
0.0
  0
LINE
  5
438C
330
1F
100
AcDbEntity
  8
A-wall
100
AcDbLine
 10
94.22841779664797
 20
43.5469806630565
 30
0.0
 11
96.98931382921117
 21
43.5469806630565
 31
0.0
  0
LINE
  5
438D
330
1F
100
AcDbEntity
  8
A-wall
100
AcDbLine
 10
93.38457848645061
 20
43.69698066305647
 30
0.0
 11
93.46133335297135
 21
43.69698066305645
 31
0.0
  0
LINE
  5
438E
330
1F
100
AcDbEntity
  8
A-wall
100
AcDbLine
 10
94.21002652610503
 20
43.69698066305645
 30
0.0
 11
96.98931382921117
 21
43.69698066305647
 31
0.0
  0
LINE
  5
438F
330
1F
100
AcDbEntity
  8
A-wall
100
AcDbLine
 10
93.38457848644978
 20
40.24698066305638
 30
0.0
 11
96.98931382921153
 21
40.24698066305638
 31
0.0
  0
LINE
  5
4390
330
1F
100
AcDbEntity
  8
A-wall
100
AcDbLine
 10
93.38457848644978
 20
40.39698066305635
 30
0.0
 11
96.98931382921153
 21
40.39698066305635
 31
0.0
  0
LINE
  5
4391
330
1F
100
AcDbEntity
  8
A-wall
100
AcDbLine
 10
96.9893138292114
 20
41.99698066305642
 30
0.0
 11
97.31594412313926
 21
41.99698066305642
 31
0.0
  0
LINE
  5
4392
330
1F
100
AcDbEntity
  8
A-wall
100
AcDbLine
 10
98.06463729627315
 20
41.99698066305642
 30
0.0
 11
98.21789788412921
 21
41.99698066305642
 31
0.0
  0
LINE
  5
4393
330
1F
100
AcDbEntity
  8
A-wall
100
AcDbLine
 10
98.96659105726286
 20
41.99698066305642
 30
0.0
 11
108.3529524432515
 21
41.99698066305639
 31
0.0
  0
LINE
  5
4394
330
1F
100
AcDbEntity
  8
A-wall
100
AcDbLine
 10
98.98498232780548
 20
42.14698066305643
 30
0.0
 11
108.2003676713853
 21
42.14698066305643
 31
0.0
  0
LINE
  5
4395
330
1F
100
AcDbEntity
  8
A-wall
100
AcDbLine
 10
113.8203676713472
 20
41.99698066305677
 30
0.0
 11
136.5569864550322
 21
41.99698066305642
 31
0.0
  0
LINE
  5
4396
330
1F
100
AcDbEntity
  8
A-wall
100
AcDbLine
 10
90.68931382921151
 20
42.14698066324024
 30
0.0
 11
90.83931382921152
 21
42.14698066323964
 31
0.0
  0
LINE
  5
4397
330
1F
100
AcDbEntity
  8
A-wall
100
AcDbLine
 10
93.23457848645013
 20
42.14698066323004
 30
0.0
 11
93.38457848645012
 21
42.14698066322943
 31
0.0
  0
LINE
  5
4398
330
1F
100
AcDbEntity
  8
A-wall
100
AcDbLine
 10
96.9893138292114
 20
42.14698066321499
 30
0.0
 11
97.29755285259662
 21
42.14698066321376
 31
0.0
  0
LINE
  5
4399
330
1F
100
AcDbEntity
  8
A-wall
100
AcDbLine
 10
98.0830285668159
 20
42.14698066321061
 30
0.0
 11
98.19950661358634
 21
42.14698066321013
 31
0.0
  0
LINE
  5
439A
330
1F
100
AcDbEntity
  8
A-wall
100
AcDbLine
 10
98.98498232780561
 20
42.14698066320699
 30
0.0
 11
108.3525850227821
 21
42.14698066316945
 31
0.0
  0
LINE
  5
439B
330
1F
100
AcDbEntity
  8
A-wall
100
AcDbLine
 10
108.3525850227822
 20
42.14698066316945
 30
0.0
 11
136.5569864550322
 21
42.14698066305643
 31
0.0
  0
INSERT
  5
439C
330
1F
100
AcDbEntity
  8
0
100
AcDbBlockReference
  2
h
 10
-65.02342131549335
 20
878.2380475391313
 30
0.0
 50
270.0
  0
INSERT
  5
439D
330
1F
100
AcDbEntity
  8
0
100
AcDbBlockReference
  2
jl
 10
298.5697215997363
 20
-781.9068706235317
 30
0.0
 50
89.99999999999996
  0
INSERT
  5
439E
330
1F
100
AcDbEntity
  8
DETIALS
100
AcDbBlockReference
  2
machine1
 10
-77.94538267408527
 20
853.014901014006
 30
0.0
 50
270.0
  0
MTEXT
  5
439F
330
1F
100
AcDbEntity
  8
txt
100
AcDbMText
 10
131.3589819355887
 20
43.94812587226939
 30
0.0
 40
0.3
 41
7.676165618601159
 46
0.8000000000000481
 71
1
 72
5
  1
{\Fromanc|c0; Machines type A}
1001
ACAD
1000
ACAD_MTEXT_DEFINED_HEIGHT_BEGIN
1070
46
1040
0.8000000000000481
1000
ACAD_MTEXT_DEFINED_HEIGHT_END
  0
INSERT
  5
43A0
330
1F
100
AcDbEntity
  8
DETIALS
100
AcDbBlockReference
  2
machine1
 10
-77.94538267408527
 20
856.058700054138
 30
0.0
 50
270.0
  0
MTEXT
  5
43A1
330
1F
100
AcDbEntity
  8
txt
100
AcDbMText
 10
131.3589819355887
 20
46.99192491240134
 30
0.0
 40
0.3
 41
7.676165618601159
 46
0.8000000000000481
 71
1
 72
5
  1
{\Fromanc|c0; Machines type A}
1001
ACAD
1000
ACAD_MTEXT_DEFINED_HEIGHT_BEGIN
1070
46
1040
0.8000000000000481
1000
ACAD_MTEXT_DEFINED_HEIGHT_END
  0
INSERT
  5
43A2
330
1F
100
AcDbEntity
  8
DETIALS
100
AcDbBlockReference
  2
machine1
 10
-77.94538267408527
 20
858.7084723339797
 30
0.0
 50
270.0
  0
MTEXT
  5
43A3
330
1F
100
AcDbEntity
  8
txt
100
AcDbMText
 10
131.3589819355887
 20
49.64169719224307
 30
0.0
 40
0.3
 41
7.676165618601159
 46
0.8000000000000481
 71
1
 72
5
  1
{\Fromanc|c0; Machines type A}
1001
ACAD
1000
ACAD_MTEXT_DEFINED_HEIGHT_BEGIN
1070
46
1040
0.8000000000000481
1000
ACAD_MTEXT_DEFINED_HEIGHT_END
  0
INSERT
  5
43A4
330
1F
100
AcDbEntity
  8
DETIALS
100
AcDbBlockReference
  2
machine1
 10
-77.94538267408527
 20
861.4548634192319
 30
0.0
 50
270.0
  0
MTEXT
  5
43A5
330
1F
100
AcDbEntity
  8
txt
100
AcDbMText
 10
131.3589819355887
 20
52.38808827749514
 30
0.0
 40
0.3
 41
7.676165618601159
 46
0.8000000000000481
 71
1
 72
5
  1
{\Fromanc|c0; Machines type A}
1001
ACAD
1000
ACAD_MTEXT_DEFINED_HEIGHT_BEGIN
1070
46
1040
0.8000000000000481
1000
ACAD_MTEXT_DEFINED_HEIGHT_END
  0
INSERT
  5
43A6
330
1F
100
AcDbEntity
  8
DETIALS
100
AcDbBlockReference
  2
machine1
 10
-77.94538267408527
 20
863.81044912825
 30
0.0
 50
270.0
  0
MTEXT
  5
43A7
330
1F
100
AcDbEntity
  8
txt
100
AcDbMText
 10
131.3589819355887
 20
54.74367398651313
 30
0.0
 40
0.3
 41
7.676165618601159
 46
0.8000000000000481
 71
1
 72
5
  1
{\Fromanc|c0; Machines type A}
1001
ACAD
1000
ACAD_MTEXT_DEFINED_HEIGHT_BEGIN
1070
46
1040
0.8000000000000481
1000
ACAD_MTEXT_DEFINED_HEIGHT_END
  0
LINE
  5
43A8
330
1F
100
AcDbEntity
  8
A-Elev
100
AcDbLine
 10
94.11197131614549
 20
44.42227903990221
 30
0.0
 11
94.11197131614549
 21
46.82227903990366
 31
0.0
  0
LINE
  5
43A9
330
1F
100
AcDbEntity
  8
A-Elev
100
AcDbLine
 10
96.36197131614551
 20
44.42227903990402
 30
0.0
 11
96.36197131614551
 21
46.82227903990366
 31
0.0
  0
LINE
  5
43AA
330
1F
100
AcDbEntity
  8
A-Elev
  6
HIDDEN
 48
0.25
100
AcDbLine
 10
93.23457848645047
 20
46.82227903990201
 30
0.0
 11
95.36197131614375
 21
46.82227903990366
 31
0.0
  0
LINE
  5
43AB
330
1F
100
AcDbEntity
  8
A-Elev
  6
HIDDEN
 48
0.25
100
AcDbLine
 10
93.23457848645025
 20
44.42227903990221
 30
0.0
 11
94.11197131614549
 21
44.42227903990221
 31
0.0
  0
LINE
  5
43AC
330
1F
100
AcDbEntity
  8
A-Elev
  6
HIDDEN
 48
0.25
100
AcDbLine
 10
93.23457848645025
 20
44.7222790399019
 30
0.0
 11
94.11197131614549
 21
44.72227903990329
 31
0.0
  0
LINE
  5
43AD
330
1F
100
AcDbEntity
  8
A-Elev
  6
HIDDEN
 48
0.25
100
AcDbLine
 10
93.23457848645025
 20
45.02227903990158
 30
0.0
 11
94.11197131614549
 21
45.02227903990439
 31
0.0
  0
LINE
  5
43AE
330
1F
100
AcDbEntity
  8
A-Elev
  6
HIDDEN
 48
0.25
100
AcDbLine
 10
93.23457848645037
 20
45.32227903990223
 30
0.0
 11
94.11197131614549
 21
45.32227903990366
 31
0.0
  0
LINE
  5
43AF
330
1F
100
AcDbEntity
  8
A-Elev
  6
HIDDEN
 48
0.25
100
AcDbLine
 10
93.23457848645037
 20
45.62227903990151
 30
0.0
 11
94.11197131614549
 21
45.62227903990293
 31
0.0
  0
LINE
  5
43B0
330
1F
100
AcDbEntity
  8
A-Elev
  6
HIDDEN
 48
0.25
100
AcDbLine
 10
93.23457848645037
 20
45.9222790399022
 30
0.0
 11
94.11197131614549
 21
45.9222790399022
 31
0.0
  0
LINE
  5
43B1
330
1F
100
AcDbEntity
  8
A-Elev
  6
HIDDEN
 48
0.25
100
AcDbLine
 10
93.23457848645037
 20
46.22227903990188
 30
0.0
 11
94.11197131614549
 21
46.2222790399033
 31
0.0
  0
LINE
  5
43B2
330
1F
100
AcDbEntity
  8
A-Elev
  6
HIDDEN
 48
0.25
100
AcDbLine
 10
93.23457848645037
 20
46.52227903990154
 30
0.0
 11
94.11197131614549
 21
46.52227903990438
 31
0.0
  0
LWPOLYLINE
  5
43B3
330
1F
100
AcDbEntity
  8
A-Col
100
AcDbPolyline
 90
4
 70
1
 10
96.11197131614551
 20
45.17227903990402
 10
94.3619713161455
 20
45.1722790399022
 10
94.3619713161455
 20
46.57227903990366
 10
96.11197131614551
 20
46.57227903990366
  0
LWPOLYLINE
  5
43B4
330
1F
100
AcDbEntity
  8
A-Col
100
AcDbPolyline
 90
4
 70
1
 10
96.36197131614551
 20
44.92227903990584
 10
94.11197131614549
 20
44.92227903990403
 10
94.11197131614549
 20
46.82227903990366
 10
96.36197131614551
 20
46.82227903990366
  0
HATCH
  5
43B5
330
1F
100
AcDbEntity
  8
A-Elev
100
AcDbHatch
 10
0.0
 20
0.0
 30
0.0
210
0.0
220
0.0
230
1.0
  2
ANSI31
 70
0
 71
0
 91
1
 92
7
 72
0
 73
1
 93
3
 10
95.9119713161448
 20
45.37227903990475
 10
94.56197131614631
 20
46.37227903990293
 10
95.9119713161448
 20
46.37227903990293
 97
0
 75
0
 76
1
 52
38.41935915711266
 41
1.0
 77
0
 78
1
 53
270.0
 43
155.6888559785979
 44
149.8222790399364
 45
-0.125
 46
-6.76e-14
 79
0
 47
0.0103149102626503
 98
1
 10
95.42215097035606
 20
46.10594767374147
1001
ACAD
1010
0.0
1020
0.0
1030
0.0
  0
LWPOLYLINE
  5
43B6
330
1F
100
AcDbEntity
  8
A-Elev
100
AcDbPolyline
 90
4
 70
1
 10
95.9119713161448
 20
45.37227903990475
 10
94.56197131614631
 20
45.37227903990293
 10
94.56197131614631
 20
46.37227903990293
 10
95.9119713161448
 20
46.37227903990293
  0
LINE
  5
43B7
330
1F
100
AcDbEntity
  8
A-Elev
100
AcDbLine
 10
95.9119713161448
 20
45.37227903990475
 30
0.0
 11
94.56197131614631
 21
46.37227903990293
 31
0.0
  0
LINE
  5
43B8
330
1F
100
AcDbEntity
  8
A-Elev
100
AcDbLine
 10
96.36197131614551
 20
44.42227903990402
 30
0.0
 11
96.98931382921153
 21
44.42227903990504
 31
0.0
  0
LINE
  5
43B9
330
1F
100
AcDbEntity
  8
A-Elev
100
AcDbLine
 10
96.36197131614551
 20
44.72227903990511
 30
0.0
 11
96.98931382921153
 21
44.72227903990514
 31
0.0
  0
LINE
  5
43BA
330
1F
100
AcDbEntity
  8
A-Elev
100
AcDbLine
 10
96.36197131614551
 20
45.02227903990439
 30
0.0
 11
96.98931382921153
 21
45.02227903990436
 31
0.0
  0
LINE
  5
43BB
330
1F
100
AcDbEntity
  8
A-Elev
100
AcDbLine
 10
96.36197131614551
 20
45.32227903990366
 30
0.0
 11
96.9893138292114
 21
45.32227903990466
 31
0.0
  0
LINE
  5
43BC
330
1F
100
AcDbEntity
  8
A-Elev
100
AcDbLine
 10
96.36197131614551
 20
45.62227903990293
 30
0.0
 11
96.9893138292114
 21
45.6222790399039
 31
0.0
  0
LINE
  5
43BD
330
1F
100
AcDbEntity
  8
A-Elev
100
AcDbLine
 10
96.36197131614551
 20
45.9222790399022
 30
0.0
 11
96.9893138292114
 21
45.92227903990425
 31
0.0
  0
LINE
  5
43BE
330
1F
100
AcDbEntity
  8
A-Elev
100
AcDbLine
 10
96.36197131614551
 20
46.2222790399033
 30
0.0
 11
96.9893138292114
 21
46.22227903990432
 31
0.0
  0
LINE
  5
43BF
330
1F
100
AcDbEntity
  8
A-Elev
100
AcDbLine
 10
96.36197131614551
 20
46.52227903990438
 30
0.0
 11
96.9893138292114
 21
46.52227903990442
 31
0.0
  0
LINE
  5
43C0
330
1F
100
AcDbEntity
  8
A-Elev
100
AcDbLine
 10
96.36197131614551
 20
46.82227903990366
 30
0.0
 11
96.9893138292114
 21
46.82227903990468
 31
0.0
  0
LINE
  5
43C1
330
1F
100
AcDbEntity
  8
A-Elev
  6
HIDDEN
 48
0.25
100
AcDbLine
 10
94.11197131614549
 20
46.82227903990366
 30
0.0
 11
94.11197131614549
 21
47.89727903990439
 31
0.0
  0
LINE
  5
43C2
330
1F
100
AcDbEntity
  8
A-Elev
  6
HIDDEN
 48
0.25
100
AcDbLine
 10
94.4119713161448
 20
46.82227903990366
 30
0.0
 11
94.4119713161448
 21
47.89727903990439
 31
0.0
  0
LINE
  5
43C3
330
1F
100
AcDbEntity
  8
A-Elev
  6
HIDDEN
 48
0.25
100
AcDbLine
 10
94.7119713161441
 20
46.82227903990366
 30
0.0
 11
94.7119713161441
 21
47.89727903990439
 31
0.0
  0
LINE
  5
43C4
330
1F
100
AcDbEntity
  8
A-Elev
  6
HIDDEN
 48
0.25
100
AcDbLine
 10
95.0119713161434
 20
46.82227903990366
 30
0.0
 11
95.0119713161434
 21
47.89727903990439
 31
0.0
  0
LINE
  5
43C5
330
1F
100
AcDbEntity
  8
A-Elev
100
AcDbLine
 10
95.31197131614447
 20
47.23717963285395
 30
0.0
 11
95.31197131614259
 21
47.89727903990439
 31
0.0
  0
LINE
  5
43C6
330
1F
100
AcDbEntity
  8
A-Elev
100
AcDbLine
 10
95.6119713161455
 20
46.82227903990366
 30
0.0
 11
95.61197131614377
 21
47.89727903990439
 31
0.0
  0
LINE
  5
43C7
330
1F
100
AcDbEntity
  8
A-Elev
100
AcDbLine
 10
95.9119713161448
 20
46.82227903990366
 30
0.0
 11
95.91197131614292
 21
47.89727903990439
 31
0.0
  0
LINE
  5
43C8
330
1F
100
AcDbEntity
  8
A-Elev
100
AcDbLine
 10
96.2119713161441
 20
46.82227903990366
 30
0.0
 11
96.2119713161441
 21
47.89727903990439
 31
0.0
  0
LINE
  5
43C9
330
1F
100
AcDbEntity
  8
A-Elev
  6
HIDDEN
 48
0.25
100
AcDbLine
 10
95.31197131614447
 20
47.23717963285395
 30
0.0
 11
95.31197131614447
 21
46.82227903990366
 31
0.0
  0
LINE
  5
43CA
330
1F
100
AcDbEntity
  8
A-Elev
100
AcDbLine
 10
94.11197131614549
 20
44.42227903990221
 30
0.0
 11
94.11197131614549
 21
46.82227903990366
 31
0.0
  0
LINE
  5
43CB
330
1F
100
AcDbEntity
  8
A-Elev
100
AcDbLine
 10
96.36197131614551
 20
44.42227903990402
 30
0.0
 11
96.36197131614551
 21
46.82227903990366
 31
0.0
  0
LINE
  5
43CC
330
1F
100
AcDbEntity
  8
A-Elev
  6
HIDDEN
 48
0.25
100
AcDbLine
 10
93.23457848645047
 20
46.82227903990201
 30
0.0
 11
95.36197131614375
 21
46.82227903990366
 31
0.0
  0
LINE
  5
43CD
330
1F
100
AcDbEntity
  8
A-Elev
  6
HIDDEN
 48
0.25
100
AcDbLine
 10
93.23457848645025
 20
44.42227903990221
 30
0.0
 11
94.11197131614549
 21
44.42227903990221
 31
0.0
  0
LINE
  5
43CE
330
1F
100
AcDbEntity
  8
A-Elev
  6
HIDDEN
 48
0.25
100
AcDbLine
 10
93.23457848645025
 20
44.7222790399019
 30
0.0
 11
94.11197131614549
 21
44.72227903990329
 31
0.0
  0
LINE
  5
43CF
330
1F
100
AcDbEntity
  8
A-Elev
  6
HIDDEN
 48
0.25
100
AcDbLine
 10
93.23457848645025
 20
45.02227903990158
 30
0.0
 11
94.11197131614549
 21
45.02227903990439
 31
0.0
  0
LINE
  5
43D0
330
1F
100
AcDbEntity
  8
A-Elev
  6
HIDDEN
 48
0.25
100
AcDbLine
 10
93.23457848645037
 20
45.32227903990223
 30
0.0
 11
94.11197131614549
 21
45.32227903990366
 31
0.0
  0
LINE
  5
43D1
330
1F
100
AcDbEntity
  8
A-Elev
  6
HIDDEN
 48
0.25
100
AcDbLine
 10
93.23457848645037
 20
45.62227903990151
 30
0.0
 11
94.11197131614549
 21
45.62227903990293
 31
0.0
  0
LINE
  5
43D2
330
1F
100
AcDbEntity
  8
A-Elev
  6
HIDDEN
 48
0.25
100
AcDbLine
 10
93.23457848645037
 20
45.9222790399022
 30
0.0
 11
94.11197131614549
 21
45.9222790399022
 31
0.0
  0
LINE
  5
43D3
330
1F
100
AcDbEntity
  8
A-Elev
  6
HIDDEN
 48
0.25
100
AcDbLine
 10
93.23457848645037
 20
46.22227903990188
 30
0.0
 11
94.11197131614549
 21
46.2222790399033
 31
0.0
  0
LINE
  5
43D4
330
1F
100
AcDbEntity
  8
A-Elev
  6
HIDDEN
 48
0.25
100
AcDbLine
 10
93.23457848645037
 20
46.52227903990154
 30
0.0
 11
94.11197131614549
 21
46.52227903990438
 31
0.0
  0
LWPOLYLINE
  5
43D5
330
1F
100
AcDbEntity
  8
A-Col
100
AcDbPolyline
 90
4
 70
1
 10
96.11197131614551
 20
45.17227903990402
 10
94.3619713161455
 20
45.1722790399022
 10
94.3619713161455
 20
46.57227903990366
 10
96.11197131614551
 20
46.57227903990366
  0
LWPOLYLINE
  5
43D6
330
1F
100
AcDbEntity
  8
A-Col
100
AcDbPolyline
 90
4
 70
1
 10
96.36197131614551
 20
44.92227903990584
 10
94.11197131614549
 20
44.92227903990403
 10
94.11197131614549
 20
46.82227903990366
 10
96.36197131614551
 20
46.82227903990366
  0
HATCH
  5
43D7
330
1F
100
AcDbEntity
  8
A-Elev
100
AcDbHatch
 10
0.0
 20
0.0
 30
0.0
210
0.0
220
0.0
230
1.0
  2
ANSI31
 70
0
 71
0
 91
1
 92
7
 72
0
 73
1
 93
3
 10
95.9119713161448
 20
45.37227903990475
 10
94.56197131614631
 20
46.37227903990293
 10
95.9119713161448
 20
46.37227903990293
 97
0
 75
0
 76
1
 52
38.41935915711266
 41
1.0
 77
0
 78
1
 53
270.0
 43
155.6888559785979
 44
149.8222790399364
 45
-0.125
 46
-6.76e-14
 79
0
 47
0.0103149102626503
 98
1
 10
95.42215097035606
 20
46.10594767374147
1001
ACAD
1010
0.0
1020
0.0
1030
0.0
  0
LWPOLYLINE
  5
43D8
330
1F
100
AcDbEntity
  8
A-Elev
100
AcDbPolyline
 90
4
 70
1
 10
95.9119713161448
 20
45.37227903990475
 10
94.56197131614631
 20
45.37227903990293
 10
94.56197131614631
 20
46.37227903990293
 10
95.9119713161448
 20
46.37227903990293
  0
LINE
  5
43D9
330
1F
100
AcDbEntity
  8
A-Elev
100
AcDbLine
 10
95.9119713161448
 20
45.37227903990475
 30
0.0
 11
94.56197131614631
 21
46.37227903990293
 31
0.0
  0
LINE
  5
43DA
330
1F
100
AcDbEntity
  8
A-Elev
100
AcDbLine
 10
96.36197131614551
 20
44.42227903990402
 30
0.0
 11
96.98931382921153
 21
44.42227903990504
 31
0.0
  0
LINE
  5
43DB
330
1F
100
AcDbEntity
  8
A-Elev
100
AcDbLine
 10
96.36197131614551
 20
44.72227903990511
 30
0.0
 11
96.98931382921153
 21
44.72227903990514
 31
0.0
  0
LINE
  5
43DC
330
1F
100
AcDbEntity
  8
A-Elev
100
AcDbLine
 10
96.36197131614551
 20
45.02227903990439
 30
0.0
 11
96.98931382921153
 21
45.02227903990436
 31
0.0
  0
LINE
  5
43DD
330
1F
100
AcDbEntity
  8
A-Elev
100
AcDbLine
 10
96.36197131614551
 20
45.32227903990366
 30
0.0
 11
96.9893138292114
 21
45.32227903990466
 31
0.0
  0
LINE
  5
43DE
330
1F
100
AcDbEntity
  8
A-Elev
100
AcDbLine
 10
96.36197131614551
 20
45.62227903990293
 30
0.0
 11
96.9893138292114
 21
45.6222790399039
 31
0.0
  0
LINE
  5
43DF
330
1F
100
AcDbEntity
  8
A-Elev
100
AcDbLine
 10
96.36197131614551
 20
45.9222790399022
 30
0.0
 11
96.9893138292114
 21
45.92227903990425
 31
0.0
  0
LINE
  5
43E0
330
1F
100
AcDbEntity
  8
A-Elev
100
AcDbLine
 10
96.36197131614551
 20
46.2222790399033
 30
0.0
 11
96.9893138292114
 21
46.22227903990432
 31
0.0
  0
LINE
  5
43E1
330
1F
100
AcDbEntity
  8
A-Elev
100
AcDbLine
 10
96.36197131614551
 20
46.52227903990438
 30
0.0
 11
96.9893138292114
 21
46.52227903990442
 31
0.0
  0
LINE
  5
43E2
330
1F
100
AcDbEntity
  8
A-Elev
100
AcDbLine
 10
96.36197131614551
 20
46.82227903990366
 30
0.0
 11
96.9893138292114
 21
46.82227903990468
 31
0.0
  0
LINE
  5
43E3
330
1F
100
AcDbEntity
  8
A-Elev
  6
HIDDEN
 48
0.25
100
AcDbLine
 10
94.11197131614549
 20
46.82227903990366
 30
0.0
 11
94.11197131614549
 21
47.89727903990439
 31
0.0
  0
LINE
  5
43E4
330
1F
100
AcDbEntity
  8
A-Elev
  6
HIDDEN
 48
0.25
100
AcDbLine
 10
94.4119713161448
 20
46.82227903990366
 30
0.0
 11
94.4119713161448
 21
47.89727903990439
 31
0.0
  0
LINE
  5
43E5
330
1F
100
AcDbEntity
  8
A-Elev
  6
HIDDEN
 48
0.25
100
AcDbLine
 10
94.7119713161441
 20
46.82227903990366
 30
0.0
 11
94.7119713161441
 21
47.89727903990439
 31
0.0
  0
LINE
  5
43E6
330
1F
100
AcDbEntity
  8
A-Elev
  6
HIDDEN
 48
0.25
100
AcDbLine
 10
95.0119713161434
 20
46.82227903990366
 30
0.0
 11
95.0119713161434
 21
47.89727903990439
 31
0.0
  0
LINE
  5
43E7
330
1F
100
AcDbEntity
  8
A-Elev
100
AcDbLine
 10
95.31197131614447
 20
47.23717963285395
 30
0.0
 11
95.31197131614259
 21
47.89727903990439
 31
0.0
  0
LINE
  5
43E8
330
1F
100
AcDbEntity
  8
A-Elev
100
AcDbLine
 10
95.6119713161455
 20
46.82227903990366
 30
0.0
 11
95.61197131614377
 21
47.89727903990439
 31
0.0
  0
LINE
  5
43E9
330
1F
100
AcDbEntity
  8
A-Elev
100
AcDbLine
 10
95.9119713161448
 20
46.82227903990366
 30
0.0
 11
95.91197131614292
 21
47.89727903990439
 31
0.0
  0
LINE
  5
43EA
330
1F
100
AcDbEntity
  8
A-Elev
100
AcDbLine
 10
96.2119713161441
 20
46.82227903990366
 30
0.0
 11
96.2119713161441
 21
47.89727903990439
 31
0.0
  0
LINE
  5
43EB
330
1F
100
AcDbEntity
  8
A-Elev
  6
HIDDEN
 48
0.25
100
AcDbLine
 10
95.31197131614447
 20
47.23717963285395
 30
0.0
 11
95.31197131614447
 21
46.82227903990366
 31
0.0
  0
INSERT
  5
43EC
330
1F
100
AcDbEntity
  8
0
100
AcDbBlockReference
  2
h
 10
930.7885543456313
 20
245.277388433582
 30
0.0
 50
180.0
  0
LINE
  5
43EE
330
1F
100
AcDbEntity
  8
A-wall
100
AcDbLine
 10
93.23457848644979
 20
40.24698066305639
 30
0.0
 11
93.38457848644978
 21
40.24698066305638
 31
0.0
  0
MTEXT
  5
43EF
330
1F
100
AcDbEntity
  8
txt
100
AcDbMText
 10
115.3265903799225
 20
48.71664284797844
 30
0.0
 40
0.2472101374748489
 41
6.32541985951367
 46
0.6592270332663033
 71
1
 72
5
  1
{\Fromanc|c0; Machines type B}
1001
ACAD
1000
ACAD_MTEXT_DEFINED_HEIGHT_BEGIN
1070
46
1040
0.8000000000000481
1000
ACAD_MTEXT_DEFINED_HEIGHT_END
  0
INSERT
  5
43F0
330
1F
100
AcDbEntity
  8
DETIALS
100
AcDbBlockReference
  2
machine2
 10
-68.62659585271182
 20
798.3630347919956
 30
0.0
 50
270.0
  0
MTEXT
  5
43F1
330
1F
100
AcDbEntity
  8
txt
100
AcDbMText
 10
109.9839890503221
 20
54.12753604376956
 30
0.0
 40
0.2472101374748489
 41
6.32541985951367
 46
0.6592270332663033
 71
1
 72
5
  1
{\Fromanc|c0; Machines type B}
1001
ACAD
1000
ACAD_MTEXT_DEFINED_HEIGHT_BEGIN
1070
46
1040
0.8000000000000481
1000
ACAD_MTEXT_DEFINED_HEIGHT_END
  0
INSERT
  5
43F2
330
1F
100
AcDbEntity
  8
DETIALS
100
AcDbBlockReference
  2
machine2
 10
-73.9691971823122
 20
803.7739279877868
 30
0.0
 50
270.0
  0
MTEXT
  5
43F3
330
1F
100
AcDbEntity
  8
txt
100
AcDbMText
 10
115.1247053288829
 20
54.12753604376959
 30
0.0
 40
0.2472101374748489
 41
6.32541985951367
 46
0.6592270332663033
 71
1
 72
5
  1
{\Fromanc|c0; Machines type B}
1001
ACAD
1000
ACAD_MTEXT_DEFINED_HEIGHT_BEGIN
1070
46
1040
0.8000000000000481
1000
ACAD_MTEXT_DEFINED_HEIGHT_END
  0
INSERT
  5
43F4
330
1F
100
AcDbEntity
  8
DETIALS
100
AcDbBlockReference
  2
machine2
 10
-68.82848090375134
 20
803.7739279877868
 30
0.0
 50
270.0
  0
MTEXT
  5
43F5
330
1F
100
AcDbEntity
  8
txt
100
AcDbMText
 10
110.2038804757224
 20
48.61230586724281
 30
0.0
 40
0.2472101374748489
 41
6.32541985951367
 46
0.6592270332663033
 71
1
 72
5
  1
{\Fromanc|c0; Machines type B}
1001
ACAD
1000
ACAD_MTEXT_DEFINED_HEIGHT_BEGIN
1070
46
1040
0.8000000000000481
1000
ACAD_MTEXT_DEFINED_HEIGHT_END
  0
INSERT
  5
43F6
330
1F
100
AcDbEntity
  8
DETIALS
100
AcDbBlockReference
  2
machine2
 10
-73.7493057569118
 20
798.25869781126
 30
0.0
 50
270.0
  0
LINE
  5
43F7
330
1F
100
AcDbEntity
  8
A-wall
100
AcDbLine
 10
144.7069864550321
 20
55.97081519756494
 30
0.0
 11
144.7069864550322
 21
49.89931837500055
 31
0.0
  0
LINE
  5
43F8
330
1F
100
AcDbEntity
  8
A-wall
100
AcDbLine
 10
144.7069864550322
 20
49.11384266078124
 30
0.0
 11
144.7069864550321
 21
48.99736461401079
 31
0.0
  0
LINE
  5
43F9
330
1F
100
AcDbEntity
  8
A-wall
100
AcDbLine
 10
144.7069864550321
 20
48.21188889979151
 30
0.0
 11
144.7069864550321
 21
41.84698066305594
 31
0.0
  0
LINE
  5
43FA
330
1F
100
AcDbEntity
  8
A-wall
100
AcDbLine
 10
144.5569864550322
 20
55.97081519756494
 30
0.0
 11
144.5569864550322
 21
49.88092710445773
 31
0.0
  0
LINE
  5
43FB
330
1F
100
AcDbEntity
  8
A-wall
100
AcDbLine
 10
144.5569864550322
 20
49.13223393132401
 30
0.0
 11
144.5569864550323
 21
48.97897334346803
 31
0.0
  0
LINE
  5
43FC
330
1F
100
AcDbEntity
  8
A-wall
100
AcDbLine
 10
144.5569864550323
 20
48.23028017033431
 30
0.0
 11
144.5569864550322
 21
41.99698066305595
 31
0.0
  0
LINE
  5
43FD
330
1F
100
AcDbEntity
  8
A-wall
100
AcDbLine
 10
144.5569864550322
 20
41.99698066305592
 30
0.0
 11
144.4987474316468
 21
41.99698066305589
 31
0.0
  0
LINE
  5
43FE
330
1F
100
AcDbEntity
  8
A-wall
100
AcDbLine
 10
143.7132717174275
 20
41.99698066305589
 30
0.0
 11
136.706986455032
 21
41.99698066305595
 31
0.0
  0
LINE
  5
43FF
330
1F
100
AcDbEntity
  8
A-wall
100
AcDbLine
 10
144.7069864550321
 20
41.84698066305594
 30
0.0
 11
144.480356161104
 21
41.84698066305594
 31
0.0
  0
LINE
  5
4400
330
1F
100
AcDbEntity
  8
A-wall
100
AcDbLine
 10
143.7316629879703
 20
41.84698066305594
 30
0.0
 11
136.706986455032
 21
41.84698066305594
 31
0.0
  0
INSERT
  5
4401
330
1F
100
AcDbEntity
  8
0
100
AcDbBlockReference
  2
h
 10
-692.8468648315558
 20
-159.758686512753
 30
0.0
  0
INSERT
  5
4402
330
1F
100
AcDbEntity
  8
0
100
AcDbBlockReference
  2
jl
 10
-57.02342131549324
 20
885.5575011629941
 30
0.0
 50
270.0
  0
INSERT
  5
4403
330
1F
100
AcDbEntity
  8
0
100
AcDbBlockReference
  2
jl
 10
-49.58004009915155
 20
880.3314611297665
 30
0.0
 50
270.0
  0
LINE
  5
4404
330
1F
100
AcDbEntity
  8
A-wall
100
AcDbLine
 10
152.250367671374
 20
45.44408788995059
 30
0.0
 11
154.750367671374
 21
45.44408788995059
 31
0.0
  0
LINE
  5
4405
330
1F
100
AcDbEntity
  8
A-wall
100
AcDbLine
 10
152.250367671374
 20
45.75732459474392
 30
0.0
 11
155.0636043761673
 21
45.75732459474392
 31
0.0
  0
LINE
  5
4406
330
1F
100
AcDbEntity
  8
A-wall
100
AcDbLine
 10
154.750367671374
 20
45.44408788995059
 30
0.0
 11
154.750367671374
 21
42.94408788995059
 31
0.0
  0
LINE
  5
4407
330
1F
100
AcDbEntity
  8
A-wall
100
AcDbLine
 10
155.0636043761673
 20
45.75732459474392
 30
0.0
 11
155.0636043761673
 21
42.94408788995059
 31
0.0
  0
LINE
  5
4408
330
1F
100
AcDbEntity
  8
A-wall
100
AcDbLine
 10
154.750367671374
 20
42.94408788995059
 30
0.0
 11
154.750367671374
 21
42.44408788995059
 31
0.0
  0
LINE
  5
4409
330
1F
100
AcDbEntity
  8
A-wall
100
AcDbLine
 10
155.0636043761673
 20
42.94408788995059
 30
0.0
 11
155.0636043761674
 21
42.13085118515727
 31
0.0
  0
LINE
  5
440A
330
1F
100
AcDbEntity
  8
A-wall
100
AcDbLine
 10
154.750367671374
 20
42.44408788995059
 30
0.0
 11
152.250367671374
 21
42.44408788995059
 31
0.0
  0
LINE
  5
440B
330
1F
100
AcDbEntity
  8
A-wall
100
AcDbLine
 10
155.0636043761674
 20
42.13085118515727
 30
0.0
 11
152.250367671374
 21
42.13085118515727
 31
0.0
  0
HATCH
  5
440C
330
1F
100
AcDbEntity
  8
Hatch-Green
100
AcDbHatch
 10
0.0
 20
0.0
 30
0.0
210
0.0
220
0.0
230
1.0
  2
GRASS
 70
0
 71
0
 91
21
 92
7
 72
1
 73
1
 93
6
 10
162.3252169320558
 20
51.54830396493816
 42
0.0
 10
156.8131407311838
 20
54.53411633265131
 42
0.5711588108038786
 10
156.222636896803
 20
54.17898749683008
 42
0.0
 10
156.2604054428402
 20
49.75509968200566
 42
0.523961312631752
 10
156.7982613475969
 20
49.19285327186589
 42
0.0
 10
162.0293037736437
 20
49.2076902841556
 42
0.6559504699777424
 97
0
 92
22
 72
0
 73
1
 93
3
 10
158.8808137787336
 20
52.53129159216513
 10
158.8839163758483
 20
52.54841630530354
 10
158.8684201055647
 20
52.55560619083843
 97
0
 92
22
 72
0
 73
1
 93
4
 10
158.9218192167727
 20
52.55280454513303
 10
158.9266348961672
 20
52.55099693381379
 10
158.926284286951
 20
52.55176891992523
 10
158.9200151426547
 20
52.55654342447741
 97
0
 92
22
 72
0
 73
1
 93
4
 10
158.6903180074322
 20
52.29920715081715
 10
158.6878087481881
 20
52.29585713884552
 10
158.7083939189933
 20
52.30821236053742
 10
158.7081408560506
 20
52.30852697877634
 97
0
 92
22
 72
0
 73
1
 93
3
 10
158.4400657500763
 20
52.47131132157591
 10
158.4321893317273
 20
52.4585159158425
 10
158.4419059165474
 20
52.46765784413873
 97
0
 92
22
 72
0
 73
1
 93
5
 10
158.4757835230546
 20
52.60697059257944
 10
158.4632492033478
 20
52.60304604613811
 10
158.4602048653277
 20
52.60096675578569
 10
158.4597469960344
 20
52.59830755220281
 10
158.4731455592363
 20
52.57716351797461
 97
0
 92
22
 72
0
 73
1
 93
116
 10
158.915656211443
 20
52.6762968648083
 10
158.8627343473371
 20
52.70149906880323
 10
158.8555245705892
 20
52.70943917662515
 10
158.8280750112089
 20
52.66793524025814
 10
158.8405858150826
 20
52.65118238011308
 10
158.8076466200027
 20
52.66956476918057
 10
158.7861371665411
 20
52.6785039985254
 10
158.7789880163354
 20
52.64361834192022
 10
158.666459831117
 20
52.62545164798684
 10
158.6062773345137
 20
52.6055001680499
 10
158.5600409611951
 20
52.57547960966729
 10
158.5222953012479
 20
52.54282597557829
 10
158.4926143237815
 20
52.58515922885016
 10
158.5024044339269
 20
52.62675797197625
 10
158.5155435020523
 20
52.59918758411839
 10
158.5249292586803
 20
52.62985176693764
 10
158.6254222422021
 20
52.63182181503833
 10
158.6253264530632
 20
52.63100209360453
 10
158.6609986443245
 20
52.62456998701527
 10
158.7579603743297
 20
52.64022361254063
 10
158.6624703215774
 20
52.68479921853321
 10
158.5188578851147
 20
52.66796406963402
 10
158.477622467234
 20
52.65040801560025
 10
158.4560917294337
 20
52.62996760460845
 10
158.4447314963535
 20
52.6142799754918
 10
158.4395484642253
 20
52.56380106942123
 10
158.4507628161181
 20
52.537017480997
 10
158.486974214872
 20
52.48878138108665
 10
158.4933287476514
 20
52.46639526666621
 10
158.5569193987311
 20
52.51798971373609
 10
158.557595378027
 20
52.51721240735349
 10
158.634960333219
 20
52.57100758116684
 10
158.6340448174914
 20
52.56616629372473
 10
158.6349547468752
 20
52.56542114025359
 10
158.6907437677791
 20
52.58787315447915
 10
158.6910523641153
 20
52.5872872473239
 10
158.7362622702957
 20
52.60289883276271
 10
158.7531081740206
 20
52.56974601516702
 10
158.7125548245994
 20
52.54304797980075
 10
158.637614705326
 20
52.47948752653354
 10
158.5654933316499
 20
52.39553195939624
 10
158.5521501603388
 20
52.35783774846931
 10
158.5513706885238
 20
52.34975093334395
 10
158.5509036279207
 20
52.32446577252557
 10
158.5720461860318
 20
52.28978009659221
 10
158.5919187850585
 20
52.2594385260956
 10
158.6153896014938
 20
52.21678865686152
 10
158.6223844395962
 20
52.2066983994311
 10
158.6243455111388
 20
52.20981585316184
 10
158.6134112412755
 20
52.34230497093921
 10
158.716525459541
 20
52.48600876058953
 10
158.7172935532243
 20
52.48296689170746
 10
158.7929414760136
 20
52.54569850209662
 10
158.791565251361
 20
52.51516540678602
 10
158.794905024616
 20
52.48690327017829
 10
158.7949616052237
 20
52.48697761455622
 10
158.7952233191344
 20
52.46704147904819
 10
158.7876703393803
 20
52.47739721875513
 10
158.7711143224323
 20
52.45564335618036
 10
158.7598710386873
 20
52.40063538251451
 10
158.7595089469168
 20
52.40108300623359
 10
158.7494187781294
 20
52.360494800004
 10
158.7377790554628
 20
52.30855213704052
 10
158.6832493254777
 20
52.38707950734459
 10
158.6657738935818
 20
52.41527950053495
 10
158.637434648156
 20
52.37578487960234
 10
158.6524007179113
 20
52.33709175409166
 10
158.6899993722354
 20
52.29246841965068
 10
158.6571811180101
 20
52.26201358427823
 10
158.6384019582301
 20
52.2321609448365
 10
158.6240054708204
 20
52.20113237574441
 10
158.5919187850585
 20
52.25943852609197
 10
158.5720461860355
 20
52.28978009657947
 10
158.5385062702215
 20
52.34480440560509
 10
158.5234095476216
 20
52.35269276406978
 10
158.4889110873855
 20
52.30398514297047
 10
158.4584605790686
 20
52.29508321821703
 10
158.4176010289929
 20
52.37115847616877
 10
158.4148256605139
 20
52.44149747787486
 10
158.4446347387356
 20
52.47022527881307
 10
158.4207180996699
 20
52.50320465511066
 10
158.4080375926122
 20
52.56339313610005
 10
158.4447516015688
 20
52.61447578543919
 10
158.4447314963535
 20
52.6142799754918
 10
158.4678944697579
 20
52.64626630301171
 10
158.5188578851183
 20
52.66796406963402
 10
158.5325806352183
 20
52.6774770494514
 10
158.5388952906495
 20
52.71233064433108
 10
158.5445749665313
 20
52.74935629192367
 10
158.5615936799539
 20
52.7959839573661
 10
158.5900446138284
 20
52.8277896047486
 10
158.6733142253605
 20
52.77810109848104
 10
158.6873524769352
 20
52.75022947042561
 10
158.6945132667796
 20
52.74241515220746
 10
158.7263486745167
 20
52.77813343032284
 10
158.7673382775856
 20
52.82204800250764
 10
158.858951007597
 20
52.85260055590623
 10
158.8557976513429
 20
52.84684183674944
 10
158.8841509216862
 20
52.82976671986507
 10
158.9227329934609
 20
52.77897408615098
 10
158.9639943574683
 20
52.82010064687819
 10
159.0160900389482
 20
52.84083159863183
 10
159.1076714315994
 20
52.86760457258896
 10
159.1036666981952
 20
52.86220693797185
 10
159.1072690560312
 20
52.79044987793639
 10
159.1071924186243
 20
52.79053707351994
 10
159.1080886803019
 20
52.74119755717873
 10
159.0989955917802
 20
52.71514709694674
 10
159.1031973540656
 20
52.70522440376516
 10
159.0591252672155
 20
52.64638551775096
 10
159.0578934265822
 20
52.65666496466764
 10
158.9721230622698
 20
52.65385710395202
 10
158.9977125529139
 20
52.64830805372293
 10
158.9963869967095
 20
52.65284233831079
 10
158.9308273524429
 20
52.65772605735691
 10
158.9332045395993
 20
52.65738671515027
 97
0
 92
6
 72
0
 73
1
 93
3
 10
158.9393590019635
 20
52.69737225534226
 10
158.9383204578925
 20
52.69776208279399
 10
158.9475465684507
 20
52.68011845540349
 97
0
 92
6
 72
0
 73
1
 93
11
 10
159.0214635284927
 20
52.69072487446755
 10
158.9908197038957
 20
52.72027525981247
 10
158.9666754255203
 20
52.7408449644874
 10
158.982564969835
 20
52.74851194516776
 10
159.0443486976209
 20
52.79110368269829
 10
159.0666736301381
 20
52.76995675737379
 10
159.0412724404294
 20
52.78898300879991
 10
159.0180263706487
 20
52.77295790739771
 10
159.0562997002806
 20
52.74800506538958
 10
159.0905266896724
 20
52.66898990675435
 10
159.0286203394888
 20
52.65463384847061
 97
0
 92
22
 72
0
 73
1
 93
55
 10
158.9834237878957
 20
52.30196422011175
 10
158.9843526307657
 20
52.31389866548233
 10
158.9824110568524
 20
52.31622504443038
 10
158.9352986972835
 20
52.35542275538972
 10
158.9359466757332
 20
52.36332266494645
 10
158.9292102227945
 20
52.37454634330532
 10
158.8949235684003
 20
52.41827813187518
 10
158.8990916821812
 20
52.49796340263237
 10
158.9227581197582
 20
52.46382387798547
 10
158.9454377510637
 20
52.43194523431992
 10
158.9842691421498
 20
52.38514104902714
 10
159.0156965715713
 20
52.35071302507748
 10
159.0153029187267
 20
52.34735844273672
 10
159.0486828695802
 20
52.27233449944577
 10
159.0581118899253
 20
52.27234035611144
 10
159.0637915658106
 20
52.3093660037095
 10
159.0519386143322
 20
52.34991098780773
 10
159.0459449710168
 20
52.38116636526791
 10
159.0305055154612
 20
52.41516160741884
 10
158.9924535961936
 20
52.47005260782424
 10
158.9689944930951
 20
52.4938444363699
 10
158.9388759912097
 20
52.52288824368332
 10
158.9423925198451
 20
52.57408776517621
 10
158.9371010236489
 20
52.59218820450332
 10
158.9137461734526
 20
52.62172661986477
 10
158.8957458349295
 20
52.62134098445784
 10
158.9051434990641
 20
52.59934949932466
 10
158.8849503631344
 20
52.62110970457541
 10
158.9445148522562
 20
52.62238580146657
 10
158.9494537568051
 20
52.61600562947859
 10
158.9896441605041
 20
52.60872406923335
 10
158.9896758313434
 20
52.60864927680012
 10
159.0764812464794
 20
52.59055152822947
 10
159.0769880519391
 20
52.5897071340816
 10
159.1472319154445
 20
52.54866758597671
 10
159.1486763610364
 20
52.5418114732376
 10
159.1897400442529
 20
52.48404797733491
 10
159.1986738449513
 20
52.52140614323542
 10
159.1842510855121
 20
52.53712535291487
 10
159.2082288163755
 20
52.49127134473491
 10
159.1507255589157
 20
52.43912636674321
 10
159.1529970765176
 20
52.4516639557143
 10
159.0957730553881
 20
52.45699159363465
 10
159.0958757869474
 20
52.45810720129265
 10
159.0560781046068
 20
52.48629496186658
 10
158.9825335831728
 20
52.52377237924992
 10
158.9814093543235
 20
52.52896767616511
 10
158.9691106739763
 20
52.53736824578772
 10
158.9537460760793
 20
52.50930912493021
 10
158.9924535961936
 20
52.47005260782424
 10
159.0428371559636
 20
52.3973728572866
 10
159.0519386143305
 20
52.34991098780955
 10
159.0637915658106
 20
52.3093660037095
 10
159.0556938013313
 20
52.2565769044624
 10
159.0516017130856
 20
52.26577417972766
 97
0
 92
22
 72
0
 73
1
 93
3
 10
158.8997574763769
 20
52.42959354932025
 10
158.9126429094366
 20
52.39424331837034
 10
158.9145973149705
 20
52.40768729295012
 97
0
 92
22
 72
0
 73
1
 93
6
 10
158.4899950180978
 20
52.31279457541058
 10
158.4555457836931
 20
52.34479385625235
 10
158.4342423283513
 20
52.39158157848686
 10
158.4221631245299
 20
52.37248967419617
 10
158.4398324555176
 20
52.32163082323785
 10
158.4663086384306
 20
52.29197628816035
 97
0
 92
22
 72
0
 73
1
 93
12
 10
158.4464890357402
 20
52.41096908450998
 10
158.5088196677087
 20
52.48687387110584
 10
158.5251807804224
 20
52.44698797988639
 10
158.5515335270383
 20
52.42450158318314
 10
158.5814776669076
 20
52.40626711551448
 10
158.5126049029267
 20
52.34950412842334
 10
158.4713296769795
 20
52.39047072752618
 10
158.4614968224258
 20
52.42924521632011
 10
158.4464890357402
 20
52.41096908450998
 10
158.4667368280542
 20
52.35907369579871
 10
158.4889717166469
 20
52.34553377250012
 10
158.4609440532394
 20
52.37392066262254
 97
0
 92
6
 72
0
 73
1
 93
3
 10
158.5590451252564
 20
52.62160484107079
 10
158.5722212780919
 20
52.59784860521648
 10
158.5634228894513
 20
52.628844075941
 97
0
 92
6
 72
0
 73
1
 93
8
 10
158.5404373937334
 20
52.62437614847948
 10
158.5569711628912
 20
52.59268931332662
 10
158.5569780485519
 20
52.59270189182569
 10
158.5577528500533
 20
52.59119121618386
 10
158.5404373937353
 20
52.6243761484813
 10
158.528185120608
 20
52.5948616700818
 10
158.5399421790852
 20
52.58358509640237
 10
158.5325095412362
 20
52.60527875905172
 97
0
 92
6
 72
0
 73
1
 93
4
 10
158.8975708449733
 20
52.75523912718671
 10
158.9097408276456
 20
52.76653268400258
 10
158.8967223397002
 20
52.78697884186584
 10
158.8716950577353
 20
52.80017459435402
 97
0
 92
6
 72
0
 73
1
 93
10
 10
158.8292113653214
 20
52.68215709011673
 10
158.7860699896399
 20
52.70052423538363
 10
158.8307669559353
 20
52.80520542769153
 10
158.8723785697174
 20
52.7865300240748
 10
158.8880204966798
 20
52.74722515260072
 10
158.8426018852359
 20
52.69807514376333
 10
158.8357308364601
 20
52.71132922901341
 10
158.8230920268896
 20
52.72516912928693
 10
158.8009895273143
 20
52.73546609210933
 10
158.7984905449656
 20
52.72961342528396
 97
0
 92
6
 72
0
 73
1
 93
3
 10
158.6461277735787
 20
52.72403613451314
 10
158.6451806679278
 20
52.70080846663148
 10
158.6498668128687
 20
52.71505905391785
 97
0
 92
6
 72
0
 73
1
 93
3
 10
158.5952326287396
 20
52.81517075985829
 10
158.5898858444879
 20
52.8232930794158
 10
158.5773670304797
 20
52.79526304944482
 97
0
 92
6
 72
0
 73
1
 93
8
 10
158.6106910064581
 20
52.76094098097309
 10
158.6110085885329
 20
52.71693947528291
 10
158.607124301573
 20
52.70764585869546
 10
158.610851741875
 20
52.73867083115618
 10
158.6106910064581
 20
52.76094098097309
 10
158.6281741740849
 20
52.80676768325355
 10
158.6254824996239
 20
52.8080494999478
 10
158.6280296471949
 20
52.80638885083425
 97
0
 92
6
 72
0
 73
1
 93
6
 10
158.5743295203382
 20
52.73935523899962
 10
158.5807655211892
 20
52.77880018799368
 10
158.6026857168207
 20
52.80679474990319
 10
158.5981084446092
 20
52.75736928916121
 10
158.5956982259039
 20
52.72426407635174
 10
158.5735743854519
 20
52.6646191580814
 97
0
 75
0
 76
1
 52
-6.379678046795764
 41
0.02
 77
0
 78
3
 53
83.62032195320415
 43
-1168.815762608963
 44
-1821.871386971022
 45
-0.3170714134103939
 46
0.3968996938748317
 79
2
 49
0.09525
 49
-0.62317
 53
38.6203219532042
 43
-1168.815762608963
 44
-1821.871386971022
 45
-0.3170716295308859
 46
0.396899964407442
 79
2
 49
0.09525
 49
-0.4127500000000001
 53
128.6203219532042
 43
-1168.815762608963
 44
-1821.871386971022
 45
-0.396899964407442
 46
-0.3170716295308859
 79
2
 49
0.0952499999999993
 49
-0.4127499999999974
 47
0.0620911376339144
 98
51
 10
159.3205239459229
 20
50.81241727393461
 10
159.3205239459229
 20
50.81241727393461
 10
159.3205239459229
 20
50.81241727393461
 10
159.3205239459229
 20
50.81241727393461
 10
159.3205239459229
 20
50.81241727393461
 10
159.3205239459229
 20
50.81241727393461
 10
159.3205239459229
 20
50.81241727393461
 10
159.3205239459229
 20
50.81241727393461
 10
159.3205239459229
 20
50.81241727393461
 10
159.3205239459229
 20
50.81241727393461
 10
159.3205239459229
 20
50.81241727393461
 10
159.3205239459229
 20
50.81241727393461
 10
159.3205239459229
 20
50.81241727393461
 10
159.3205239459229
 20
50.81241727393461
 10
159.3205239459229
 20
50.81241727393461
 10
159.3205239459229
 20
50.81241727393461
 10
159.3205239459229
 20
50.81241727393461
 10
159.3205239459229
 20
50.81241727393461
 10
159.3205239459229
 20
50.81241727393461
 10
159.3205239459229
 20
50.81241727393461
 10
159.3205239459229
 20
50.81241727393461
 10
154.3437372248035
 20
53.30568531281568
 10
154.1190520111221
 20
44.02157907839245
 10
154.1190520111221
 20
44.02157907839245
 10
154.1190520111221
 20
44.02157907839245
 10
154.1190520111221
 20
44.02157907839245
 10
154.1190520111221
 20
44.02157907839245
 10
154.1190520111221
 20
44.02157907839245
 10
154.1190520111221
 20
44.02157907839245
 10
154.1190520111221
 20
44.02157907839245
 10
154.1190520111221
 20
44.02157907839245
 10
154.1190520111221
 20
44.02157907839245
 10
154.1190520111221
 20
44.02157907839245
 10
154.1190520111221
 20
44.02157907839245
 10
154.1190520111221
 20
44.02157907839245
 10
154.1190520111221
 20
44.02157907839245
 10
154.1190520111221
 20
44.02157907839245
 10
154.1190520111221
 20
44.02157907839245
 10
154.1190520111221
 20
44.02157907839245
 10
154.1190520111221
 20
44.02157907839245
 10
154.1190520111221
 20
44.02157907839245
 10
154.1190520111221
 20
44.02157907839245
 10
154.1190520111221
 20
44.02157907839245
 10
154.1190520111221
 20
44.02157907839245
 10
154.1190520111221
 20
44.02157907839245
 10
154.1190520111221
 20
44.02157907839245
 10
154.1190520111221
 20
44.02157907839245
 10
154.1190520111221
 20
44.02157907839245
 10
154.1190520111221
 20
44.02157907839245
 10
154.1190520111221
 20
44.02157907839245
 10
154.1190520111221
 20
44.02157907839245
1001
ACAD
1010
0.0
1020
0.0
1030
0.0
  0
HATCH
  5
440D
330
1F
100
AcDbEntity
  8
Hatch-Green
100
AcDbHatch
 10
0.0
 20
0.0
 30
0.0
210
0.0
220
0.0
230
1.0
  2
GRASS
 70
0
 71
0
 91
1
 92
7
 72
1
 73
1
 93
8
 10
155.6988017965767
 20
54.43293430316879
 42
0.3859653449258446
 10
155.0827776478863
 20
55.14371833653348
 42
0.0
 10
153.7710289109408
 20
55.30188538523834
 42
0.4583825091671744
 10
152.9875144221668
 20
54.58702966152412
 42
0.0
 10
153.0467386716709
 20
52.50350697720858
 42
0.4028491441844573
 10
153.7390792760842
 20
51.82343535321087
 42
0.0
 10
154.984424989182
 20
51.81031086440197
 42
0.3186236447501365
 10
155.6499561431945
 20
52.27187566432002
 42
0.0
 97
0
 75
0
 76
1
 52
-6.379678046795764
 41
0.02
 77
0
 78
3
 53
83.62032195320415
 43
-1168.815762608963
 44
-1821.871386971022
 45
-0.3170714134103939
 46
0.3968996938748317
 79
2
 49
0.09525
 49
-0.62317
 53
38.6203219532042
 43
-1168.815762608963
 44
-1821.871386971022
 45
-0.3170716295308859
 46
0.396899964407442
 79
2
 49
0.09525
 49
-0.4127500000000001
 53
128.6203219532042
 43
-1168.815762608963
 44
-1821.871386971022
 45
-0.396899964407442
 46
-0.3170716295308859
 79
2
 49
0.0952499999999993
 49
-0.4127499999999974
 47
0.0620911376339144
 98
51
 10
159.3205239459229
 20
50.81241727393461
 10
159.3205239459229
 20
50.81241727393461
 10
159.3205239459229
 20
50.81241727393461
 10
159.3205239459229
 20
50.81241727393461
 10
159.3205239459229
 20
50.81241727393461
 10
159.3205239459229
 20
50.81241727393461
 10
159.3205239459229
 20
50.81241727393461
 10
159.3205239459229
 20
50.81241727393461
 10
159.3205239459229
 20
50.81241727393461
 10
159.3205239459229
 20
50.81241727393461
 10
159.3205239459229
 20
50.81241727393461
 10
159.3205239459229
 20
50.81241727393461
 10
159.3205239459229
 20
50.81241727393461
 10
159.3205239459229
 20
50.81241727393461
 10
159.3205239459229
 20
50.81241727393461
 10
159.3205239459229
 20
50.81241727393461
 10
159.3205239459229
 20
50.81241727393461
 10
159.3205239459229
 20
50.81241727393461
 10
159.3205239459229
 20
50.81241727393461
 10
159.3205239459229
 20
50.81241727393461
 10
159.3205239459229
 20
50.81241727393461
 10
154.3437372248035
 20
53.30568531281568
 10
154.1190520111221
 20
44.02157907839245
 10
154.1190520111221
 20
44.02157907839245
 10
154.1190520111221
 20
44.02157907839245
 10
154.1190520111221
 20
44.02157907839245
 10
154.1190520111221
 20
44.02157907839245
 10
154.1190520111221
 20
44.02157907839245
 10
154.1190520111221
 20
44.02157907839245
 10
154.1190520111221
 20
44.02157907839245
 10
154.1190520111221
 20
44.02157907839245
 10
154.1190520111221
 20
44.02157907839245
 10
154.1190520111221
 20
44.02157907839245
 10
154.1190520111221
 20
44.02157907839245
 10
154.1190520111221
 20
44.02157907839245
 10
154.1190520111221
 20
44.02157907839245
 10
154.1190520111221
 20
44.02157907839245
 10
154.1190520111221
 20
44.02157907839245
 10
154.1190520111221
 20
44.02157907839245
 10
154.1190520111221
 20
44.02157907839245
 10
154.1190520111221
 20
44.02157907839245
 10
154.1190520111221
 20
44.02157907839245
 10
154.1190520111221
 20
44.02157907839245
 10
154.1190520111221
 20
44.02157907839245
 10
154.1190520111221
 20
44.02157907839245
 10
154.1190520111221
 20
44.02157907839245
 10
154.1190520111221
 20
44.02157907839245
 10
154.1190520111221
 20
44.02157907839245
 10
154.1190520111221
 20
44.02157907839245
 10
154.1190520111221
 20
44.02157907839245
 10
154.1190520111221
 20
44.02157907839245
1001
ACAD
1010
0.0
1020
0.0
1030
0.0
  0
LINE
  5
440E
330
1F
100
AcDbEntity
  8
Hatch-Green
100
AcDbLine
 10
153.0467386716709
 20
52.50350697720858
 30
0.0
 11
152.9875144221668
 21
54.58702966152412
 31
0.0
  0
ARC
  5
440F
330
1F
100
AcDbEntity
  8
Hatch-Green
100
AcDbCircle
 10
153.6872317990845
 20
54.60691916732065
 30
0.0
 40
0.7000000000000001
100
AcDbArc
 50
83.12462462099896
 51
181.6281973309867
  0
ARC
  5
4410
330
1F
100
AcDbEntity
  8
Hatch-Green
100
AcDbCircle
 10
153.7464560485867
 20
52.52339648300875
 30
0.0
 40
0.7000000000000001
100
AcDbArc
 50
181.6281973309867
 51
269.3961917796959
  0
LINE
  5
4411
330
1F
100
AcDbEntity
  8
Hatch-Green
100
AcDbLine
 10
155.6499561431945
 20
52.27187566432002
 30
0.0
 11
155.6988017965767
 21
54.43293430316879
 31
0.0
  0
ARC
  5
4412
330
1F
100
AcDbEntity
  8
Hatch-Green
100
AcDbCircle
 10
154.9918017616863
 20
52.51027199419985
 30
0.0
 40
0.7000000000000001
100
AcDbArc
 50
269.3961917792746
 51
340.0886271019027
  0
LINE
  5
4413
330
1F
100
AcDbEntity
  8
Side Walk
100
AcDbLine
 10
159.1687817172032
 20
54.63615770734503
 30
0.0
 11
164.3314155589313
 21
51.852264603028
 31
0.0
  0
LINE
  5
4414
330
1F
100
AcDbEntity
  8
Side Walk
100
AcDbLine
 10
159.1640799946716
 20
41.72472471585132
 30
0.0
 11
152.1377573401322
 21
40.11549945060432
 31
0.0
  0
LINE
  5
4415
330
1F
100
AcDbEntity
  8
Hatch-Green
100
AcDbLine
 10
153.7710289109408
 20
55.30188538523834
 30
0.0
 11
155.0827776478863
 21
55.14371833653348
 31
0.0
  0
ARC
  5
4416
330
1F
100
AcDbEntity
  8
Hatch-Green
100
AcDbCircle
 10
154.99898053603
 20
54.44875211861762
 30
0.0
 40
0.7000000000000001
100
AcDbArc
 50
358.7051839819482
 51
83.12462462099896
  0
LINE
  5
4417
330
1F
100
AcDbEntity
  8
Hatch-Green
100
AcDbLine
 10
154.984424989182
 20
51.81031086440197
 30
0.0
 11
153.7390792760842
 21
51.82343535321087
 31
0.0
  0
LINE
  5
4418
330
1F
100
AcDbEntity
  8
Side Walk
100
AcDbLine
 10
159.1640799946716
 20
41.72472471585132
 30
0.0
 11
164.4647558802161
 21
44.07226984989864
 31
0.0
  0
ARC
  5
4419
330
1F
100
AcDbEntity
  8
Hatch-Green
100
AcDbCircle
 10
156.723951692923
 20
49.66015214423459
 30
0.0
 40
0.4731703296861879
100
AcDbArc
 50
168.4242975391332
 51
279.0354949052038
  0
LINE
  5
441A
330
1F
100
AcDbEntity
  8
Hatch-Green
100
AcDbLine
 10
156.2604054428402
 20
49.75509968200566
 30
0.0
 11
156.222636896803
 21
54.17898749683008
 31
0.0
  0
ARC
  5
441B
330
1F
100
AcDbEntity
  8
Hatch-Green
100
AcDbCircle
 10
156.6226223201256
 20
54.18240233655996
 30
0.0
 40
0.4
100
AcDbArc
 50
61.5562321532631
 51
180.4891457024243
  0
LINE
  5
441C
330
1F
100
AcDbEntity
  8
Hatch-Green
100
AcDbLine
 10
156.7982613476005
 20
49.19285327186589
 30
0.0
 11
162.0293037736437
 21
49.2076902841556
 31
0.0
  0
LINE
  5
441D
330
1F
100
AcDbEntity
  8
Hatch-Green
100
AcDbLine
 10
162.3252169320503
 20
51.5483039649418
 30
0.0
 11
156.8131407311838
 21
54.53411633265131
 31
0.0
  0
INSERT
  5
441E
330
1F
100
AcDbEntity
  8
Palm
100
AcDbBlockReference
  2
PALM
 10
158.5261776812302
 20
51.14145238255258
 30
-0.2247913377301467
 41
1.717192937347429
 42
1.717192937347429
 43
1.717192937347429
 50
15.84714793238667
  0
ARC
  5
441F
330
1F
100
AcDbEntity
  8
Hatch-Green
100
AcDbCircle
 10
156.7322053393608
 20
46.75018793782982
 30
0.0
 40
0.4731703296861879
100
AcDbArc
 50
81.28952478896122
 51
191.9007221549897
  0
LINE
  5
4420
330
1F
100
AcDbEntity
  8
Hatch-Green
100
AcDbLine
 10
156.2692051500843
 20
46.65261239978934
 30
0.0
 11
156.256532305394
 21
42.22858151605686
 31
0.0
  0
ARC
  5
4421
330
1F
100
AcDbEntity
  8
Hatch-Green
100
AcDbCircle
 10
156.6565306642777
 20
42.22743570193159
 30
0.0
 40
0.4
100
AcDbArc
 50
179.835873991675
 51
298.768787541108
  0
LINE
  5
4422
330
1F
100
AcDbEntity
  8
Hatch-Green
100
AcDbLine
 10
156.8038629832507
 20
47.21790082301339
 30
0.0
 11
162.0349054092938
 21
47.23273783530493
 31
0.0
  0
LINE
  5
4423
330
1F
100
AcDbEntity
  8
Hatch-Green
100
AcDbLine
 10
162.0808579244611
 20
44.21504427532016
 30
0.0
 11
156.8490411545416
 21
41.87680810584351
 31
0.0
  0
HATCH
  5
4424
330
1F
100
AcDbEntity
  8
Hatch-Green
100
AcDbHatch
 10
0.0
 20
0.0
 30
0.0
210
0.0
220
0.0
230
1.0
  2
GRASS
 70
0
 71
0
 91
6
 92
7
 72
1
 73
1
 93
6
 10
162.0349054092938
 20
47.23273783530493
 42
0.0
 10
156.8038629832507
 20
47.21790082301339
 42
0.5239613126331065
 10
156.2692051500843
 20
46.65261239978934
 42
0.0
 10
156.256532305394
 20
42.22858151605686
 42
0.5711588108042049
 10
156.8490411545416
 20
41.87680810584351
 42
0.0
 10
162.0808579244611
 20
44.21504427532016
 42
0.6368484397176907
 97
0
 92
22
 72
0
 73
1
 93
3
 10
158.2298758938622
 20
46.24527667522051
 10
158.2334807251763
 20
46.27016343015492
 10
158.2227497032644
 20
46.26507116319152
 97
0
 92
22
 72
0
 73
1
 93
4
 10
158.291976449719
 20
46.28340036226399
 10
158.2967921291155
 20
46.28159275094475
 10
158.2964415198975
 20
46.28236473705436
 10
158.2901723755994
 20
46.28713924160655
 97
0
 92
22
 72
0
 73
1
 93
150
 10
158.2858134443876
 20
46.40689268193563
 10
158.2602494561423
 20
46.41906664552806
 10
158.3031104664941
 20
46.45884100417896
 10
158.3066749519084
 20
46.4568891652263
 10
158.3527222027796
 20
46.47910776229508
 10
158.4279411494779
 20
46.53096131257479
 10
158.4728620923096
 20
46.59150637552847
 10
158.4521328710533
 20
46.59068846191184
 10
158.3862472718964
 20
46.57142741575916
 10
158.3341515904129
 20
46.55069646400915
 10
158.2800960590001
 20
46.49681753516524
 10
158.2798980605902
 20
46.49712850113172
 10
158.2526734425254
 20
46.47186447412349
 10
158.231777684271
 20
46.44925201041695
 10
158.1935121552332
 20
46.39139424810781
 10
158.1778038529435
 20
46.40016058631334
 10
158.1562943994858
 20
46.40909981565454
 10
158.1653845900318
 20
46.4534571527667
 10
158.1656590575357
 20
46.4532095992974
 10
158.1948840972645
 20
46.52165522900867
 10
158.1953307893808
 20
46.5215113494134
 10
158.2259548842875
 20
46.57743765387857
 10
158.2209244653558
 20
46.58046711010064
 10
158.1636380390436
 20
46.56136226955385
 10
158.1318148496128
 20
46.54655779354214
 10
158.0965059074723
 20
46.50872924746471
 10
158.0626099950758
 20
46.47069915104037
 10
158.0443985126539
 20
46.50685633639949
 10
158.0210956151504
 20
46.5220489921059
 10
157.9839692161902
 20
46.54420299611155
 10
157.9699696187297
 20
46.55086981930361
 10
157.9653898616843
 20
46.54576657698743
 10
158.0006129799866
 20
46.49225900884192
 10
158.0326275545257
 20
46.41539503566053
 10
157.8890151180629
 20
46.39855988676316
 10
157.8477797001822
 20
46.38100383272939
 10
157.8262489623783
 20
46.36056342173941
 10
157.7988151755079
 20
46.32267942141078
 10
157.7809381093637
 20
46.29780586695704
 10
157.8334064362924
 20
46.33364186326907
 10
157.9206177999903
 20
46.36094809568129
 10
157.9955794751467
 20
46.36241763216929
 10
157.9954836860078
 20
46.36159791073367
 10
158.0311558772691
 20
46.35516580414623
 10
158.0366170640617
 20
46.35604746511598
 10
157.9764345674583
 20
46.33609598517904
 10
157.9301981941397
 20
46.30607542679643
 10
157.8862900791454
 20
46.26809067510402
 10
157.8147919716965
 20
46.20082109596222
 10
157.8019158609704
 20
46.18841204583548
 10
157.7853977919412
 20
46.16157809850228
 10
157.7871144973932
 20
46.11806987653761
 10
157.7923203574745
 20
46.10308549132532
 10
157.8167313121074
 20
46.14166846552978
 10
157.8631454936466
 20
46.19819057085004
 10
157.863485980596
 20
46.19699108379535
 10
157.9163245753342
 20
46.23986182081643
 10
157.9860522436455
 20
46.28834646127614
 10
158.0487804060712
 20
46.31359109851945
 10
158.1064195032421
 20
46.33349464989186
 10
158.1232654069671
 20
46.30034183229617
 10
158.0827120575458
 20
46.27364379693353
 10
158.0077719382706
 20
46.21008334366268
 10
157.9356505645945
 20
46.12612777652901
 10
157.9223073932834
 20
46.08843356560027
 10
157.9215279214684
 20
46.08034675047855
 10
157.9210608608654
 20
46.05506158965653
 10
157.9422034189764
 20
46.0203759137159
 10
157.9620760180031
 20
45.99003434322656
 10
157.985546834442
 20
45.94738447398884
 10
157.9950598142558
 20
45.93366172388522
 10
157.9847025570733
 20
46.05915925446896
 10
157.9860005651415
 20
46.05734055676947
 10
157.9970498360552
 20
46.09168891271582
 10
158.0866826924856
 20
46.21660457771684
 10
158.0874507861689
 20
46.2135627088366
 10
158.1630987089582
 20
46.27629431922577
 10
158.1617224843056
 20
46.24576122391516
 10
158.1650622575606
 20
46.21749908730743
 10
158.1651188381683
 20
46.21757343168536
 10
158.165127007146
 20
46.21695115740038
 10
158.1650622575606
 20
46.21749908730743
 10
158.1412715553769
 20
46.18623917330768
 10
158.1300282716319
 20
46.13123119964547
 10
158.1296661798614
 20
46.13167882336455
 10
158.1195760110721
 20
46.09109061713314
 10
158.1124147162508
 20
46.05913309254463
 10
158.0785511519379
 20
46.03880817766475
 10
158.078298088997
 20
46.03912279590548
 10
158.0604752403769
 20
46.02980296794629
 10
158.0438782781374
 20
46.00764502537202
 10
158.043733571524
 20
46.00782391403408
 10
158.0273383509547
 20
45.99260940140919
 10
158.0085591911764
 20
45.96275676196746
 10
157.9950598142558
 20
45.93366172388522
 10
157.985546834442
 20
45.94738447399066
 10
157.962076018005
 20
45.99003434322838
 10
157.9422034189764
 20
46.0203759137159
 10
157.921060860869
 20
46.05506158965471
 10
157.9216426089469
 20
46.08655556221054
 10
157.9310843790035
 20
46.11322838711129
 10
157.9269329614971
 20
46.11650429263971
 10
157.9032931469873
 20
46.09702102511181
 10
157.8738099292158
 20
46.05539431510368
 10
157.8364658713752
 20
46.02257210528949
 10
157.8209566463728
 20
46.03994314621485
 10
157.8019861409837
 20
46.07526380169218
 10
157.7871144973932
 20
46.11806987653579
 10
157.7853977919412
 20
46.16157809850228
 10
157.8019158609704
 20
46.18841204583185
 10
157.814791971682
 20
46.20082109594221
 10
157.8016253202103
 20
46.21897698951141
 10
157.7885141229807
 20
46.24500803835798
 10
157.7824314416346
 20
46.27387970325361
 10
157.7809381093637
 20
46.29780586695704
 10
157.7988151754916
 20
46.32267942138895
 10
157.8262489623802
 20
46.36056342173941
 10
157.8477797001786
 20
46.38100383272939
 10
157.8890151180629
 20
46.39855988676316
 10
157.9027378681648
 20
46.40807286658054
 10
157.9090525235941
 20
46.44292646146022
 10
157.9147321994777
 20
46.47995210905281
 10
157.9317509128985
 20
46.52657977449524
 10
157.9584052279505
 20
46.5563769596967
 10
157.9839692161976
 20
46.54420299610428
 10
158.0210956151595
 20
46.5220489921059
 10
158.0443985126539
 20
46.50685633639949
 10
158.0575097098835
 20
46.48082528755475
 10
158.0646704997261
 20
46.47301096933841
 10
158.0965059074614
 20
46.50872924745016
 10
158.1318148496128
 20
46.54655779354214
 10
158.1636380390436
 20
46.56136226955385
 10
158.2209244653558
 20
46.58046711010064
 10
158.2543081546345
 20
46.5603625369942
 10
158.2928902264056
 20
46.50956990328012
 10
158.3341515904129
 20
46.55069646400733
 10
158.3862472718928
 20
46.57142741575734
 10
158.452132871057
 20
46.59068846191184
 10
158.4738869820384
 20
46.59154681463877
 10
158.4774262889759
 20
46.52104569506554
 10
158.4773496515689
 20
46.52113289064908
 10
158.4782459132465
 20
46.47179337430787
 10
158.4564517298848
 20
46.40935600710799
 10
158.4553819476667
 20
46.41182566666901
 10
158.4431720576202
 20
46.3955247292717
 10
158.3987775724334
 20
46.38522966559975
 10
158.3985662086041
 20
46.3862955505985
 10
158.3496730393152
 20
46.3846949370265
 10
158.3009845853911
 20
46.38832187448605
 10
158.303361772544
 20
46.38798253227941
 97
0
 92
22
 72
0
 73
1
 93
22
 10
158.5352409789874
 20
46.18274244367529
 10
158.5106798357364
 20
46.1834211641264
 10
158.4659302883327
 20
46.18758741076379
 10
158.466033019892
 20
46.18870301842179
 10
158.4262353375514
 20
46.21689077899572
 10
158.3764720075258
 20
46.24224958279699
 10
158.3766361866536
 20
46.2424397930983
 10
158.3392679069228
 20
46.26796406291686
 10
158.3467800814605
 20
46.28168293890593
 10
158.337823200275
 20
46.32307456239431
 10
158.3196109897498
 20
46.34660144660773
 10
158.2875973174185
 20
46.35240157455444
 10
158.2839034063972
 20
46.35232243699391
 10
158.3132706588012
 20
46.31517974105844
 10
158.3125497527898
 20
46.30468358230536
 10
158.3072582565936
 20
46.32278402163246
 10
158.2832127500468
 20
46.3531959555159
 10
158.3598013934487
 20
46.3393198863643
 10
158.359833064288
 20
46.33924509392926
 10
158.4451793038342
 20
46.32145156362565
 10
158.5115233626956
 20
46.28269045256018
 10
158.5640220172307
 20
46.20884160174244
 97
0
 92
22
 72
0
 73
1
 93
16
 10
158.4094110821796
 20
46.00292445990561
 10
158.3731313226079
 20
46.02218239362009
 10
158.3525682897988
 20
46.04682086156134
 10
158.3162213626519
 20
46.0770616806887
 10
158.2993674557392
 20
46.1051421604381
 10
158.2818231150403
 20
46.12751953762852
 10
158.2699147093215
 20
46.16018936645121
 10
158.2404310768242
 20
46.20371248215559
 10
158.2509710116782
 20
46.26188740929245
 10
158.2643764132726
 20
46.23558794542003
 10
158.2929153527393
 20
46.19441969510006
 10
158.3155949840065
 20
46.16254105144543
 10
158.3544263750872
 20
46.11573686616355
 10
158.3858538045177
 20
46.08130884220662
 10
158.3854601516713
 20
46.07795425986586
 10
158.4188401025266
 20
46.00293031657492
 97
0
 75
0
 76
1
 52
-6.379678046795764
 41
0.02
 77
0
 78
3
 53
83.62032195320415
 43
-1168.815762608963
 44
-1821.871386971022
 45
-0.3170714134103939
 46
0.3968996938748317
 79
2
 49
0.09525
 49
-0.62317
 53
38.6203219532042
 43
-1168.815762608963
 44
-1821.871386971022
 45
-0.3170716295308859
 46
0.396899964407442
 79
2
 49
0.09525
 49
-0.4127500000000001
 53
128.6203219532042
 43
-1168.815762608963
 44
-1821.871386971022
 45
-0.396899964407442
 46
-0.3170716295308859
 79
2
 49
0.0952499999999993
 49
-0.4127499999999974
 47
0.0253176334529217
 98
20
 10
154.9932511862507
 20
43.72213708904308
 10
154.9932511862507
 20
43.72213708904308
 10
154.9932511862507
 20
43.72213708904308
 10
154.9932511862507
 20
43.72213708904308
 10
154.9932511862507
 20
43.72213708904308
 10
154.9932511862507
 20
43.72213708904308
 10
154.9932511862507
 20
43.72213708904308
 10
154.9932511862507
 20
43.72213708904308
 10
154.9932511862507
 20
43.72213708904308
 10
154.9932511862507
 20
43.72213708904308
 10
154.9932511862507
 20
43.72213708904308
 10
154.9932511862507
 20
43.72213708904308
 10
154.9932511862507
 20
43.72213708904308
 10
154.9932511862507
 20
43.72213708904308
 10
159.7959683028956
 20
45.83459190158936
 10
159.7959683028956
 20
45.83459190158936
 10
159.7959683028956
 20
45.83459190158936
 10
159.7959683028956
 20
45.83459190158936
 10
159.7959683028956
 20
45.83459190158936
 10
159.7959683028956
 20
45.83459190158936
1001
ACAD
1010
0.0
1020
0.0
1030
0.0
  0
INSERT
  5
4425
330
1F
100
AcDbEntity
  8
Palm
100
AcDbBlockReference
  2
PALM
 10
157.8963349141767
 20
44.87204819968172
 30
-0.2247913377301467
 41
1.717192937347429
 42
1.717192937347429
 43
1.717192937347429
 50
15.84714793238667
  0
HATCH
  5
4426
330
1F
100
AcDbEntity
  8
Hatch-Green
100
AcDbHatch
 10
0.0
 20
0.0
 30
0.0
210
0.0
220
0.0
230
1.0
  2
GRASS
 70
0
 71
0
 91
21
 92
7
 72
1
 73
1
 93
6
 10
162.3252169320558
 20
51.54830396493816
 42
0.0
 10
156.8131407311838
 20
54.53411633265131
 42
0.5711588108038786
 10
156.222636896803
 20
54.17898749683008
 42
0.0
 10
156.2604054428402
 20
49.75509968200566
 42
0.523961312631752
 10
156.7982613475969
 20
49.19285327186589
 42
0.0
 10
162.0293037736437
 20
49.2076902841556
 42
0.6559504699777424
 97
0
 92
22
 72
0
 73
1
 93
3
 10
158.8808137787336
 20
52.53129159216513
 10
158.8839163758483
 20
52.54841630530354
 10
158.8684201055647
 20
52.55560619083843
 97
0
 92
22
 72
0
 73
1
 93
4
 10
158.9218192167727
 20
52.55280454513303
 10
158.9266348961672
 20
52.55099693381379
 10
158.926284286951
 20
52.55176891992523
 10
158.9200151426547
 20
52.55654342447741
 97
0
 92
22
 72
0
 73
1
 93
4
 10
158.6903180074322
 20
52.29920715081715
 10
158.6878087481881
 20
52.29585713884552
 10
158.7083939189933
 20
52.30821236053742
 10
158.7081408560506
 20
52.30852697877634
 97
0
 92
22
 72
0
 73
1
 93
3
 10
158.4400657500763
 20
52.47131132157591
 10
158.4321893317273
 20
52.4585159158425
 10
158.4419059165474
 20
52.46765784413873
 97
0
 92
22
 72
0
 73
1
 93
5
 10
158.4757835230546
 20
52.60697059257944
 10
158.4632492033478
 20
52.60304604613811
 10
158.4602048653277
 20
52.60096675578569
 10
158.4597469960344
 20
52.59830755220281
 10
158.4731455592363
 20
52.57716351797461
 97
0
 92
22
 72
0
 73
1
 93
116
 10
158.915656211443
 20
52.6762968648083
 10
158.8627343473371
 20
52.70149906880323
 10
158.8555245705892
 20
52.70943917662515
 10
158.8280750112089
 20
52.66793524025814
 10
158.8405858150826
 20
52.65118238011308
 10
158.8076466200027
 20
52.66956476918057
 10
158.7861371665411
 20
52.6785039985254
 10
158.7789880163354
 20
52.64361834192022
 10
158.666459831117
 20
52.62545164798684
 10
158.6062773345137
 20
52.6055001680499
 10
158.5600409611951
 20
52.57547960966729
 10
158.5222953012479
 20
52.54282597557829
 10
158.4926143237815
 20
52.58515922885016
 10
158.5024044339269
 20
52.62675797197625
 10
158.5155435020523
 20
52.59918758411839
 10
158.5249292586803
 20
52.62985176693764
 10
158.6254222422021
 20
52.63182181503833
 10
158.6253264530632
 20
52.63100209360453
 10
158.6609986443245
 20
52.62456998701527
 10
158.7579603743297
 20
52.64022361254063
 10
158.6624703215774
 20
52.68479921853321
 10
158.5188578851147
 20
52.66796406963402
 10
158.477622467234
 20
52.65040801560025
 10
158.4560917294337
 20
52.62996760460845
 10
158.4447314963535
 20
52.6142799754918
 10
158.4395484642253
 20
52.56380106942123
 10
158.4507628161181
 20
52.537017480997
 10
158.486974214872
 20
52.48878138108665
 10
158.4933287476514
 20
52.46639526666621
 10
158.5569193987311
 20
52.51798971373609
 10
158.557595378027
 20
52.51721240735349
 10
158.634960333219
 20
52.57100758116684
 10
158.6340448174914
 20
52.56616629372473
 10
158.6349547468752
 20
52.56542114025359
 10
158.6907437677791
 20
52.58787315447915
 10
158.6910523641153
 20
52.5872872473239
 10
158.7362622702957
 20
52.60289883276271
 10
158.7531081740206
 20
52.56974601516702
 10
158.7125548245994
 20
52.54304797980075
 10
158.637614705326
 20
52.47948752653354
 10
158.5654933316499
 20
52.39553195939624
 10
158.5521501603388
 20
52.35783774846931
 10
158.5513706885238
 20
52.34975093334395
 10
158.5509036279207
 20
52.32446577252557
 10
158.5720461860318
 20
52.28978009659221
 10
158.5919187850585
 20
52.2594385260956
 10
158.6153896014938
 20
52.21678865686152
 10
158.6223844395962
 20
52.2066983994311
 10
158.6243455111388
 20
52.20981585316184
 10
158.6134112412755
 20
52.34230497093921
 10
158.716525459541
 20
52.48600876058953
 10
158.7172935532243
 20
52.48296689170746
 10
158.7929414760136
 20
52.54569850209662
 10
158.791565251361
 20
52.51516540678602
 10
158.794905024616
 20
52.48690327017829
 10
158.7949616052237
 20
52.48697761455622
 10
158.7952233191344
 20
52.46704147904819
 10
158.7876703393803
 20
52.47739721875513
 10
158.7711143224323
 20
52.45564335618036
 10
158.7598710386873
 20
52.40063538251451
 10
158.7595089469168
 20
52.40108300623359
 10
158.7494187781294
 20
52.360494800004
 10
158.7377790554628
 20
52.30855213704052
 10
158.6832493254777
 20
52.38707950734459
 10
158.6657738935818
 20
52.41527950053495
 10
158.637434648156
 20
52.37578487960234
 10
158.6524007179113
 20
52.33709175409166
 10
158.6899993722354
 20
52.29246841965068
 10
158.6571811180101
 20
52.26201358427823
 10
158.6384019582301
 20
52.2321609448365
 10
158.6240054708204
 20
52.20113237574441
 10
158.5919187850585
 20
52.25943852609197
 10
158.5720461860355
 20
52.28978009657947
 10
158.5385062702215
 20
52.34480440560509
 10
158.5234095476216
 20
52.35269276406978
 10
158.4889110873855
 20
52.30398514297047
 10
158.4584605790686
 20
52.29508321821703
 10
158.4176010289929
 20
52.37115847616877
 10
158.4148256605139
 20
52.44149747787486
 10
158.4446347387356
 20
52.47022527881307
 10
158.4207180996699
 20
52.50320465511066
 10
158.4080375926122
 20
52.56339313610005
 10
158.4447516015688
 20
52.61447578543919
 10
158.4447314963535
 20
52.6142799754918
 10
158.4678944697579
 20
52.64626630301171
 10
158.5188578851183
 20
52.66796406963402
 10
158.5325806352183
 20
52.6774770494514
 10
158.5388952906495
 20
52.71233064433108
 10
158.5445749665313
 20
52.74935629192367
 10
158.5615936799539
 20
52.7959839573661
 10
158.5900446138284
 20
52.8277896047486
 10
158.6733142253605
 20
52.77810109848104
 10
158.6873524769352
 20
52.75022947042561
 10
158.6945132667796
 20
52.74241515220746
 10
158.7263486745167
 20
52.77813343032284
 10
158.7673382775856
 20
52.82204800250764
 10
158.858951007597
 20
52.85260055590623
 10
158.8557976513429
 20
52.84684183674944
 10
158.8841509216862
 20
52.82976671986507
 10
158.9227329934609
 20
52.77897408615098
 10
158.9639943574683
 20
52.82010064687819
 10
159.0160900389482
 20
52.84083159863183
 10
159.1076714315994
 20
52.86760457258896
 10
159.1036666981952
 20
52.86220693797185
 10
159.1072690560312
 20
52.79044987793639
 10
159.1071924186243
 20
52.79053707351994
 10
159.1080886803019
 20
52.74119755717873
 10
159.0989955917802
 20
52.71514709694674
 10
159.1031973540656
 20
52.70522440376516
 10
159.0591252672155
 20
52.64638551775096
 10
159.0578934265822
 20
52.65666496466764
 10
158.9721230622698
 20
52.65385710395202
 10
158.9977125529139
 20
52.64830805372293
 10
158.9963869967095
 20
52.65284233831079
 10
158.9308273524429
 20
52.65772605735691
 10
158.9332045395993
 20
52.65738671515027
 97
0
 92
6
 72
0
 73
1
 93
3
 10
158.9393590019635
 20
52.69737225534226
 10
158.9383204578925
 20
52.69776208279399
 10
158.9475465684507
 20
52.68011845540349
 97
0
 92
6
 72
0
 73
1
 93
11
 10
159.0214635284927
 20
52.69072487446755
 10
158.9908197038957
 20
52.72027525981247
 10
158.9666754255203
 20
52.7408449644874
 10
158.982564969835
 20
52.74851194516776
 10
159.0443486976209
 20
52.79110368269829
 10
159.0666736301381
 20
52.76995675737379
 10
159.0412724404294
 20
52.78898300879991
 10
159.0180263706487
 20
52.77295790739771
 10
159.0562997002806
 20
52.74800506538958
 10
159.0905266896724
 20
52.66898990675435
 10
159.0286203394888
 20
52.65463384847061
 97
0
 92
22
 72
0
 73
1
 93
55
 10
158.9834237878957
 20
52.30196422011175
 10
158.9843526307657
 20
52.31389866548233
 10
158.9824110568524
 20
52.31622504443038
 10
158.9352986972835
 20
52.35542275538972
 10
158.9359466757332
 20
52.36332266494645
 10
158.9292102227945
 20
52.37454634330532
 10
158.8949235684003
 20
52.41827813187518
 10
158.8990916821812
 20
52.49796340263237
 10
158.9227581197582
 20
52.46382387798547
 10
158.9454377510637
 20
52.43194523431992
 10
158.9842691421498
 20
52.38514104902714
 10
159.0156965715713
 20
52.35071302507748
 10
159.0153029187267
 20
52.34735844273672
 10
159.0486828695802
 20
52.27233449944577
 10
159.0581118899253
 20
52.27234035611144
 10
159.0637915658106
 20
52.3093660037095
 10
159.0519386143322
 20
52.34991098780773
 10
159.0459449710168
 20
52.38116636526791
 10
159.0305055154612
 20
52.41516160741884
 10
158.9924535961936
 20
52.47005260782424
 10
158.9689944930951
 20
52.4938444363699
 10
158.9388759912097
 20
52.52288824368332
 10
158.9423925198451
 20
52.57408776517621
 10
158.9371010236489
 20
52.59218820450332
 10
158.9137461734526
 20
52.62172661986477
 10
158.8957458349295
 20
52.62134098445784
 10
158.9051434990641
 20
52.59934949932466
 10
158.8849503631344
 20
52.62110970457541
 10
158.9445148522562
 20
52.62238580146657
 10
158.9494537568051
 20
52.61600562947859
 10
158.9896441605041
 20
52.60872406923335
 10
158.9896758313434
 20
52.60864927680012
 10
159.0764812464794
 20
52.59055152822947
 10
159.0769880519391
 20
52.5897071340816
 10
159.1472319154445
 20
52.54866758597671
 10
159.1486763610364
 20
52.5418114732376
 10
159.1897400442529
 20
52.48404797733491
 10
159.1986738449513
 20
52.52140614323542
 10
159.1842510855121
 20
52.53712535291487
 10
159.2082288163755
 20
52.49127134473491
 10
159.1507255589157
 20
52.43912636674321
 10
159.1529970765176
 20
52.4516639557143
 10
159.0957730553881
 20
52.45699159363465
 10
159.0958757869474
 20
52.45810720129265
 10
159.0560781046068
 20
52.48629496186658
 10
158.9825335831728
 20
52.52377237924992
 10
158.9814093543235
 20
52.52896767616511
 10
158.9691106739763
 20
52.53736824578772
 10
158.9537460760793
 20
52.50930912493021
 10
158.9924535961936
 20
52.47005260782424
 10
159.0428371559636
 20
52.3973728572866
 10
159.0519386143305
 20
52.34991098780955
 10
159.0637915658106
 20
52.3093660037095
 10
159.0556938013313
 20
52.2565769044624
 10
159.0516017130856
 20
52.26577417972766
 97
0
 92
22
 72
0
 73
1
 93
3
 10
158.8997574763769
 20
52.42959354932025
 10
158.9126429094366
 20
52.39424331837034
 10
158.9145973149705
 20
52.40768729295012
 97
0
 92
22
 72
0
 73
1
 93
6
 10
158.4899950180978
 20
52.31279457541058
 10
158.4555457836931
 20
52.34479385625235
 10
158.4342423283513
 20
52.39158157848686
 10
158.4221631245299
 20
52.37248967419617
 10
158.4398324555176
 20
52.32163082323785
 10
158.4663086384306
 20
52.29197628816035
 97
0
 92
22
 72
0
 73
1
 93
12
 10
158.4464890357402
 20
52.41096908450998
 10
158.5088196677087
 20
52.48687387110584
 10
158.5251807804224
 20
52.44698797988639
 10
158.5515335270383
 20
52.42450158318314
 10
158.5814776669076
 20
52.40626711551448
 10
158.5126049029267
 20
52.34950412842334
 10
158.4713296769795
 20
52.39047072752618
 10
158.4614968224258
 20
52.42924521632011
 10
158.4464890357402
 20
52.41096908450998
 10
158.4667368280542
 20
52.35907369579871
 10
158.4889717166469
 20
52.34553377250012
 10
158.4609440532394
 20
52.37392066262254
 97
0
 92
6
 72
0
 73
1
 93
3
 10
158.5590451252564
 20
52.62160484107079
 10
158.5722212780919
 20
52.59784860521648
 10
158.5634228894513
 20
52.628844075941
 97
0
 92
6
 72
0
 73
1
 93
8
 10
158.5404373937334
 20
52.62437614847948
 10
158.5569711628912
 20
52.59268931332662
 10
158.5569780485519
 20
52.59270189182569
 10
158.5577528500533
 20
52.59119121618386
 10
158.5404373937353
 20
52.6243761484813
 10
158.528185120608
 20
52.5948616700818
 10
158.5399421790852
 20
52.58358509640237
 10
158.5325095412362
 20
52.60527875905172
 97
0
 92
6
 72
0
 73
1
 93
4
 10
158.8975708449733
 20
52.75523912718671
 10
158.9097408276456
 20
52.76653268400258
 10
158.8967223397002
 20
52.78697884186584
 10
158.8716950577353
 20
52.80017459435402
 97
0
 92
6
 72
0
 73
1
 93
10
 10
158.8292113653214
 20
52.68215709011673
 10
158.7860699896399
 20
52.70052423538363
 10
158.8307669559353
 20
52.80520542769153
 10
158.8723785697174
 20
52.7865300240748
 10
158.8880204966798
 20
52.74722515260072
 10
158.8426018852359
 20
52.69807514376333
 10
158.8357308364601
 20
52.71132922901341
 10
158.8230920268896
 20
52.72516912928693
 10
158.8009895273143
 20
52.73546609210933
 10
158.7984905449656
 20
52.72961342528396
 97
0
 92
6
 72
0
 73
1
 93
3
 10
158.6461277735787
 20
52.72403613451314
 10
158.6451806679278
 20
52.70080846663148
 10
158.6498668128687
 20
52.71505905391785
 97
0
 92
6
 72
0
 73
1
 93
3
 10
158.5952326287396
 20
52.81517075985829
 10
158.5898858444879
 20
52.8232930794158
 10
158.5773670304797
 20
52.79526304944482
 97
0
 92
6
 72
0
 73
1
 93
8
 10
158.6106910064581
 20
52.76094098097309
 10
158.6110085885329
 20
52.71693947528291
 10
158.607124301573
 20
52.70764585869546
 10
158.610851741875
 20
52.73867083115618
 10
158.6106910064581
 20
52.76094098097309
 10
158.6281741740849
 20
52.80676768325355
 10
158.6254824996239
 20
52.8080494999478
 10
158.6280296471949
 20
52.80638885083425
 97
0
 92
6
 72
0
 73
1
 93
6
 10
158.5743295203382
 20
52.73935523899962
 10
158.5807655211892
 20
52.77880018799368
 10
158.6026857168207
 20
52.80679474990319
 10
158.5981084446092
 20
52.75736928916121
 10
158.5956982259039
 20
52.72426407635174
 10
158.5735743854519
 20
52.6646191580814
 97
0
 75
0
 76
1
 52
-6.379678046795764
 41
0.02
 77
0
 78
3
 53
83.62032195320415
 43
-1168.815762608963
 44
-1821.871386971022
 45
-0.3170714134103939
 46
0.3968996938748317
 79
2
 49
0.09525
 49
-0.62317
 53
38.6203219532042
 43
-1168.815762608963
 44
-1821.871386971022
 45
-0.3170716295308859
 46
0.396899964407442
 79
2
 49
0.09525
 49
-0.4127500000000001
 53
128.6203219532042
 43
-1168.815762608963
 44
-1821.871386971022
 45
-0.396899964407442
 46
-0.3170716295308859
 79
2
 49
0.0952499999999993
 49
-0.4127499999999974
 47
0.0620911376339144
 98
51
 10
159.3205239459229
 20
50.81241727393461
 10
159.3205239459229
 20
50.81241727393461
 10
159.3205239459229
 20
50.81241727393461
 10
159.3205239459229
 20
50.81241727393461
 10
159.3205239459229
 20
50.81241727393461
 10
159.3205239459229
 20
50.81241727393461
 10
159.3205239459229
 20
50.81241727393461
 10
159.3205239459229
 20
50.81241727393461
 10
159.3205239459229
 20
50.81241727393461
 10
159.3205239459229
 20
50.81241727393461
 10
159.3205239459229
 20
50.81241727393461
 10
159.3205239459229
 20
50.81241727393461
 10
159.3205239459229
 20
50.81241727393461
 10
159.3205239459229
 20
50.81241727393461
 10
159.3205239459229
 20
50.81241727393461
 10
159.3205239459229
 20
50.81241727393461
 10
159.3205239459229
 20
50.81241727393461
 10
159.3205239459229
 20
50.81241727393461
 10
159.3205239459229
 20
50.81241727393461
 10
159.3205239459229
 20
50.81241727393461
 10
159.3205239459229
 20
50.81241727393461
 10
154.3437372248035
 20
53.30568531281568
 10
154.1190520111221
 20
44.02157907839245
 10
154.1190520111221
 20
44.02157907839245
 10
154.1190520111221
 20
44.02157907839245
 10
154.1190520111221
 20
44.02157907839245
 10
154.1190520111221
 20
44.02157907839245
 10
154.1190520111221
 20
44.02157907839245
 10
154.1190520111221
 20
44.02157907839245
 10
154.1190520111221
 20
44.02157907839245
 10
154.1190520111221
 20
44.02157907839245
 10
154.1190520111221
 20
44.02157907839245
 10
154.1190520111221
 20
44.02157907839245
 10
154.1190520111221
 20
44.02157907839245
 10
154.1190520111221
 20
44.02157907839245
 10
154.1190520111221
 20
44.02157907839245
 10
154.1190520111221
 20
44.02157907839245
 10
154.1190520111221
 20
44.02157907839245
 10
154.1190520111221
 20
44.02157907839245
 10
154.1190520111221
 20
44.02157907839245
 10
154.1190520111221
 20
44.02157907839245
 10
154.1190520111221
 20
44.02157907839245
 10
154.1190520111221
 20
44.02157907839245
 10
154.1190520111221
 20
44.02157907839245
 10
154.1190520111221
 20
44.02157907839245
 10
154.1190520111221
 20
44.02157907839245
 10
154.1190520111221
 20
44.02157907839245
 10
154.1190520111221
 20
44.02157907839245
 10
154.1190520111221
 20
44.02157907839245
 10
154.1190520111221
 20
44.02157907839245
 10
154.1190520111221
 20
44.02157907839245
1001
ACAD
1010
0.0
1020
0.0
1030
0.0
  0
HATCH
  5
4427
330
1F
100
AcDbEntity
  8
Hatch-Green
100
AcDbHatch
 10
0.0
 20
0.0
 30
0.0
210
0.0
220
0.0
230
1.0
  2
GRASS
 70
0
 71
0
 91
1
 92
7
 72
1
 73
1
 93
8
 10
155.6988017965767
 20
54.43293430316879
 42
0.3859653449258446
 10
155.0827776478863
 20
55.14371833653348
 42
0.0
 10
153.7710289109408
 20
55.30188538523834
 42
0.4583825091671744
 10
152.9875144221668
 20
54.58702966152412
 42
0.0
 10
153.0467386716709
 20
52.50350697720858
 42
0.4028491441844573
 10
153.7390792760842
 20
51.82343535321087
 42
0.0
 10
154.984424989182
 20
51.81031086440197
 42
0.3186236447501365
 10
155.6499561431945
 20
52.27187566432002
 42
0.0
 97
0
 75
0
 76
1
 52
-6.379678046795764
 41
0.02
 77
0
 78
3
 53
83.62032195320415
 43
-1168.815762608963
 44
-1821.871386971022
 45
-0.3170714134103939
 46
0.3968996938748317
 79
2
 49
0.09525
 49
-0.62317
 53
38.6203219532042
 43
-1168.815762608963
 44
-1821.871386971022
 45
-0.3170716295308859
 46
0.396899964407442
 79
2
 49
0.09525
 49
-0.4127500000000001
 53
128.6203219532042
 43
-1168.815762608963
 44
-1821.871386971022
 45
-0.396899964407442
 46
-0.3170716295308859
 79
2
 49
0.0952499999999993
 49
-0.4127499999999974
 47
0.0620911376339144
 98
51
 10
159.3205239459229
 20
50.81241727393461
 10
159.3205239459229
 20
50.81241727393461
 10
159.3205239459229
 20
50.81241727393461
 10
159.3205239459229
 20
50.81241727393461
 10
159.3205239459229
 20
50.81241727393461
 10
159.3205239459229
 20
50.81241727393461
 10
159.3205239459229
 20
50.81241727393461
 10
159.3205239459229
 20
50.81241727393461
 10
159.3205239459229
 20
50.81241727393461
 10
159.3205239459229
 20
50.81241727393461
 10
159.3205239459229
 20
50.81241727393461
 10
159.3205239459229
 20
50.81241727393461
 10
159.3205239459229
 20
50.81241727393461
 10
159.3205239459229
 20
50.81241727393461
 10
159.3205239459229
 20
50.81241727393461
 10
159.3205239459229
 20
50.81241727393461
 10
159.3205239459229
 20
50.81241727393461
 10
159.3205239459229
 20
50.81241727393461
 10
159.3205239459229
 20
50.81241727393461
 10
159.3205239459229
 20
50.81241727393461
 10
159.3205239459229
 20
50.81241727393461
 10
154.3437372248035
 20
53.30568531281568
 10
154.1190520111221
 20
44.02157907839245
 10
154.1190520111221
 20
44.02157907839245
 10
154.1190520111221
 20
44.02157907839245
 10
154.1190520111221
 20
44.02157907839245
 10
154.1190520111221
 20
44.02157907839245
 10
154.1190520111221
 20
44.02157907839245
 10
154.1190520111221
 20
44.02157907839245
 10
154.1190520111221
 20
44.02157907839245
 10
154.1190520111221
 20
44.02157907839245
 10
154.1190520111221
 20
44.02157907839245
 10
154.1190520111221
 20
44.02157907839245
 10
154.1190520111221
 20
44.02157907839245
 10
154.1190520111221
 20
44.02157907839245
 10
154.1190520111221
 20
44.02157907839245
 10
154.1190520111221
 20
44.02157907839245
 10
154.1190520111221
 20
44.02157907839245
 10
154.1190520111221
 20
44.02157907839245
 10
154.1190520111221
 20
44.02157907839245
 10
154.1190520111221
 20
44.02157907839245
 10
154.1190520111221
 20
44.02157907839245
 10
154.1190520111221
 20
44.02157907839245
 10
154.1190520111221
 20
44.02157907839245
 10
154.1190520111221
 20
44.02157907839245
 10
154.1190520111221
 20
44.02157907839245
 10
154.1190520111221
 20
44.02157907839245
 10
154.1190520111221
 20
44.02157907839245
 10
154.1190520111221
 20
44.02157907839245
 10
154.1190520111221
 20
44.02157907839245
 10
154.1190520111221
 20
44.02157907839245
1001
ACAD
1010
0.0
1020
0.0
1030
0.0
  0
LINE
  5
4428
330
1F
100
AcDbEntity
  8
Hatch-Green
100
AcDbLine
 10
153.0467386716709
 20
52.50350697720858
 30
0.0
 11
152.9875144221668
 21
54.58702966152412
 31
0.0
  0
ARC
  5
4429
330
1F
100
AcDbEntity
  8
Hatch-Green
100
AcDbCircle
 10
153.6872317990845
 20
54.60691916732065
 30
0.0
 40
0.7000000000000001
100
AcDbArc
 50
83.12462462099896
 51
181.6281973309867
  0
ARC
  5
442A
330
1F
100
AcDbEntity
  8
Hatch-Green
100
AcDbCircle
 10
153.7464560485867
 20
52.52339648300875
 30
0.0
 40
0.7000000000000001
100
AcDbArc
 50
181.6281973309867
 51
269.3961917796959
  0
LINE
  5
442B
330
1F
100
AcDbEntity
  8
Hatch-Green
100
AcDbLine
 10
155.6499561431945
 20
52.27187566432002
 30
0.0
 11
155.6988017965767
 21
54.43293430316879
 31
0.0
  0
ARC
  5
442C
330
1F
100
AcDbEntity
  8
Hatch-Green
100
AcDbCircle
 10
154.9918017616863
 20
52.51027199419985
 30
0.0
 40
0.7000000000000001
100
AcDbArc
 50
269.3961917792746
 51
340.0886271019027
  0
LINE
  5
442D
330
1F
100
AcDbEntity
  8
Side Walk
100
AcDbLine
 10
159.1687817172032
 20
54.63615770734503
 30
0.0
 11
164.3314155589313
 21
51.852264603028
 31
0.0
  0
LINE
  5
442E
330
1F
100
AcDbEntity
  8
Side Walk
100
AcDbLine
 10
159.1640799946716
 20
41.72472471585132
 30
0.0
 11
152.1377573401322
 21
40.11549945060432
 31
0.0
  0
LINE
  5
442F
330
1F
100
AcDbEntity
  8
Hatch-Green
100
AcDbLine
 10
153.7710289109408
 20
55.30188538523834
 30
0.0
 11
155.0827776478863
 21
55.14371833653348
 31
0.0
  0
ARC
  5
4430
330
1F
100
AcDbEntity
  8
Hatch-Green
100
AcDbCircle
 10
154.99898053603
 20
54.44875211861762
 30
0.0
 40
0.7000000000000001
100
AcDbArc
 50
358.7051839819482
 51
83.12462462099896
  0
LINE
  5
4431
330
1F
100
AcDbEntity
  8
Hatch-Green
100
AcDbLine
 10
154.984424989182
 20
51.81031086440197
 30
0.0
 11
153.7390792760842
 21
51.82343535321087
 31
0.0
  0
LINE
  5
4432
330
1F
100
AcDbEntity
  8
Side Walk
100
AcDbLine
 10
159.1640799946716
 20
41.72472471585132
 30
0.0
 11
164.4647558802161
 21
44.07226984989864
 31
0.0
  0
ARC
  5
4433
330
1F
100
AcDbEntity
  8
Hatch-Green
100
AcDbCircle
 10
156.723951692923
 20
49.66015214423459
 30
0.0
 40
0.4731703296861879
100
AcDbArc
 50
168.4242975391332
 51
279.0354949052038
  0
LINE
  5
4434
330
1F
100
AcDbEntity
  8
Hatch-Green
100
AcDbLine
 10
156.2604054428402
 20
49.75509968200566
 30
0.0
 11
156.222636896803
 21
54.17898749683008
 31
0.0
  0
ARC
  5
4435
330
1F
100
AcDbEntity
  8
Hatch-Green
100
AcDbCircle
 10
156.6226223201256
 20
54.18240233655996
 30
0.0
 40
0.4
100
AcDbArc
 50
61.5562321532631
 51
180.4891457024243
  0
LINE
  5
4436
330
1F
100
AcDbEntity
  8
Hatch-Green
100
AcDbLine
 10
156.7982613476005
 20
49.19285327186589
 30
0.0
 11
162.0293037736437
 21
49.2076902841556
 31
0.0
  0
LINE
  5
4437
330
1F
100
AcDbEntity
  8
Hatch-Green
100
AcDbLine
 10
162.3252169320503
 20
51.5483039649418
 30
0.0
 11
156.8131407311838
 21
54.53411633265131
 31
0.0
  0
INSERT
  5
4438
330
1F
100
AcDbEntity
  8
Palm
100
AcDbBlockReference
  2
PALM
 10
158.5261776812302
 20
51.14145238255258
 30
-0.2247913377301467
 41
1.717192937347429
 42
1.717192937347429
 43
1.717192937347429
 50
15.84714793238667
  0
ARC
  5
4439
330
1F
100
AcDbEntity
  8
Hatch-Green
100
AcDbCircle
 10
156.7322053393608
 20
46.75018793782982
 30
0.0
 40
0.4731703296861879
100
AcDbArc
 50
81.28952478896122
 51
191.9007221549897
  0
LINE
  5
443A
330
1F
100
AcDbEntity
  8
Hatch-Green
100
AcDbLine
 10
156.2692051500843
 20
46.65261239978934
 30
0.0
 11
156.256532305394
 21
42.22858151605686
 31
0.0
  0
ARC
  5
443B
330
1F
100
AcDbEntity
  8
Hatch-Green
100
AcDbCircle
 10
156.6565306642777
 20
42.22743570193159
 30
0.0
 40
0.4
100
AcDbArc
 50
179.835873991675
 51
298.768787541108
  0
LINE
  5
443C
330
1F
100
AcDbEntity
  8
Hatch-Green
100
AcDbLine
 10
156.8038629832507
 20
47.21790082301339
 30
0.0
 11
162.0349054092938
 21
47.23273783530493
 31
0.0
  0
LINE
  5
443D
330
1F
100
AcDbEntity
  8
Hatch-Green
100
AcDbLine
 10
162.0808579244611
 20
44.21504427532016
 30
0.0
 11
156.8490411545416
 21
41.87680810584351
 31
0.0
  0
HATCH
  5
443E
330
1F
100
AcDbEntity
  8
Hatch-Green
100
AcDbHatch
 10
0.0
 20
0.0
 30
0.0
210
0.0
220
0.0
230
1.0
  2
GRASS
 70
0
 71
0
 91
6
 92
7
 72
1
 73
1
 93
6
 10
162.0349054092938
 20
47.23273783530493
 42
0.0
 10
156.8038629832507
 20
47.21790082301339
 42
0.5239613126331065
 10
156.2692051500843
 20
46.65261239978934
 42
0.0
 10
156.256532305394
 20
42.22858151605686
 42
0.5711588108042049
 10
156.8490411545416
 20
41.87680810584351
 42
0.0
 10
162.0808579244611
 20
44.21504427532016
 42
0.6368484397176907
 97
0
 92
22
 72
0
 73
1
 93
3
 10
158.2298758938622
 20
46.24527667522051
 10
158.2334807251763
 20
46.27016343015492
 10
158.2227497032644
 20
46.26507116319152
 97
0
 92
22
 72
0
 73
1
 93
4
 10
158.291976449719
 20
46.28340036226399
 10
158.2967921291155
 20
46.28159275094475
 10
158.2964415198975
 20
46.28236473705436
 10
158.2901723755994
 20
46.28713924160655
 97
0
 92
22
 72
0
 73
1
 93
150
 10
158.2858134443876
 20
46.40689268193563
 10
158.2602494561423
 20
46.41906664552806
 10
158.3031104664941
 20
46.45884100417896
 10
158.3066749519084
 20
46.4568891652263
 10
158.3527222027796
 20
46.47910776229508
 10
158.4279411494779
 20
46.53096131257479
 10
158.4728620923096
 20
46.59150637552847
 10
158.4521328710533
 20
46.59068846191184
 10
158.3862472718964
 20
46.57142741575916
 10
158.3341515904129
 20
46.55069646400915
 10
158.2800960590001
 20
46.49681753516524
 10
158.2798980605902
 20
46.49712850113172
 10
158.2526734425254
 20
46.47186447412349
 10
158.231777684271
 20
46.44925201041695
 10
158.1935121552332
 20
46.39139424810781
 10
158.1778038529435
 20
46.40016058631334
 10
158.1562943994858
 20
46.40909981565454
 10
158.1653845900318
 20
46.4534571527667
 10
158.1656590575357
 20
46.4532095992974
 10
158.1948840972645
 20
46.52165522900867
 10
158.1953307893808
 20
46.5215113494134
 10
158.2259548842875
 20
46.57743765387857
 10
158.2209244653558
 20
46.58046711010064
 10
158.1636380390436
 20
46.56136226955385
 10
158.1318148496128
 20
46.54655779354214
 10
158.0965059074723
 20
46.50872924746471
 10
158.0626099950758
 20
46.47069915104037
 10
158.0443985126539
 20
46.50685633639949
 10
158.0210956151504
 20
46.5220489921059
 10
157.9839692161902
 20
46.54420299611155
 10
157.9699696187297
 20
46.55086981930361
 10
157.9653898616843
 20
46.54576657698743
 10
158.0006129799866
 20
46.49225900884192
 10
158.0326275545257
 20
46.41539503566053
 10
157.8890151180629
 20
46.39855988676316
 10
157.8477797001822
 20
46.38100383272939
 10
157.8262489623783
 20
46.36056342173941
 10
157.7988151755079
 20
46.32267942141078
 10
157.7809381093637
 20
46.29780586695704
 10
157.8334064362924
 20
46.33364186326907
 10
157.9206177999903
 20
46.36094809568129
 10
157.9955794751467
 20
46.36241763216929
 10
157.9954836860078
 20
46.36159791073367
 10
158.0311558772691
 20
46.35516580414623
 10
158.0366170640617
 20
46.35604746511598
 10
157.9764345674583
 20
46.33609598517904
 10
157.9301981941397
 20
46.30607542679643
 10
157.8862900791454
 20
46.26809067510402
 10
157.8147919716965
 20
46.20082109596222
 10
157.8019158609704
 20
46.18841204583548
 10
157.7853977919412
 20
46.16157809850228
 10
157.7871144973932
 20
46.11806987653761
 10
157.7923203574745
 20
46.10308549132532
 10
157.8167313121074
 20
46.14166846552978
 10
157.8631454936466
 20
46.19819057085004
 10
157.863485980596
 20
46.19699108379535
 10
157.9163245753342
 20
46.23986182081643
 10
157.9860522436455
 20
46.28834646127614
 10
158.0487804060712
 20
46.31359109851945
 10
158.1064195032421
 20
46.33349464989186
 10
158.1232654069671
 20
46.30034183229617
 10
158.0827120575458
 20
46.27364379693353
 10
158.0077719382706
 20
46.21008334366268
 10
157.9356505645945
 20
46.12612777652901
 10
157.9223073932834
 20
46.08843356560027
 10
157.9215279214684
 20
46.08034675047855
 10
157.9210608608654
 20
46.05506158965653
 10
157.9422034189764
 20
46.0203759137159
 10
157.9620760180031
 20
45.99003434322656
 10
157.985546834442
 20
45.94738447398884
 10
157.9950598142558
 20
45.93366172388522
 10
157.9847025570733
 20
46.05915925446896
 10
157.9860005651415
 20
46.05734055676947
 10
157.9970498360552
 20
46.09168891271582
 10
158.0866826924856
 20
46.21660457771684
 10
158.0874507861689
 20
46.2135627088366
 10
158.1630987089582
 20
46.27629431922577
 10
158.1617224843056
 20
46.24576122391516
 10
158.1650622575606
 20
46.21749908730743
 10
158.1651188381683
 20
46.21757343168536
 10
158.165127007146
 20
46.21695115740038
 10
158.1650622575606
 20
46.21749908730743
 10
158.1412715553769
 20
46.18623917330768
 10
158.1300282716319
 20
46.13123119964547
 10
158.1296661798614
 20
46.13167882336455
 10
158.1195760110721
 20
46.09109061713314
 10
158.1124147162508
 20
46.05913309254463
 10
158.0785511519379
 20
46.03880817766475
 10
158.078298088997
 20
46.03912279590548
 10
158.0604752403769
 20
46.02980296794629
 10
158.0438782781374
 20
46.00764502537202
 10
158.043733571524
 20
46.00782391403408
 10
158.0273383509547
 20
45.99260940140919
 10
158.0085591911764
 20
45.96275676196746
 10
157.9950598142558
 20
45.93366172388522
 10
157.985546834442
 20
45.94738447399066
 10
157.962076018005
 20
45.99003434322838
 10
157.9422034189764
 20
46.0203759137159
 10
157.921060860869
 20
46.05506158965471
 10
157.9216426089469
 20
46.08655556221054
 10
157.9310843790035
 20
46.11322838711129
 10
157.9269329614971
 20
46.11650429263971
 10
157.9032931469873
 20
46.09702102511181
 10
157.8738099292158
 20
46.05539431510368
 10
157.8364658713752
 20
46.02257210528949
 10
157.8209566463728
 20
46.03994314621485
 10
157.8019861409837
 20
46.07526380169218
 10
157.7871144973932
 20
46.11806987653579
 10
157.7853977919412
 20
46.16157809850228
 10
157.8019158609704
 20
46.18841204583185
 10
157.814791971682
 20
46.20082109594221
 10
157.8016253202103
 20
46.21897698951141
 10
157.7885141229807
 20
46.24500803835798
 10
157.7824314416346
 20
46.27387970325361
 10
157.7809381093637
 20
46.29780586695704
 10
157.7988151754916
 20
46.32267942138895
 10
157.8262489623802
 20
46.36056342173941
 10
157.8477797001786
 20
46.38100383272939
 10
157.8890151180629
 20
46.39855988676316
 10
157.9027378681648
 20
46.40807286658054
 10
157.9090525235941
 20
46.44292646146022
 10
157.9147321994777
 20
46.47995210905281
 10
157.9317509128985
 20
46.52657977449524
 10
157.9584052279505
 20
46.5563769596967
 10
157.9839692161976
 20
46.54420299610428
 10
158.0210956151595
 20
46.5220489921059
 10
158.0443985126539
 20
46.50685633639949
 10
158.0575097098835
 20
46.48082528755475
 10
158.0646704997261
 20
46.47301096933841
 10
158.0965059074614
 20
46.50872924745016
 10
158.1318148496128
 20
46.54655779354214
 10
158.1636380390436
 20
46.56136226955385
 10
158.2209244653558
 20
46.58046711010064
 10
158.2543081546345
 20
46.5603625369942
 10
158.2928902264056
 20
46.50956990328012
 10
158.3341515904129
 20
46.55069646400733
 10
158.3862472718928
 20
46.57142741575734
 10
158.452132871057
 20
46.59068846191184
 10
158.4738869820384
 20
46.59154681463877
 10
158.4774262889759
 20
46.52104569506554
 10
158.4773496515689
 20
46.52113289064908
 10
158.4782459132465
 20
46.47179337430787
 10
158.4564517298848
 20
46.40935600710799
 10
158.4553819476667
 20
46.41182566666901
 10
158.4431720576202
 20
46.3955247292717
 10
158.3987775724334
 20
46.38522966559975
 10
158.3985662086041
 20
46.3862955505985
 10
158.3496730393152
 20
46.3846949370265
 10
158.3009845853911
 20
46.38832187448605
 10
158.303361772544
 20
46.38798253227941
 97
0
 92
22
 72
0
 73
1
 93
22
 10
158.5352409789874
 20
46.18274244367529
 10
158.5106798357364
 20
46.1834211641264
 10
158.4659302883327
 20
46.18758741076379
 10
158.466033019892
 20
46.18870301842179
 10
158.4262353375514
 20
46.21689077899572
 10
158.3764720075258
 20
46.24224958279699
 10
158.3766361866536
 20
46.2424397930983
 10
158.3392679069228
 20
46.26796406291686
 10
158.3467800814605
 20
46.28168293890593
 10
158.337823200275
 20
46.32307456239431
 10
158.3196109897498
 20
46.34660144660773
 10
158.2875973174185
 20
46.35240157455444
 10
158.2839034063972
 20
46.35232243699391
 10
158.3132706588012
 20
46.31517974105844
 10
158.3125497527898
 20
46.30468358230536
 10
158.3072582565936
 20
46.32278402163246
 10
158.2832127500468
 20
46.3531959555159
 10
158.3598013934487
 20
46.3393198863643
 10
158.359833064288
 20
46.33924509392926
 10
158.4451793038342
 20
46.32145156362565
 10
158.5115233626956
 20
46.28269045256018
 10
158.5640220172307
 20
46.20884160174244
 97
0
 92
22
 72
0
 73
1
 93
16
 10
158.4094110821796
 20
46.00292445990561
 10
158.3731313226079
 20
46.02218239362009
 10
158.3525682897988
 20
46.04682086156134
 10
158.3162213626519
 20
46.0770616806887
 10
158.2993674557392
 20
46.1051421604381
 10
158.2818231150403
 20
46.12751953762852
 10
158.2699147093215
 20
46.16018936645121
 10
158.2404310768242
 20
46.20371248215559
 10
158.2509710116782
 20
46.26188740929245
 10
158.2643764132726
 20
46.23558794542003
 10
158.2929153527393
 20
46.19441969510006
 10
158.3155949840065
 20
46.16254105144543
 10
158.3544263750872
 20
46.11573686616355
 10
158.3858538045177
 20
46.08130884220662
 10
158.3854601516713
 20
46.07795425986586
 10
158.4188401025266
 20
46.00293031657492
 97
0
 75
0
 76
1
 52
-6.379678046795764
 41
0.02
 77
0
 78
3
 53
83.62032195320415
 43
-1168.815762608963
 44
-1821.871386971022
 45
-0.3170714134103939
 46
0.3968996938748317
 79
2
 49
0.09525
 49
-0.62317
 53
38.6203219532042
 43
-1168.815762608963
 44
-1821.871386971022
 45
-0.3170716295308859
 46
0.396899964407442
 79
2
 49
0.09525
 49
-0.4127500000000001
 53
128.6203219532042
 43
-1168.815762608963
 44
-1821.871386971022
 45
-0.396899964407442
 46
-0.3170716295308859
 79
2
 49
0.0952499999999993
 49
-0.4127499999999974
 47
0.0253176334529217
 98
20
 10
154.9932511862507
 20
43.72213708904308
 10
154.9932511862507
 20
43.72213708904308
 10
154.9932511862507
 20
43.72213708904308
 10
154.9932511862507
 20
43.72213708904308
 10
154.9932511862507
 20
43.72213708904308
 10
154.9932511862507
 20
43.72213708904308
 10
154.9932511862507
 20
43.72213708904308
 10
154.9932511862507
 20
43.72213708904308
 10
154.9932511862507
 20
43.72213708904308
 10
154.9932511862507
 20
43.72213708904308
 10
154.9932511862507
 20
43.72213708904308
 10
154.9932511862507
 20
43.72213708904308
 10
154.9932511862507
 20
43.72213708904308
 10
154.9932511862507
 20
43.72213708904308
 10
159.7959683028956
 20
45.83459190158936
 10
159.7959683028956
 20
45.83459190158936
 10
159.7959683028956
 20
45.83459190158936
 10
159.7959683028956
 20
45.83459190158936
 10
159.7959683028956
 20
45.83459190158936
 10
159.7959683028956
 20
45.83459190158936
1001
ACAD
1010
0.0
1020
0.0
1030
0.0
  0
INSERT
  5
443F
330
1F
100
AcDbEntity
  8
Palm
100
AcDbBlockReference
  2
PALM
 10
157.8963349141767
 20
44.87204819968172
 30
-0.2247913377301467
 41
1.717192937347429
 42
1.717192937347429
 43
1.717192937347429
 50
15.84714793238667
  0
LINE
  5
4440
330
1F
100
AcDbEntity
  8
A-wall
100
AcDbLine
 10
108.3495406011333
 20
46.61308543042969
 30
0.0
 11
108.1034379646759
 21
46.6130854304297
 31
0.0
  0
LINE
  5
4441
330
1F
100
AcDbEntity
  8
A-wall
100
AcDbLine
 10
107.3547447915423
 20
46.6130854304297
 30
0.0
 11
105.9893138292256
 21
46.61308543042972
 31
0.0
  0
LINE
  5
4442
330
1F
100
AcDbEntity
  8
A-wall
100
AcDbLine
 10
105.3893138292255
 20
46.61308543042973
 30
0.0
 11
101.5893138292113
 21
46.61308543042977
 31
0.0
  0
LINE
  5
4443
330
1F
100
AcDbEntity
  8
A-wall
100
AcDbLine
 10
100.9893138292111
 20
46.61308543042979
 30
0.0
 11
97.23931382921128
 21
46.61308543042983
 31
0.0
  0
LINE
  5
4444
330
1F
100
AcDbEntity
  8
A-wall
100
AcDbLine
 10
108.3494297335635
 20
46.7630854304297
 30
0.0
 11
108.180068258604
 21
46.7630854304297
 31
0.0
  0
LINE
  5
4445
330
1F
100
AcDbEntity
  8
A-wall
100
AcDbLine
 10
107.2781144976142
 20
46.76308543042972
 30
0.0
 11
97.23931382921128
 21
46.76308543042984
 31
0.0
  0
LINE
  5
444E
330
1F
100
AcDbEntity
  8
A-wall
100
AcDbLine
 10
91.9893138292114
 20
48.2469806630564
 30
0.0
 11
91.8393138292114
 21
48.2469806630564
 31
0.0
  0
LINE
  5
4457
330
1F
100
AcDbEntity
  8
A-wall
100
AcDbLine
 10
101.2893138292113
 20
46.61426893726198
 30
0.0
 11
101.2893138292113
 21
46.61308543042973
 31
0.0
  0
LINE
  5
4458
330
1F
100
AcDbEntity
  8
A-wall
100
AcDbLine
 10
101.4393138292111
 20
46.61426893726198
 30
0.0
 11
101.4393138292111
 21
46.61308543042973
 31
0.0
  0
LINE
  5
4459
330
1F
100
AcDbEntity
  8
A-wall
100
AcDbLine
 10
101.4393138292111
 20
46.36426893726198
 30
0.0
 11
101.4393138292113
 21
46.36137410169936
 31
0.0
  0
INSERT
  5
445A
330
1F
100
AcDbEntity
  8
0
100
AcDbBlockReference
  2
h
 10
-729.2237830279837
 20
-154.967322340096
 30
0.0
  0
INSERT
  5
445B
330
1F
100
AcDbEntity
  8
0
100
AcDbBlockReference
  2
jl
 10
-99.03004009914038
 20
881.9613178663077
 30
0.0
 50
270.0
  0
LINE
  5
445C
330
1F
100
AcDbEntity
  8
A-wall
100
AcDbLine
 10
97.29755285259662
 20
42.14698066305643
 30
0.0
 11
97.23931382921128
 21
42.14698066305643
 31
0.0
  0
INSERT
  5
445D
330
1F
100
AcDbEntity
  8
0
100
AcDbBlockReference
  2
jl
 10
-738.360629935397
 20
-159.5837397671668
 30
0.0
  0
LINE
  5
445E
330
1F
100
AcDbEntity
  8
A-wall
100
AcDbLine
 10
114.9003676713519
 20
42.14698066314322
 30
0.0
 11
114.9003676713531
 21
45.44408788995022
 31
0.0
  0
LINE
  5
445F
330
1F
100
AcDbEntity
  8
A-wall
100
AcDbLine
 10
114.900367671374
 20
45.44408788995022
 30
0.0
 11
111.750367671374
 21
45.44408788997218
 31
0.0
  0
LINE
  5
4460
330
1F
100
AcDbEntity
  8
A-wall
100
AcDbLine
 10
115.0503676713729
 20
45.59408788995023
 30
0.0
 11
111.750367671374
 21
45.59408788995023
 31
0.0
  0
LINE
  5
4461
330
1F
100
AcDbEntity
  8
A-wall
100
AcDbLine
 10
108.3493898386264
 20
46.7630854304297
 30
0.0
 11
108.3525850227822
 21
42.14698066316945
 31
0.0
  0
LINE
  5
4462
330
1F
100
AcDbEntity
  8
A-wall
100
AcDbLine
 10
108.2003676713864
 20
46.7630854304297
 30
0.0
 11
108.2003676713867
 21
42.34408788994988
 31
0.0
  0
LINE
  5
4463
330
1F
100
AcDbEntity
  8
A-wall
100
AcDbLine
 10
108.350627212349
 20
41.99293788433871
 30
0.0
 11
115.5503676713454
 21
41.99698066320866
 31
0.0
  0
LINE
  5
4464
330
1F
100
AcDbEntity
  8
A-wall
100
AcDbLine
 10
108.2003676713852
 20
42.14698066305643
 30
0.0
 11
108.2003676713867
 21
42.34408788994985
 31
0.0
  0
LINE
  5
4465
330
1F
100
AcDbEntity
  8
A-wall
100
AcDbLine
 10
102.7003676713851
 20
42.14698066309783
 30
0.0
 11
102.700367671385
 21
44.61570560310503
 31
0.0
  0
LINE
  5
4466
330
1F
100
AcDbEntity
  8
A-wall
100
AcDbLine
 10
102.7003676713851
 20
46.36137410169935
 30
0.0
 11
102.7003676713851
 21
46.61308543042969
 31
0.0
  0
LINE
  5
4467
330
1F
100
AcDbEntity
  8
A-wall
100
AcDbLine
 10
102.5503676713851
 20
42.14698066309783
 30
0.0
 11
102.5503676713851
 21
44.63409687364782
 31
0.0
  0
LINE
  5
4468
330
1F
100
AcDbEntity
  8
A-wall
100
AcDbLine
 10
102.5503676713853
 20
46.36137410169936
 30
0.0
 11
102.5503676713851
 21
46.61308543042969
 31
0.0
  0
LWPOLYLINE
  5
4469
330
1F
100
AcDbEntity
  8
A-Col
100
AcDbPolyline
 90
4
 70
1
 10
116.7203676713471
 20
40.24408788994988
 10
117.1203676713467
 20
40.24408788994988
 10
117.1203676713467
 20
40.64408788995133
 10
116.7203676713471
 20
40.64408788995133
  0
LWPOLYLINE
  5
446A
330
1F
100
AcDbEntity
  8
A-Col
100
AcDbPolyline
 90
4
 70
1
 10
111.5003676713633
 20
40.24408788994988
 10
111.9003676713629
 20
40.24408788994988
 10
111.9003676713629
 20
40.64408788995133
 10
111.5003676713633
 20
40.64408788995133
  0
LINE
  5
446B
330
1F
100
AcDbEntity
  8
A-wall
100
AcDbLine
 10
108.3506272123718
 20
45.14293788433753
 30
0.0
 11
108.3506272123684
 21
44.65356071040424
 31
0.0
  0
LINE
  5
446C
330
1F
100
AcDbEntity
  8
A-wall
100
AcDbLine
 10
108.3506272123562
 20
42.96613123519523
 30
0.0
 11
108.350627212349
 21
41.99293788433871
 31
0.0
  0
LINE
  5
446D
330
1F
100
AcDbEntity
  8
A-wall
100
AcDbLine
 10
108.3506272123718
 20
45.29293788433753
 30
0.0
 11
108.3506272123718
 21
46.7630854304297
 31
0.0
  0
LINE
  5
446E
330
1F
100
AcDbEntity
  8
A-wall
100
AcDbLine
 10
111.750367671374
 20
45.84408788995022
 30
0.0
 11
111.750367671374
 21
45.59408788995023
 31
0.0
  0
LINE
  5
446F
330
1F
100
AcDbEntity
  8
A-wall
100
AcDbLine
 10
111.750367671374
 20
45.59408788995023
 30
0.0
 11
113.7503676713738
 21
45.59408788995023
 31
0.0
  0
LINE
  5
4470
330
1F
100
AcDbEntity
  8
A-wall
100
AcDbLine
 10
115.0503676713528
 20
42.09283796982723
 30
0.0
 11
115.0503676713729
 21
45.59408788995023
 31
0.0
  0
INSERT
  5
4471
330
1F
100
AcDbEntity
  8
0
100
AcDbBlockReference
  2
jl
 10
313.2910247762695
 20
-792.003260230427
 30
0.0
 50
89.99999999999999
  0
LINE
  5
4472
330
1F
100
AcDbEntity
  8
A-wall
100
AcDbLine
 10
111.710617005744
 20
43.59668353418138
 30
0.0
 11
111.7106170057382
 21
42.14698066315601
 31
0.0
  0
LINE
  5
4473
330
1F
100
AcDbEntity
  8
A-wall
100
AcDbLine
 10
111.5267043003166
 20
43.59668353418138
 30
0.0
 11
111.5267043003107
 21
42.14698066315674
 31
0.0
  0
LWPOLYLINE
  5
447A
330
1F
100
AcDbEntity
  8
A-Col
100
AcDbPolyline
 90
4
 70
1
 10
108.1448407502911
 20
55.84408788995041
 10
108.5448407502926
 20
55.84408788995041
 10
108.5448407502926
 20
56.24408788995005
 10
108.144840750293
 20
56.24408788995005
  0
LINE
  5
447B
330
1F
100
AcDbEntity
  8
A-Elev
100
AcDbLine
 10
100.5393138292107
 20
52.89698066305641
 30
0.0
 11
100.3393138292107
 21
52.89698066305641
 31
0.0
  0
LINE
  5
4509
330
1F
100
AcDbEntity
  8
Finished product
 62
5
100
AcDbLine
 10
111.5003676713633
 20
40.24408788994988
 30
0.0
 11
136.8953676713744
 21
40.24408788994988
 31
0.0
  0
LINE
  5
450B
330
1F
100
AcDbEntity
  8
Finished product
 62
5
100
AcDbLine
 10
136.8953676713744
 20
56.24408788994987
 30
0.0
 11
111.5003676713633
 21
56.24408788994987
 31
0.0
  0
LINE
  5
450D
330
1F
100
AcDbEntity
  8
Finished product
 62
5
100
AcDbLine
 10
111.3009632090833
 20
40.24408788994988
 30
0.0
 11
136.9600770825224
 21
40.24408788994988
 31
0.0
  0
LINE
  5
4513
330
1F
100
AcDbEntity
  8
FireEquipment
 62
5
100
AcDbLine
 10
105.9893138292256
 20
40.24408788994725
 30
0.0
 11
111.750367671374
 21
40.24408788994986
 31
0.0
  0
LINE
  5
4514
330
1F
100
AcDbEntity
  8
FireEquipment
100
AcDbLine
 10
111.750367671374
 20
40.24408788994986
 30
0.0
 11
111.750367671374
 21
40.64408788995133
 31
0.0
  0
LINE
  5
4515
330
1F
100
AcDbEntity
  8
FireEquipment
 62
5
100
AcDbLine
 10
111.74140968635
 20
56.22873899874824
 30
0.0
 11
106.1142342296977
 21
56.22873899874824
 31
0.0
  0
LINE
  5
4518
330
1F
100
AcDbEntity
  8
FireEquipment
100
AcDbLine
 10
111.74140968635
 20
40.4142224856088
 30
0.0
 11
111.74140968635
 21
40.64408788995133
 31
0.0
  0
LINE
  5
451A
330
1F
100
AcDbEntity
  8
Finished product
100
AcDbLine
 10
111.3009632090833
 20
40.49408788994987
 30
0.0
 11
111.3009632090833
 21
40.24408788994988
 31
0.0
  0
LINE
  5
451C
330
1F
100
AcDbEntity
  8
Finished product
100
AcDbLine
 10
111.5003676713633
 20
40.64408788995133
 30
0.0
 11
111.5003676713633
 21
40.24408788994988
 31
0.0
  0
LWPOLYLINE
  5
4858
330
1F
100
AcDbEntity
  8
A-RET-thin
 62
1
100
AcDbPolyline
 90
4
 70
1
 10
124.6834084013826
 20
55.12071473659307
 10
124.6834084013826
 20
43.12071473659307
 10
126.6834084013826
 20
43.12071473659307
 10
126.6834084013826
 20
55.12071473659307
  0
LWPOLYLINE
  5
4859
330
1F
100
AcDbEntity
  8
A-RET-thin
 62
1
100
AcDbPolyline
 90
4
 70
1
 10
122.3610971348535
 20
55.12071473659307
 10
122.3610971348535
 20
43.12071473659307
 10
124.3610971348535
 20
43.12071473659307
 10
124.3610971348535
 20
55.12071473659307
  0
LWPOLYLINE
  5
48C8
330
1F
100
AcDbEntity
  8
P-CHWS
100
AcDbPolyline
 90
2
 70
0
 43
0.08
 10
111.44999999999999
 20
51.45
 10
111.44999999999999
 20
51.8
  0
LWPOLYLINE
  5
48C9
330
1F
100
AcDbEntity
  8
P-CHWR
100
AcDbPolyline
 90
2
 70
0
 43
0.08
 10
112.25
 20
50.55
 10
112.25
 20
51.8
  0
LWPOLYLINE
  5
48CA
330
1F
100
AcDbEntity
  8
P-CHWS
100
AcDbPolyline
 90
2
 70
0
 43
0.08
 10
111.44999999999999
 20
51.45
 10
111.44999999999999
 20
50.2
  0
LWPOLYLINE
  5
48CB
330
1F
100
AcDbEntity
  8
P-CHWR
100
AcDbPolyline
 90
2
 70
0
 43
0.08
 10
112.25
 20
50.55
 10
112.25
 20
50.2
  0
LWPOLYLINE
  5
48CC
330
1F
100
AcDbEntity
  8
P-CHWS
100
AcDbPolyline
 90
2
 70
0
 43
0.08
 10
116.64999999999999
 20
51.45
 10
116.64999999999999
 20
51.8
  0
LWPOLYLINE
  5
48CD
330
1F
100
AcDbEntity
  8
P-CHWR
100
AcDbPolyline
 90
2
 70
0
 43
0.08
 10
117.45
 20
50.55
 10
117.45
 20
51.8
  0
LWPOLYLINE
  5
48CE
330
1F
100
AcDbEntity
  8
P-CHWS
100
AcDbPolyline
 90
2
 70
0
 43
0.08
 10
116.64999999999999
 20
51.45
 10
116.64999999999999
 20
50.2
  0
LWPOLYLINE
  5
48CF
330
1F
100
AcDbEntity
  8
P-CHWR
100
AcDbPolyline
 90
2
 70
0
 43
0.08
 10
117.45
 20
50.55
 10
117.45
 20
50.2
  0
LWPOLYLINE
  5
48D0
330
1F
100
AcDbEntity
  8
P-CHWS
100
AcDbPolyline
 90
5
 70
0
 43
0.08
 10
100.0
 20
51.45
 10
120.2
 20
51.45
 10
120.2
 20
55.65
 10
127.15
 20
55.65
 10
127.15
 20
44.0
  0
LWPOLYLINE
  5
48D1
330
1F
100
AcDbEntity
  8
P-CHWR
100
AcDbPolyline
 90
5
 70
0
 43
0.08
 10
100.0
 20
50.55
 10
120.9
 20
50.55
 10
120.9
 20
55.35
 10
127.85
 20
55.35
 10
127.85
 20
44.0
  0
LWPOLYLINE
  5
48D2
330
1F
100
AcDbEntity
  8
P-CHWS
100
AcDbPolyline
 90
2
 70
0
 43
0.08
 10
127.15
 20
44.2
 10
128.3
 20
44.2
  0
LWPOLYLINE
  5
48D3
330
1F
100
AcDbEntity
  8
P-CHWR
100
AcDbPolyline
 90
2
 70
0
 43
0.08
 10
127.85
 20
43.8
 10
128.3
 20
43.8
  0
LWPOLYLINE
  5
48D4
330
1F
100
AcDbEntity
  8
P-CHWS
100
AcDbPolyline
 90
2
 70
0
 43
0.08
 10
127.15
 20
47.2
 10
128.3
 20
47.2
  0
LWPOLYLINE
  5
48D5
330
1F
100
AcDbEntity
  8
P-CHWR
100
AcDbPolyline
 90
2
 70
0
 43
0.08
 10
127.85
 20
46.8
 10
128.3
 20
46.8
  0
LWPOLYLINE
  5
48D6
330
1F
100
AcDbEntity
  8
P-CHWS
100
AcDbPolyline
 90
2
 70
0
 43
0.08
 10
127.15
 20
49.800000000000004
 10
128.3
 20
49.800000000000004
  0
LWPOLYLINE
  5
48D7
330
1F
100
AcDbEntity
  8
P-CHWR
100
AcDbPolyline
 90
2
 70
0
 43
0.08
 10
127.85
 20
49.4
 10
128.3
 20
49.4
  0
LWPOLYLINE
  5
48D8
330
1F
100
AcDbEntity
  8
P-CHWS
100
AcDbPolyline
 90
2
 70
0
 43
0.08
 10
127.15
 20
52.6
 10
128.3
 20
52.6
  0
LWPOLYLINE
  5
48D9
330
1F
100
AcDbEntity
  8
P-CHWR
100
AcDbPolyline
 90
2
 70
0
 43
0.08
 10
127.85
 20
52.199999999999996
 10
128.3
 20
52.199999999999996
  0
LWPOLYLINE
  5
48DA
330
1F
100
AcDbEntity
  8
P-CHWS
100
AcDbPolyline
 90
2
 70
0
 43
0.08
 10
127.15
 20
54.900000000000006
 10
128.3
 20
54.900000000000006
  0
LWPOLYLINE
  5
48DB
330
1F
100
AcDbEntity
  8
P-CHWR
100
AcDbPolyline
 90
2
 70
0
 43
0.08
 10
127.85
 20
54.5
 10
128.3
 20
54.5
  0
TEXT
  5
48DC
330
1F
100
AcDbEntity
  8
P-CHW-TXT
100
AcDbText
 10
101.0
 20
51.650000000000006
 30
0.0
 40
0.3
  1
CHWS
100
AcDbText
  0
TEXT
  5
48DD
330
1F
100
AcDbEntity
  8
P-CHW-TXT
100
AcDbText
 10
101.0
 20
50.05
 30
0.0
 40
0.3
  1
CHWR
100
AcDbText
  0
ENDSEC
  0
SECTION
  2
OBJECTS
  0
DICTIONARY
  5
C
330
0
100
AcDbDictionary
281
1
  3
ACAD_BACKGROUND
350
44F6
  3
ACAD_CIP_PREVIOUS_PRODUCT_INFO
350
1A5
  3
ACAD_COLOR
350
73
  3
ACAD_DETAILVIEWSTYLE
350
1AB
  3
ACAD_GROUP
350
D
  3
ACAD_LAST_SAVED_VERSION_INFO
350
44F5
  3
ACAD_LAYOUT
350
1A
  3
ACAD_MATERIAL
350
72
  3
ACAD_MLEADERSTYLE
350
D7
  3
ACAD_MLINESTYLE
350
17
  3
ACAD_PLOTSETTINGS
350
19
  3
ACAD_PLOTSTYLENAME
350
E
  3
ACAD_SCALELIST
350
B6
  3
ACAD_SECTIONVIEWSTYLE
350
1A8
  3
ACAD_TABLESTYLE
350
86
  3
ACAD_VISUALSTYLE
350
99
  3
ACDB_RECOMPOSE_DATA
350
4885
  3
ACDBVARIABLEDICTIONARY
350
25E1
  3
EZDXF_META
350
48E0
  0
DICTIONARY
  5
18E
330
2
100
AcDbDictionary
280
1
281
1
  3
ACAD_LAYERSTATES
360
18F
  0
DICTIONARY
  5
E6
330
10
100
AcDbDictionary
280
1
281
1
  0
DICTIONARY
  5
685
330
684
100
AcDbDictionary
280
1
281
1
  0
DICTIONARY
  5
68B
330
68A
100
AcDbDictionary
280
1
281
1
  0
DICTIONARY
  5
15D
330
1F
100
AcDbDictionary
280
1
281
1
  3
ACAD_SORTENTS
360
4508
  0
DICTIONARY
  5
250
330
24F
100
AcDbDictionary
280
1
281
1
  0
DICTIONARY
  5
43C
330
43B
100
AcDbDictionary
280
1
281
1
  0
DICTIONARY
  5
44F6
102
{ACAD_REACTORS
330
C
102
}
330
C
100
AcDbDictionary
281
1
  0
XRECORD
  5
1A5
102
{ACAD_REACTORS
330
C
102
}
330
C
100
AcDbXrecord
280
1
300
ACD
300
2025
300
87919ACD_2025_0F
  0
DICTIONARY
  5
73
102
{ACAD_REACTORS
330
C
102
}
330
C
100
AcDbDictionary
281
1
  0
DICTIONARY
  5
1AB
102
{ACAD_REACTORS
330
C
102
}
330
C
100
AcDbDictionary
281
1
  3
Imperial24
350
1AC
  3
Metric50
350
6AA
  0
DICTIONARY
  5
D
102
{ACAD_REACTORS
330
C
102
}
330
C
100
AcDbDictionary
281
1
  0
XRECORD
  5
44F5
102
{ACAD_REACTORS
330
C
102
}
330
C
100
AcDbXrecord
280
1
300
{04F3DEF2-858D-C94B-BFD8-A6917A834311}
301
{253EB5CA-CD13-DC43-AFAD-44D7C6F50B1E}
302
{04F3DEF2-858D-C94B-BFD8-A6917A834311}
303
C:\Users\JiIiMMY\Desktop\Drawing1.dxf
  0
DICTIONARY
  5
1A
102
{ACAD_REACTORS
330
C
102
}
330
C
100
AcDbDictionary
281
1
  3
Layout1
350
59
  3
Layout2
350
5E
  3
Model
350
22
  0
DICTIONARY
  5
72
102
{ACAD_REACTORS
330
C
102
}
330
C
100
AcDbDictionary
281
1
  3
ByBlock
350
97
  3
ByLayer
350
96
  3
Global
350
98
  0
DICTIONARY
  5
D7
102
{ACAD_REACTORS
330
C
102
}
330
C
100
AcDbDictionary
281
1
  3
Annotative
350
E5
  3
Standard
350
D8
  0
DICTIONARY
  5
17
102
{ACAD_REACTORS
330
C
102
}
330
C
100
AcDbDictionary
281
1
  3
HGJG
350
6A8
  3
Standard
350
18
  0
DICTIONARY
  5
19
102
{ACAD_REACTORS
330
C
102
}
330
C
100
AcDbDictionary
281
1
  0
ACDBDICTIONARYWDFLT
  5
E
102
{ACAD_REACTORS
330
C
102
}
330
C
100
AcDbDictionary
281
1
  3
Normal
350
F
100
AcDbDictionaryWithDefault
340
F
  0
DICTIONARY
  5
B6
102
{ACAD_REACTORS
330
C
102
}
330
C
100
AcDbDictionary
281
1
  3
A0
350
B7
  3
A1
350
124
  3
A2
350
125
  3
A3
350
126
  3
A4
350
127
  3
A5
350
128
  3
A6
350
129
  3
A7
350
12A
  3
A8
350
12B
  3
A9
350
12C
  3
B0
350
12D
  3
B1
350
12E
  3
B2
350
12F
  3
B3
350
130
  3
B4
350
131
  3
B5
350
132
  3
B6
350
133
  3
B7
350
134
  3
B8
350
135
  3
B9
350
136
  3
C0
350
137
  3
C1
350
138
  3
C2
350
139
  3
C3
350
13A
  3
C4
350
13B
  3
C5
350
13C
  3
C6
350
13D
  3
C7
350
13E
  3
C8
350
13F
  3
C9
350
140
  3
D0
350
141
  3
D1
350
142
  3
D2
350
143
  0
DICTIONARY
  5
1A8
102
{ACAD_REACTORS
330
C
102
}
330
C
100
AcDbDictionary
281
1
  3
Imperial24
350
1AA
  3
Metric50
350
6A9
  0
DICTIONARY
  5
86
102
{ACAD_REACTORS
330
C
102
}
330
C
100
AcDbDictionary
281
1
  3
Standard
350
87
  0
DICTIONARY
  5
99
102
{ACAD_REACTORS
330
C
102
}
330
C
100
AcDbDictionary
281
1
  3
2dWireframe
350
9F
  3
Basic
350
9E
  3
Brighten
350
A5
  3
ColorChange
350
A9
  3
Conceptual
350
A2
  3
Dim
350
A4
  3
EdgeColorOff
350
175
  3
Facepattern
350
A8
  3
Flat
350
9A
  3
FlatWithEdges
350
9B
  3
Gouraud
350
9C
  3
GouraudWithEdges
350
9D
  3
Hidden
350
A1
  3
JitterOff
350
173
  3
Linepattern
350
A7
  3
OverhangOff
350
174
  3
Realistic
350
A3
  3
Shaded
350
182
  3
Shaded with edges
350
181
  3
Shades of Gray
350
17E
  3
Sketchy
350
17F
  3
Thicken
350
A6
  3
Wireframe
350
A0
  3
X-Ray
350
180
  0
XRECORD
  5
4885
102
{ACAD_REACTORS
330
C
102
}
330
C
100
AcDbXrecord
280
1
 90
1
330
87
  0
DICTIONARY
  5
25E1
102
{ACAD_REACTORS
330
C
102
}
330
C
100
AcDbDictionary
281
2
  3
#COMPAREDIFFTOTAL
350
25E2
  3
#REVCLOUDAPPROXARCLEN
350
25E3
  3
ANNOALLVISIBLE
350
25E4
  3
CANNOSCALE
350
25E5
  3
CMLEADERSTYLE
350
25E6
  3
CTABLESTYLE
350
25E7
  3
CVIEWDETAILSTYLE
350
25E8
  3
CVIEWSECTIONSTYLE
350
25E9
  3
DIMADEC
350
25EA
  3
DIMASSOC
350
25EB
  3
EXPORTMODELSPACE
350
25EC
  3
EXPORTPAPERSPACE
350
25ED
  3
HPCOLOR
350
25EE
  3
HPINHERIT
350
25EF
  3
HPTRANSPARENCY
350
25F0
  3
INDEXCTL
350
25F1
  3
LAYEREVAL
350
25F2
  3
LAYERNOTIFY
350
25F3
  3
LIGHTINGUNITS
350
25F4
  3
MLEADERSCALE
350
25F5
  3
MSLTSCALE
350
25F6
  3
OLEFRAME
350
25F7
  3
PDFFRAME
350
25F8
  3
SOLIDHIST
350
25F9
  3
SORTENTS
350
25FA
  0
DICTIONARY
  5
18F
102
{ACAD_REACTORS
330
18E
102
}
330
18E
100
AcDbDictionary
281
1
  0
SORTENTSTABLE
  5
4508
102
{ACAD_REACTORS
330
15D
102
}
330
15D
100
AcDbSortentsTable
330
1F
331
365D
  5
365F
331
365F
  5
3660
331
3660
  5
3661
331
3661
  5
3662
331
3662
  5
3663
331
3663
  5
3664
331
3664
  5
3665
331
3665
  5
3666
331
3666
  5
3667
331
3667
  5
3668
331
3668
  5
3669
331
3669
  5
366C
331
366C
  5
366F
331
366F
  5
3672
331
3672
  5
3675
331
3675
  5
3676
331
3676
  5
3677
331
3677
  5
3678
331
3678
  5
3679
331
3679
  5
367A
331
367A
  5
367B
331
367B
  5
367C
331
367C
  5
367D
331
367D
  5
367E
331
367E
  5
3681
331
3681
  5
3684
331
3684
  5
3687
331
3687
  5
368A
331
368A
  5
368B
331
368B
  5
368C
331
368C
  5
368D
331
368D
  5
368E
331
368E
  5
368F
331
368F
  5
3690
331
3690
  5
3691
331
3691
  5
3692
331
3692
  5
3693
331
3693
  5
3694
331
3694
  5
3695
331
3695
  5
3696
331
3696
  5
3697
331
3697
  5
3698
331
3698
  5
3699
331
3699
  5
369A
331
369A
  5
369B
331
369B
  5
369C
331
369C
  5
369D
331
369D
  5
369E
331
369E
  5
369F
331
369F
  5
36A0
331
36A0
  5
36A1
331
36A1
  5
36A2
331
36A2
  5
36A3
331
36A3
  5
36A4
331
36A4
  5
36A5
331
36A5
  5
36A6
331
36A6
  5
36A7
331
36A7
  5
36A8
331
36A8
  5
36A9
331
36A9
  5
36AA
331
36AA
  5
36AB
331
36AB
  5
36AC
331
36AC
  5
36AD
331
36AD
  5
36AE
331
36AE
  5
36B1
331
36B1
  5
36B2
331
36B2
  5
36B5
331
36B5
  5
36B6
331
42BD
  5
42BE
331
42BE
  5
42BF
331
42BF
  5
42C0
331
42C0
  5
42C1
331
42C1
  5
42C2
331
42C2
  5
42C3
331
42C3
  5
42C4
331
42C4
  5
42C5
331
42C5
  5
42C6
331
42C6
  5
42C7
331
42C7
  5
42C8
331
42C8
  5
42C9
331
42C9
  5
42CA
331
42CA
  5
42CB
331
42CB
  5
42CC
331
42CC
  5
42CD
331
42CD
  5
42CE
331
42CE
  5
42CF
331
42CF
  5
42D0
331
42D0
  5
42D1
331
42D1
  5
42D2
331
42D2
  5
42D3
331
42D3
  5
42D4
331
42D4
  5
42D5
331
42D5
  5
42D6
331
42D6
  5
42D7
331
42D7
  5
42D8
331
42D8
  5
42D9
331
42D9
  5
42DA
331
42DA
  5
42DB
331
42DB
  5
42DC
331
42DC
  5
42DD
331
42DD
  5
42DE
331
42DE
  5
42DF
331
42DF
  5
42E0
331
42E0
  5
42E1
331
42E1
  5
42E2
331
42E2
  5
42E3
331
42E3
  5
42E4
331
42E4
  5
42E5
331
42E5
  5
42E6
331
42E6
  5
42E7
331
42E7
  5
42E8
331
42E8
  5
42E9
331
42E9
  5
42EA
331
42EA
  5
42EB
331
42EB
  5
42EC
331
42EC
  5
42ED
331
42ED
  5
42EE
331
42EE
  5
42EF
331
42EF
  5
42F0
331
42F0
  5
42F1
331
42F1
  5
42F2
331
42F2
  5
42F3
331
42F3
  5
42F4
331
42F4
  5
42F5
331
42F5
  5
42F6
331
42F6
  5
42F7
331
42F7
  5
42F8
331
42F8
  5
42F9
331
42F9
  5
42FA
331
42FA
  5
42FB
331
42FB
  5
42FC
331
42FC
  5
42FD
331
42FD
  5
42FE
331
42FE
  5
42FF
331
42FF
  5
4300
331
4300
  5
4301
331
4301
  5
4302
331
4302
  5
4303
331
4303
  5
4304
331
4304
  5
4305
331
4305
  5
4306
331
4306
  5
4307
331
4307
  5
4308
331
4308
  5
4309
331
4309
  5
430A
331
430A
  5
430B
331
430B
  5
430C
331
430C
  5
430D
331
430D
  5
430E
331
430E
  5
430F
331
430F
  5
4310
331
4310
  5
4311
331
4311
  5
4312
331
4312
  5
4313
331
4313
  5
4314
331
4314
  5
4315
331
4315
  5
4316
331
4316
  5
4317
331
4317
  5
4318
331
4318
  5
4319
331
4319
  5
431A
331
431A
  5
431B
331
431B
  5
431C
331
431C
  5
431D
331
431D
  5
431E
331
431E
  5
431F
331
431F
  5
4320
331
4320
  5
4321
331
4321
  5
4322
331
4322
  5
4323
331
4323
  5
4324
331
4324
  5
4325
331
4325
  5
4326
331
4326
  5
4327
331
4327
  5
4328
331
4328
  5
4329
331
4329
  5
432A
331
432A
  5
432B
331
432B
  5
432C
331
432C
  5
432D
331
432D
  5
432E
331
432E
  5
432F
331
432F
  5
4330
331
4330
  5
4331
331
4331
  5
4332
331
4332
  5
4333
331
4333
  5
4334
331
4334
  5
4335
331
4335
  5
4336
331
4336
  5
4337
331
4337
  5
4338
331
4338
  5
4339
331
4339
  5
433A
331
433A
  5
433B
331
433B
  5
433C
331
433C
  5
433D
331
433D
  5
433E
331
433E
  5
433F
331
433F
  5
4340
331
4340
  5
4341
331
4341
  5
4342
331
4342
  5
4343
331
4343
  5
4344
331
4344
  5
4345
331
4345
  5
4346
331
4346
  5
4347
331
4347
  5
4348
331
4348
  5
4349
331
4349
  5
434A
331
434A
  5
434B
331
434B
  5
434C
331
434C
  5
434D
331
434D
  5
434E
331
434E
  5
434F
331
434F
  5
4350
331
4350
  5
4351
331
4351
  5
4352
331
4352
  5
4353
331
4353
  5
4354
331
4354
  5
4355
331
4355
  5
4356
331
4356
  5
4357
331
4357
  5
4358
331
4358
  5
4359
331
4359
  5
435A
331
435A
  5
435B
331
435B
  5
435C
331
435C
  5
435D
331
435D
  5
435E
331
435E
  5
435F
331
435F
  5
4360
331
4360
  5
4361
331
4361
  5
4362
331
4362
  5
4363
331
4363
  5
4364
331
4364
  5
4365
331
4365
  5
4366
331
4366
  5
4367
331
4367
  5
4368
331
4368
  5
4369
331
4369
  5
436A
331
436A
  5
436B
331
436B
  5
436C
331
436C
  5
436D
331
436D
  5
436E
331
436E
  5
436F
331
436F
  5
4370
331
4370
  5
4371
331
4371
  5
4372
331
4372
  5
4373
331
4373
  5
4374
331
4374
  5
4375
331
4375
  5
4376
331
4376
  5
4377
331
4377
  5
4378
331
4378
  5
4379
331
4379
  5
437A
331
437A
  5
437B
331
437B
  5
437C
331
437C
  5
437F
331
437F
  5
4380
331
4380
  5
4381
331
4381
  5
4382
331
4382
  5
4383
331
4383
  5
4384
331
4384
  5
4385
331
4385
  5
4386
331
4386
  5
4387
331
4387
  5
4388
331
4388
  5
4389
331
4389
  5
438A
331
438A
  5
438B
331
438B
  5
438C
331
438C
  5
438D
331
438D
  5
438E
331
438E
  5
438F
331
438F
  5
4390
331
4390
  5
4391
331
4391
  5
4392
331
4392
  5
4393
331
4393
  5
4394
331
4394
  5
4395
331
4395
  5
4396
331
4396
  5
4397
331
4397
  5
4398
331
4398
  5
4399
331
4399
  5
439A
331
439A
  5
439B
331
439B
  5
439C
331
439C
  5
439D
331
439D
  5
439E
331
439E
  5
439F
331
439F
  5
43A0
331
43A0
  5
43A1
331
43A1
  5
43A2
331
43A2
  5
43A3
331
43A3
  5
43A4
331
43A4
  5
43A5
331
43A5
  5
43A6
331
43A6
  5
43A7
331
43A7
  5
43A8
331
43A8
  5
43A9
331
43A9
  5
43AA
331
43AA
  5
43AB
331
43AB
  5
43AC
331
43AC
  5
43AD
331
43AD
  5
43AE
331
43AE
  5
43AF
331
43AF
  5
43B0
331
43B0
  5
43B1
331
43B1
  5
43B2
331
43B2
  5
43B3
331
43B3
  5
43B4
331
43B4
  5
43B5
331
43B5
  5
43B6
331
43B6
  5
43B7
331
43B7
  5
43B8
331
43B8
  5
43B9
331
43B9
  5
43BA
331
43BA
  5
43BB
331
43BB
  5
43BC
331
43BC
  5
43BD
331
43BD
  5
43BE
331
43BE
  5
43BF
331
43BF
  5
43C0
331
43C0
  5
43C1
331
43C1
  5
43C2
331
43C2
  5
43C3
331
43C3
  5
43C4
331
43C4
  5
43C5
331
43C5
  5
43C6
331
43C6
  5
43C7
331
43C7
  5
43C8
331
43C8
  5
43C9
331
43C9
  5
43CA
331
43CA
  5
43CB
331
43CB
  5
43CC
331
43CC
  5
43CD
331
43CD
  5
43CE
331
43CE
  5
43CF
331
43CF
  5
43D0
331
43D0
  5
43D1
331
43D1
  5
43D2
331
43D2
  5
43D3
331
43D3
  5
43D4
331
43D4
  5
43D5
331
43D5
  5
43D6
331
43D6
  5
43D7
331
43D7
  5
43D8
331
43D8
  5
43D9
331
43D9
  5
43DA
331
43DA
  5
43DB
331
43DB
  5
43DC
331
43DC
  5
43DD
331
43DD
  5
43DE
331
43DE
  5
43DF
331
43DF
  5
43E0
331
43E0
  5
43E1
331
43E1
  5
43E2
331
43E2
  5
43E3
331
43E3
  5
43E4
331
43E4
  5
43E5
331
43E5
  5
43E6
331
43E6
  5
43E7
331
43E7
  5
43E8
331
43E8
  5
43E9
331
43E9
  5
43EA
331
43EA
  5
43EB
331
43EB
  5
43EC
331
43EC
  5
43EE
331
43EE
  5
43EF
331
43EF
  5
43F0
331
43F0
  5
43F1
331
43F1
  5
43F2
331
43F2
  5
43F3
331
43F3
  5
43F4
331
43F4
  5
43F5
331
43F5
  5
43F6
331
43F6
  5
43F7
331
43F7
  5
43F8
331
43F8
  5
43F9
331
43F9
  5
43FA
331
43FA
  5
43FB
331
43FB
  5
43FC
331
43FC
  5
43FD
331
43FD
  5
43FE
331
43FE
  5
43FF
331
43FF
  5
4400
331
4400
  5
4401
331
4401
  5
4402
331
4402
  5
4403
331
4403
  5
4404
331
4404
  5
4405
331
4405
  5
4406
331
4406
  5
4407
331
4407
  5
4408
331
4408
  5
4409
331
4409
  5
440A
331
440A
  5
440B
331
440B
  5
440C
331
440C
  5
440D
331
440D
  5
440E
331
440E
  5
440F
331
440F
  5
4410
331
4410
  5
4411
331
4411
  5
4412
331
4412
  5
4413
331
4413
  5
4414
331
4414
  5
4415
331
4415
  5
4416
331
4416
  5
4417
331
4417
  5
4418
331
4418
  5
4419
331
4419
  5
441A
331
441A
  5
441B
331
441B
  5
441C
331
441C
  5
441D
331
441D
  5
441E
331
441E
  5
441F
331
441F
  5
4420
331
4420
  5
4421
331
4421
  5
4422
331
4422
  5
4423
331
4423
  5
4424
331
4424
  5
4425
331
4425
  5
4426
331
4426
  5
4427
331
4427
  5
4428
331
4428
  5
4429
331
4429
  5
442A
331
442A
  5
442B
331
442B
  5
442C
331
442C
  5
442D
331
442D
  5
442E
331
442E
  5
442F
331
442F
  5
4430
331
4430
  5
4431
331
4431
  5
4432
331
4432
  5
4433
331
4433
  5
4434
331
4434
  5
4435
331
4435
  5
4436
331
4436
  5
4437
331
4437
  5
4438
331
4438
  5
4439
331
4439
  5
443A
331
443A
  5
443B
331
443B
  5
443C
331
443C
  5
443D
331
443D
  5
443E
331
443E
  5
443F
331
443F
  5
4440
331
4440
  5
4441
331
4441
  5
4442
331
4442
  5
4443
331
4443
  5
4444
331
4444
  5
4445
331
4445
  5
444E
331
444E
  5
4457
331
4457
  5
4458
331
4458
  5
4459
331
4459
  5
445A
331
445A
  5
445B
331
445B
  5
445C
331
445C
  5
445D
331
445D
  5
445E
331
445E
  5
445F
331
445F
  5
4460
331
4460
  5
4461
331
4461
  5
4462
331
4462
  5
4463
331
4463
  5
4464
331
4464
  5
4465
331
4465
  5
4466
331
4466
  5
4467
331
4467
  5
4468
331
4468
  5
4469
331
4469
  5
446A
331
446A
  5
446B
331
446B
  5
446C
331
446C
  5
446D
331
446D
  5
446E
331
446E
  5
446F
331
446F
  5
4470
331
4470
  5
4471
331
4471
  5
4472
331
4472
  5
4473
331
4473
  5
4478
331
447A
  5
448F
331
447B
  5
4490
331
4509
  5
447A
331
450B
  5
447C
331
450D
  5
4481
331
4513
  5
4485
331
4514
  5
4487
331
4515
  5
448A
331
4518
  5
448E
331
451A
  5
4484
331
451C
  5
447D
  0
ACDBDETAILVIEWSTYLE
  5
1AC
102
{ACAD_REACTORS
330
1AB
102
}
330
1AB
100
AcDbModelDocViewStyle
 70
0
  3
Imperial24
290
0
300
Imperial24
 90
0
100
AcDbDetailViewStyle
 70
0
 71
0
 90
3
 71
1
340
11
 62
256
 40
0.24
340
0
 62
256
 40
0.24
300

 40
0.36
280
3
 71
2
340
16
 90
25
 62
256
 71
3
340
11
 62
256
 40
0.24
 90
1
 40
0.75
 90
1
300
%<\AcVar ViewType \f "%tc1">% %<\AcVar ViewDetailId>%\PSCALE %<\AcVar ViewScale \f "%sn">%
 71
4
340
16
 90
25
 62
256
340
16
 90
25
 62
256
280
0
  0
ACDBDETAILVIEWSTYLE
  5
6AA
102
{ACAD_REACTORS
330
1AB
102
}
330
1AB
100
AcDbModelDocViewStyle
 70
0
  3
Metric50
290
0
300
Metric50
 90
0
100
AcDbDetailViewStyle
 70
0
 71
0
 90
3
 71
1
340
11
 62
256
 40
5.0
340
0
 62
256
 40
5.0
300

 40
0.0
280
1
 71
2
340
16
 90
25
 62
256
 71
3
340
11
 62
256
 40
5.0
 90
0
 40
15.0
 90
1
300
%<\AcVar ViewDetailId>% (%<\AcVar ViewScale \f "%sn">%)
 71
4
340
16
 90
25
 62
256
340
16
 90
25
 62
256
280
0
  0
LAYOUT
  5
59
102
{ACAD_REACTORS
330
1A
102
}
330
1A
100
AcDbPlotSettings
  1

  2
None
  4

  6

 40
0.0
 41
0.0
 42
0.0
 43
0.0
 44
0.0
 45
0.0
 46
0.0
 47
0.0
 48
0.0
 49
0.0
140
0.0
141
0.0
142
1.0
143
1.0
 70
688
 72
0
 73
0
 74
5
  7

 75
16
 76
0
 77
2
 78
300
147
1.0
148
0.0
149
0.0
100
AcDbLayout
  1
Layout1
 70
1
 71
1
 10
0.0
 20
0.0
 11
12.0
 21
9.0
 12
0.0
 22
0.0
 32
0.0
 14
0.0
 24
0.0
 34
0.0
 15
0.0
 25
0.0
 35
0.0
146
0.0
 13
0.0
 23
0.0
 33
0.0
 16
1.0
 26
0.0
 36
0.0
 17
0.0
 27
1.0
 37
0.0
 76
0
330
58
  0
LAYOUT
  5
5E
102
{ACAD_REACTORS
330
1A
102
}
330
1A
100
AcDbPlotSettings
  1

  2
None
  4

  6

 40
0.0
 41
0.0
 42
0.0
 43
0.0
 44
0.0
 45
0.0
 46
0.0
 47
0.0
 48
0.0
 49
0.0
140
0.0
141
0.0
142
1.0
143
1.0
 70
688
 72
0
 73
0
 74
5
  7

 75
16
 76
0
 77
2
 78
300
147
1.0
148
0.0
149
0.0
100
AcDbLayout
  1
Layout2
 70
1
 71
2
 10
0.0
 20
0.0
 11
12.0
 21
9.0
 12
0.0
 22
0.0
 32
0.0
 14
0.0
 24
0.0
 34
0.0
 15
0.0
 25
0.0
 35
0.0
146
0.0
 13
0.0
 23
0.0
 33
0.0
 16
1.0
 26
0.0
 36
0.0
 17
0.0
 27
1.0
 37
0.0
 76
0
330
5D
  0
LAYOUT
  5
22
102
{ACAD_XDICTIONARY
360
194
102
}
102
{ACAD_REACTORS
330
1A
102
}
330
1A
100
AcDbPlotSettings
  1

  2
none_device
  4
ANSI_A_(8.50_x_11.00_Inches)
  6

 40
6.349999904632568
 41
19.04999923706055
 42
6.350006103515625
 43
19.04998779296875
 44
215.8999938964844
 45
279.3999938964844
 46
0.0
 47
0.0
 48
0.0
 49
0.0
140
0.0
141
0.0
142
1.0
143
2.584895464708373
 70
11952
 72
0
 73
1
 74
0
  7

 75
0
 76
0
 77
2
 78
300
147
0.3868628397755418
148
0.0
149
0.0
100
AcDbLayout
  1
Model
 70
1
 71
0
 10
0.0
 20
0.0
 11
12.0
 21
9.0
 12
0.0
 22
0.0
 32
0.0
 14
0.0
 24
0.0
 34
0.0
 15
0.0
 25
0.0
 35
0.0
146
0.0
 13
0.0
 23
0.0
 33
0.0
 16
1.0
 26
0.0
 36
0.0
 17
0.0
 27
1.0
 37
0.0
 76
0
330
1F
331
94
  0
MATERIAL
  5
97
102
{ACAD_XDICTIONARY
360
188
102
}
102
{ACAD_REACTORS
330
72
102
}
330
72
100
AcDbMaterial
  1
ByBlock
  2

 70
0
 40
1.0
 71
0
 41
1.0
 91
-1023410177
 42
1.0
 72
1
  3

 73
1
 74
1
 75
1
 44
0.5
 73
0
 45
1.0
 46
1.0
 77
1
  4

 78
1
 79
1
170
1
 48
1.0
171
1
  6

172
1
173
1
174
1
140
1.0
141
1.0
175
1
  7

176
1
177
1
178
1
143
1.0
179
1
  8

270
1
271
1
272
1
145
1.0
146
1.0
273
1
  9

274
1
275
1
276
1
 42
1.0
 72
1
  3

 73
1
 74
1
 75
1
 94
63
  0
MATERIAL
  5
96
102
{ACAD_XDICTIONARY
360
186
102
}
102
{ACAD_REACTORS
330
72
102
}
330
72
100
AcDbMaterial
  1
ByLayer
  2

 70
0
 40
1.0
 71
0
 41
1.0
 91
-1023410177
 42
1.0
 72
1
  3

 73
1
 74
1
 75
1
 44
0.5
 73
0
 45
1.0
 46
1.0
 77
1
  4

 78
1
 79
1
170
1
 48
1.0
171
1
  6

172
1
173
1
174
1
140
1.0
141
1.0
175
1
  7

176
1
177
1
178
1
143
1.0
179
1
  8

270
1
271
1
272
1
145
1.0
146
1.0
273
1
  9

274
1
275
1
276
1
 42
1.0
 72
1
  3

 73
1
 74
1
 75
1
 94
63
  0
MATERIAL
  5
98
102
{ACAD_XDICTIONARY
360
110
102
}
102
{ACAD_REACTORS
330
72
102
}
330
72
100
AcDbMaterial
  1
Global
  2

 70
0
 40
1.0
 71
0
 41
1.0
 91
-1023410177
 42
1.0
 72
1
  3

 73
1
 74
1
 75
1
 43
0.0208000000566244
 43
0.0
 43
0.0
 43
0.0
 43
0.0
 43
0.0208000000566244
 43
0.0
 43
0.0
 43
0.0
 43
0.0
 43
1.0
 43
0.0
 43
0.0
 43
0.0
 43
0.0
 43
1.0
 44
0.5
 73
0
 45
1.0
 46
1.0
 77
1
  4

 78
1
 79
1
170
1
 48
1.0
171
1
  6

172
1
173
1
174
1
 49
0.0208000000566244
 49
0.0
 49
0.0
 49
0.0
 49
0.0
 49
0.0208000000566244
 49
0.0
 49
0.0
 49
0.0
 49
0.0
 49
1.0
 49
0.0
 49
0.0
 49
0.0
 49
0.0
 49
1.0
140
1.0
141
1.0
175
1
  7

176
1
177
1
178
1
142
0.0208000000566244
142
0.0
142
0.0
142
0.0
142
0.0
142
0.0208000000566244
142
0.0
142
0.0
142
0.0
142
0.0
142
1.0
142
0.0
142
0.0
142
0.0
142
0.0
142
1.0
143
1.0
179
1
  8

270
1
271
1
272
1
144
0.0208000000566244
144
0.0
144
0.0
144
0.0
144
0.0
144
0.0208000000566244
144
0.0
144
0.0
144
0.0
144
0.0
144
1.0
144
0.0
144
0.0
144
0.0
144
0.0
144
1.0
145
1.0
146
1.0
273
1
  9

274
1
275
1
276
1
 42
1.0
 72
1
  3

 73
1
 74
1
 75
1
 94
63
1001
ACAD
1070
-1
1070
3
1070
0
1000

1071
0
1070
0
  0
MLEADERSTYLE
  5
E5
102
{ACAD_REACTORS
330
D7
102
}
330
D7
100
AcDbMLeaderStyle
179
2
170
2
171
1
172
0
 90
2
 40
0.0
 41
0.0
173
1
 91
-1056964608
340
14
 92
-2
290
1
 42
0.09
291
1
 43
0.36
  3
Standard
 44
0.18
300

342
11
174
1
175
1
176
0
178
1
 93
-1056964608
 45
0.18
292
0
297
0
 46
0.18
293
1
 94
-1056964608
 47
1.0
 49
1.0
140
1.0
294
1
141
0.0
177
0
142
1.0
295
0
296
1
143
0.125
271
0
272
9
273
9
298
0
  0
MLEADERSTYLE
  5
D8
102
{ACAD_REACTORS
330
D7
102
}
330
D7
100
AcDbMLeaderStyle
179
2
170
2
171
1
172
0
 90
2
 40
0.0
 41
0.0
173
1
 91
-1056964608
340
14
 92
-2
290
1
 42
0.09
291
1
 43
0.36
  3
Standard
 44
0.18
300

342
11
174
1
175
1
176
0
178
1
 93
-1056964608
 45
0.18
292
0
297
0
 46
0.18
293
1
 94
-1056964608
 47
1.0
 49
1.0
140
1.0
294
1
141
0.0
177
0
142
1.0
295
0
296
0
143
0.125
271
0
272
9
273
9
298
0
  0
MLINESTYLE
  5
6A8
102
{ACAD_REACTORS
330
17
102
}
330
17
100
AcDbMlineStyle
  2
HGJG
 70
0
  3

 62
256
 51
90.0
 52
90.0
 71
2
 49
0.1
 62
256
  6
BYLAYER
 49
-0.1
 62
256
  6
BYLAYER
  0
MLINESTYLE
  5
18
102
{ACAD_REACTORS
330
17
102
}
330
17
100
AcDbMlineStyle
  2
STANDARD
 70
0
  3

 62
256
 51
90.0
 52
90.0
 71
2
 49
0.5
 62
256
  6
BYLAYER
 49
-0.5
 62
256
  6
BYLAYER
  0
ACDBPLACEHOLDER
  5
F
102
{ACAD_REACTORS
330
E
102
}
330
E
  0
SCALE
  5
B7
102
{ACAD_REACTORS
330
B6
102
}
330
B6
100
AcDbScale
 70
0
300
1:1
140
1.0
141
1.0
290
1
  0
SCALE
  5
124
102
{ACAD_REACTORS
330
B6
102
}
330
B6
100
AcDbScale
 70
0
300
1:2
140
1.0
141
2.0
290
0
  0
SCALE
  5
125
102
{ACAD_REACTORS
330
B6
102
}
330
B6
100
AcDbScale
 70
0
300
1:4
140
1.0
141
4.0
290
0
  0
SCALE
  5
126
102
{ACAD_REACTORS
330
B6
102
}
330
B6
100
AcDbScale
 70
0
300
1:5
140
1.0
141
5.0
290
0
  0
SCALE
  5
127
102
{ACAD_REACTORS
330
B6
102
}
330
B6
100
AcDbScale
 70
0
300
1:8
140
1.0
141
8.0
290
0
  0
SCALE
  5
128
102
{ACAD_REACTORS
330
B6
102
}
330
B6
100
AcDbScale
 70
0
300
1:10
140
1.0
141
10.0
290
0
  0
SCALE
  5
129
102
{ACAD_REACTORS
330
B6
102
}
330
B6
100
AcDbScale
 70
0
300
1:16
140
1.0
141
16.0
290
0
  0
SCALE
  5
12A
102
{ACAD_REACTORS
330
B6
102
}
330
B6
100
AcDbScale
 70
0
300
1:20
140
1.0
141
20.0
290
0
  0
SCALE
  5
12B
102
{ACAD_REACTORS
330
B6
102
}
330
B6
100
AcDbScale
 70
0
300
1:30
140
1.0
141
30.0
290
0
  0
SCALE
  5
12C
102
{ACAD_REACTORS
330
B6
102
}
330
B6
100
AcDbScale
 70
0
300
1:40
140
1.0
141
40.0
290
0
  0
SCALE
  5
12D
102
{ACAD_REACTORS
330
B6
102
}
330
B6
100
AcDbScale
 70
0
300
1:50
140
1.0
141
50.0
290
0
  0
SCALE
  5
12E
102
{ACAD_REACTORS
330
B6
102
}
330
B6
100
AcDbScale
 70
0
300
1:100
140
1.0
141
100.0
290
0
  0
SCALE
  5
12F
102
{ACAD_REACTORS
330
B6
102
}
330
B6
100
AcDbScale
 70
0
300
2:1
140
2.0
141
1.0
290
0
  0
SCALE
  5
130
102
{ACAD_REACTORS
330
B6
102
}
330
B6
100
AcDbScale
 70
0
300
4:1
140
4.0
141
1.0
290
0
  0
SCALE
  5
131
102
{ACAD_REACTORS
330
B6
102
}
330
B6
100
AcDbScale
 70
0
300
8:1
140
8.0
141
1.0
290
0
  0
SCALE
  5
132
102
{ACAD_REACTORS
330
B6
102
}
330
B6
100
AcDbScale
 70
0
300
10:1
140
10.0
141
1.0
290
0
  0
SCALE
  5
133
102
{ACAD_REACTORS
330
B6
102
}
330
B6
100
AcDbScale
 70
0
300
100:1
140
100.0
141
1.0
290
0
  0
SCALE
  5
134
102
{ACAD_REACTORS
330
B6
102
}
330
B6
100
AcDbScale
 70
0
300
1/128" = 1'-0"
140
0.0078125
141
12.0
290
0
  0
SCALE
  5
135
102
{ACAD_REACTORS
330
B6
102
}
330
B6
100
AcDbScale
 70
0
300
1/64" = 1'-0"
140
0.015625
141
12.0
290
0
  0
SCALE
  5
136
102
{ACAD_REACTORS
330
B6
102
}
330
B6
100
AcDbScale
 70
0
300
1/32" = 1'-0"
140
0.03125
141
12.0
290
0
  0
SCALE
  5
137
102
{ACAD_REACTORS
330
B6
102
}
330
B6
100
AcDbScale
 70
0
300
1/16" = 1'-0"
140
0.0625
141
12.0
290
0
  0
SCALE
  5
138
102
{ACAD_REACTORS
330
B6
102
}
330
B6
100
AcDbScale
 70
0
300
3/32" = 1'-0"
140
0.09375
141
12.0
290
0
  0
SCALE
  5
139
102
{ACAD_REACTORS
330
B6
102
}
330
B6
100
AcDbScale
 70
0
300
1/8" = 1'-0"
140
0.125
141
12.0
290
0
  0
SCALE
  5
13A
102
{ACAD_REACTORS
330
B6
102
}
330
B6
100
AcDbScale
 70
0
300
3/16" = 1'-0"
140
0.1875
141
12.0
290
0
  0
SCALE
  5
13B
102
{ACAD_REACTORS
330
B6
102
}
330
B6
100
AcDbScale
 70
0
300
1/4" = 1'-0"
140
0.25
141
12.0
290
0
  0
SCALE
  5
13C
102
{ACAD_REACTORS
330
B6
102
}
330
B6
100
AcDbScale
 70
0
300
3/8" = 1'-0"
140
0.375
141
12.0
290
0
  0
SCALE
  5
13D
102
{ACAD_REACTORS
330
B6
102
}
330
B6
100
AcDbScale
 70
0
300
1/2" = 1'-0"
140
0.5
141
12.0
290
0
  0
SCALE
  5
13E
102
{ACAD_REACTORS
330
B6
102
}
330
B6
100
AcDbScale
 70
0
300
3/4" = 1'-0"
140
0.75
141
12.0
290
0
  0
SCALE
  5
13F
102
{ACAD_REACTORS
330
B6
102
}
330
B6
100
AcDbScale
 70
0
300
1" = 1'-0"
140
1.0
141
12.0
290
0
  0
SCALE
  5
140
102
{ACAD_REACTORS
330
B6
102
}
330
B6
100
AcDbScale
 70
0
300
1-1/2" = 1'-0"
140
1.5
141
12.0
290
0
  0
SCALE
  5
141
102
{ACAD_REACTORS
330
B6
102
}
330
B6
100
AcDbScale
 70
0
300
3" = 1'-0"
140
3.0
141
12.0
290
0
  0
SCALE
  5
142
102
{ACAD_REACTORS
330
B6
102
}
330
B6
100
AcDbScale
 70
0
300
6" = 1'-0"
140
6.0
141
12.0
290
0
  0
SCALE
  5
143
102
{ACAD_REACTORS
330
B6
102
}
330
B6
100
AcDbScale
 70
0
300
1'-0" = 1'-0"
140
12.0
141
12.0
290
0
  0
ACDBSECTIONVIEWSTYLE
  5
1AA
102
{ACAD_REACTORS
330
1A8
102
}
330
1A8
100
AcDbModelDocViewStyle
 70
0
  3
Imperial24
290
0
300
Imperial24
 90
0
100
AcDbSectionViewStyle
 70
0
 71
0
 90
78
 71
1
340
11
 62
256
 40
0.24
340
0
340
0
 62
256
 40
0.24
300
I, O, Q, S, X, Z
 40
0.48
 90
3
 40
0.18
 90
1
 71
2
340
16
 90
25
 62
256
340
16
 90
50
 62
256
 40
0.24
 40
0.0
 40
0.24
 71
3
340
11
 62
256
 40
0.24
 90
1
 40
0.75
 90
1
300
%<\AcVar ViewType \f "%tc1">% %<\AcVar ViewSectionStartId>%-%<\AcVar ViewSectionEndId>%\PSCALE %<\AcVar ViewScale \f "%sn">%
 71
4
 62
256
 62
257
300
ANSI31
 40
1.0
 90
0
290
0
290
0
 90
6
 40
0.0
 40
1.570796326794896
 40
0.2617993877991494
 40
1.308996938995747
 40
-0.2617993877991494
 40
1.832595714594046
  0
ACDBSECTIONVIEWSTYLE
  5
6A9
102
{ACAD_REACTORS
330
1A8
102
}
330
1A8
100
AcDbModelDocViewStyle
 70
0
  3
Metric50
290
0
300
Metric50
 90
0
100
AcDbSectionViewStyle
 70
0
 71
0
 90
102
 71
1
340
11
 62
256
 40
5.0
340
0
340
0
 62
256
 40
5.0
300
I, O, Q, S, X, Z
 40
10.0
 90
0
 40
2.5
 90
0
 71
2
340
16
 90
25
 62
256
340
16
 90
50
 62
256
 40
5.0
 40
2.5
 40
5.0
 71
3
340
11
 62
256
 40
5.0
 90
0
 40
15.0
 90
1
300
%<\AcVar ViewSectionStartId>%-%<\AcVar ViewSectionEndId>% (%<\AcVar ViewScale \f "%sn">%)
 71
4
 62
256
 62
257
300
ANSI31
 40
1.0
 90
0
290
0
290
0
 90
6
 40
0.0
 40
1.570796326794896
 40
0.2617993877991494
 40
1.308996938995747
 40
-0.2617993877991494
 40
1.832595714594046
  0
TABLESTYLE
  5
87
102
{ACAD_XDICTIONARY
360
104
102
}
102
{ACAD_REACTORS
330
86
102
}
330
86
100
AcDbTableStyle
280
0
  3
Standard
 70
0
 71
0
 40
0.06
 41
0.06
280
0
281
0
  7
Standard
140
0.18
170
2
 62
0
 63
7
283
0
 90
512
 91
0
  1

274
-2
284
1
 64
0
275
-2
285
1
 65
0
276
-2
286
1
 66
0
277
-2
287
1
 67
0
278
-2
288
1
 68
0
279
-2
289
1
 69
0
  7
Standard
140
0.25
170
5
 62
0
 63
7
283
0
 90
512
 91
0
  1

274
-2
284
1
 64
0
275
-2
285
1
 65
0
276
-2
286
1
 66
0
277
-2
287
1
 67
0
278
-2
288
1
 68
0
279
-2
289
1
 69
0
  7
Standard
140
0.18
170
5
 62
0
 63
7
283
0
 90
512
 91
0
  1

274
-2
284
1
 64
0
275
-2
285
1
 65
0
276
-2
286
1
 66
0
277
-2
287
1
 67
0
278
-2
288
1
 68
0
279
-2
289
1
 69
0
  0
VISUALSTYLE
  5
9F
102
{ACAD_REACTORS
330
99
102
}
330
99
100
AcDbVisualStyle
  2
2dWireframe
 70
4
177
3
291
0
 70
58
 90
0
176
1
 90
2
176
1
 90
1
176
1
 90
0
176
1
 40
0.6
176
1
 40
30.0
176
1
 62
7
420
16777215
176
1
 90
1
176
1
 90
4
176
1
 62
7
176
1
 62
257
176
1
 90
1
176
1
 90
1
176
1
 40
1.0
176
1
 90
0
176
1
 62
257
176
1
 40
1.0
176
1
 90
1
176
1
 90
6
176
1
 90
2
176
1
 62
7
176
1
 90
5
176
1
 90
0
176
1
 90
0
176
1
290
0
176
1
 90
1
176
1
 40
0.0
176
1
 90
0
176
1
290
1
176
1
290
1
176
1
290
0
176
1
290
0
176
1
290
0
176
1
290
0
176
1
290
0
176
1
290
0
176
1
290
0
176
1
 90
50
176
1
 40
0.0
176
1
 40
1.0
176
1
 90
0
176
1
 62
18
420
0
176
1
 90
50
176
1
 90
3
176
1
 62
5
420
255
176
1
290
0
176
1
 90
50
176
1
 90
50
176
1
 90
50
176
1
290
0
176
1
 90
50
176
1
 62
256
176
0
 40
1.0
176
0
 90
2
176
1
  1
strokes_ogs.tif
176
1
290
0
176
1
 40
1.0
176
1
 40
1.0
176
1
  0
VISUALSTYLE
  5
9E
102
{ACAD_REACTORS
330
99
102
}
330
99
100
AcDbVisualStyle
  2
Basic
 70
7
177
3
291
1
 70
58
 90
1
176
1
 90
0
176
1
 90
1
176
1
 90
0
176
1
 40
0.6
176
1
 40
30.0
176
1
 62
7
420
16777215
176
1
 90
0
176
1
 90
4
176
1
 62
7
176
1
 62
257
176
1
 90
1
176
1
 90
1
176
1
 40
1.0
176
1
 90
8
176
1
 62
7
176
1
 40
1.0
176
1
 90
1
176
1
 90
6
176
1
 90
2
176
1
 62
7
176
1
 90
5
176
1
 90
0
176
1
 90
0
176
1
290
0
176
1
 90
1
176
1
 40
0.0
176
1
 90
0
176
1
290
0
176
1
290
1
176
1
290
1
176
1
290
0
176
1
290
0
176
1
290
0
176
1
290
0
176
1
290
0
176
1
290
0
176
1
 90
50
176
1
 40
0.0
176
1
 40
1.0
176
1
 90
0
176
1
 62
18
420
0
176
1
 90
50
176
1
 90
3
176
1
 62
5
420
255
176
1
290
0
176
1
 90
50
176
1
 90
50
176
1
 90
50
176
1
290
0
176
1
 90
50
176
1
 62
256
176
0
 40
1.0
176
0
 90
2
176
1
  1
strokes_ogs.tif
176
1
290
0
176
1
 40
1.0
176
1
 40
1.0
176
1
  0
VISUALSTYLE
  5
A5
102
{ACAD_REACTORS
330
99
102
}
330
99
100
AcDbVisualStyle
  2
Brighten
 70
12
177
3
291
1
 70
58
 90
2
176
1
 90
2
176
1
 90
1
176
1
 90
0
176
1
 40
0.6
176
1
 40
30.0
176
1
 62
7
420
16777215
176
1
 90
1
176
1
 90
4
176
1
 62
7
176
1
 62
257
176
1
 90
1
176
1
 90
1
176
1
 40
1.0
176
1
 90
8
176
1
 62
7
176
1
 40
1.0
176
1
 90
1
176
1
 90
6
176
1
 90
2
176
1
 62
7
176
1
 90
5
176
1
 90
0
176
1
 90
0
176
1
290
0
176
1
 90
1
176
1
 40
50.0
176
1
 90
0
176
1
290
0
176
1
290
1
176
1
290
1
176
1
290
0
176
1
290
0
176
1
290
0
176
1
290
0
176
1
290
0
176
1
290
0
176
1
 90
50
176
1
 40
0.0
176
1
 40
1.0
176
1
 90
0
176
1
 62
18
420
0
176
1
 90
50
176
1
 90
3
176
1
 62
5
420
255
176
1
290
0
176
1
 90
50
176
1
 90
50
176
1
 90
50
176
1
290
0
176
1
 90
50
176
1
 62
256
176
0
 40
1.0
176
0
 90
2
176
1
  1
strokes_ogs.tif
176
1
290
0
176
1
 40
1.0
176
1
 40
1.0
176
1
  0
VISUALSTYLE
  5
A9
102
{ACAD_REACTORS
330
99
102
}
330
99
100
AcDbVisualStyle
  2
ColorChange
 70
16
177
3
291
1
 70
58
 90
2
176
1
 90
2
176
1
 90
3
176
1
 90
0
176
1
 40
0.6
176
1
 40
30.0
176
1
 62
8
420
8421504
176
1
 90
1
176
1
 90
4
176
1
 62
7
176
1
 62
257
176
1
 90
1
176
1
 90
1
176
1
 40
1.0
176
1
 90
8
176
1
 62
8
420
8421504
176
1
 40
1.0
176
1
 90
1
176
1
 90
6
176
1
 90
2
176
1
 62
7
176
1
 90
5
176
1
 90
0
176
1
 90
0
176
1
290
0
176
1
 90
1
176
1
 40
0.0
176
1
 90
0
176
1
290
0
176
1
290
1
176
1
290
1
176
1
290
0
176
1
290
0
176
1
290
0
176
1
290
0
176
1
290
0
176
1
290
0
176
1
 90
50
176
1
 40
0.0
176
1
 40
1.0
176
1
 90
0
176
1
 62
18
420
0
176
1
 90
50
176
1
 90
3
176
1
 62
5
420
255
176
1
290
0
176
1
 90
50
176
1
 90
50
176
1
 90
50
176
1
290
0
176
1
 90
50
176
1
 62
256
176
0
 40
1.0
176
0
 90
2
176
1
  1
strokes_ogs.tif
176
1
290
0
176
1
 40
1.0
176
1
 40
1.0
176
1
  0
VISUALSTYLE
  5
A2
102
{ACAD_REACTORS
330
99
102
}
330
99
100
AcDbVisualStyle
  2
Conceptual
 70
9
177
3
291
0
 70
58
 90
3
176
1
 90
2
176
1
 90
1
176
1
 90
0
176
1
 40
0.6
176
1
 40
30.0
176
1
 62
7
420
16777215
176
1
 90
2
176
1
 90
2
176
1
 62
7
176
1
 62
257
176
1
 90
1
176
1
 90
1
176
1
 40
40.0
176
1
 90
8
176
1
 62
7
176
1
 40
1.0
176
1
 90
1
176
1
 90
6
176
1
 90
2
176
1
 62
7
176
1
 90
3
176
1
 90
0
176
1
 90
0
176
1
290
0
176
1
 90
1
176
1
 40
0.0
176
1
 90
0
176
1
290
0
176
1
290
1
176
1
290
1
176
1
290
0
176
1
290
0
176
1
290
0
176
1
290
0
176
1
290
0
176
1
290
0
176
1
 90
50
176
1
 40
0.0
176
1
 40
1.0
176
1
 90
0
176
1
 62
18
420
0
176
1
 90
50
176
1
 90
3
176
1
 62
5
420
255
176
1
290
0
176
1
 90
50
176
1
 90
50
176
1
 90
50
176
1
290
0
176
1
 90
50
176
1
 62
256
176
0
 40
1.0
176
0
 90
2
176
1
  1
strokes_ogs.tif
176
1
290
0
176
1
 40
1.0
176
1
 40
1.0
176
1
  0
VISUALSTYLE
  5
A4
102
{ACAD_REACTORS
330
99
102
}
330
99
100
AcDbVisualStyle
  2
Dim
 70
11
177
3
291
1
 70
58
 90
2
176
1
 90
2
176
1
 90
1
176
1
 90
0
176
1
 40
0.6
176
1
 40
30.0
176
1
 62
7
420
16777215
176
1
 90
1
176
1
 90
4
176
1
 62
7
176
1
 62
257
176
1
 90
1
176
1
 90
1
176
1
 40
1.0
176
1
 90
8
176
1
 62
7
176
1
 40
1.0
176
1
 90
1
176
1
 90
6
176
1
 90
2
176
1
 62
7
176
1
 90
5
176
1
 90
0
176
1
 90
0
176
1
290
0
176
1
 90
1
176
1
 40
-50.0
176
1
 90
0
176
1
290
0
176
1
290
1
176
1
290
1
176
1
290
0
176
1
290
0
176
1
290
0
176
1
290
0
176
1
290
0
176
1
290
0
176
1
 90
50
176
1
 40
0.0
176
1
 40
1.0
176
1
 90
0
176
1
 62
18
420
0
176
1
 90
50
176
1
 90
3
176
1
 62
5
420
255
176
1
290
0
176
1
 90
50
176
1
 90
50
176
1
 90
50
176
1
290
0
176
1
 90
50
176
1
 62
256
176
0
 40
1.0
176
0
 90
2
176
1
  1
strokes_ogs.tif
176
1
290
0
176
1
 40
1.0
176
1
 40
1.0
176
1
  0
VISUALSTYLE
  5
175
102
{ACAD_REACTORS
330
99
102
}
330
99
100
AcDbVisualStyle
  2
EdgeColorOff
 70
22
177
3
291
1
 70
58
 90
2
176
0
 90
2
176
0
 90
0
176
0
 90
0
176
0
 40
0.6
176
0
 40
30.0
176
0
 62
7
420
16777215
176
0
 90
1
176
0
 90
4
176
0
 62
7
176
0
 62
257
176
0
 90
1
176
0
 90
1
176
0
 40
1.0
176
0
 90
8
176
2
 62
7
176
0
 40
1.0
176
0
 90
1
176
0
 90
6
176
0
 90
2
176
0
 62
7
176
0
 90
5
176
0
 90
0
176
0
 90
0
176
0
290
0
176
0
 90
1
176
0
 40
0.0
176
0
 90
0
176
0
290
0
176
1
290
1
176
1
290
1
176
1
290
0
176
1
290
0
176
1
290
0
176
1
290
0
176
1
290
0
176
1
290
0
176
1
 90
50
176
1
 40
0.0
176
1
 40
1.0
176
1
 90
0
176
1
 62
18
420
0
176
1
 90
50
176
1
 90
3
176
1
 62
5
420
255
176
1
290
0
176
1
 90
50
176
1
 90
50
176
1
 90
50
176
1
290
0
176
1
 90
50
176
1
 62
256
176
0
 40
1.0
176
0
 90
2
176
1
  1
strokes_ogs.tif
176
1
290
0
176
1
 40
1.0
176
1
 40
1.0
176
1
  0
VISUALSTYLE
  5
A8
102
{ACAD_REACTORS
330
99
102
}
330
99
100
AcDbVisualStyle
  2
Facepattern
 70
15
177
3
291
1
 70
58
 90
2
176
1
 90
2
176
1
 90
1
176
1
 90
0
176
1
 40
0.6
176
1
 40
30.0
176
1
 62
7
420
16777215
176
1
 90
1
176
1
 90
4
176
1
 62
7
176
1
 62
257
176
1
 90
1
176
1
 90
1
176
1
 40
1.0
176
1
 90
8
176
1
 62
7
176
1
 40
1.0
176
1
 90
1
176
1
 90
6
176
1
 90
2
176
1
 62
7
176
1
 90
5
176
1
 90
0
176
1
 90
0
176
1
290
0
176
1
 90
1
176
1
 40
0.0
176
1
 90
0
176
1
290
0
176
1
290
1
176
1
290
1
176
1
290
0
176
1
290
0
176
1
290
0
176
1
290
0
176
1
290
0
176
1
290
0
176
1
 90
50
176
1
 40
0.0
176
1
 40
1.0
176
1
 90
0
176
1
 62
18
420
0
176
1
 90
50
176
1
 90
3
176
1
 62
5
420
255
176
1
290
0
176
1
 90
50
176
1
 90
50
176
1
 90
50
176
1
290
0
176
1
 90
50
176
1
 62
256
176
0
 40
1.0
176
0
 90
2
176
1
  1
strokes_ogs.tif
176
1
290
0
176
1
 40
1.0
176
1
 40
1.0
176
1
  0
VISUALSTYLE
  5
9A
102
{ACAD_REACTORS
330
99
102
}
330
99
100
AcDbVisualStyle
  2
Flat
 70
0
177
3
291
1
 70
58
 90
2
176
1
 90
1
176
1
 90
1
176
1
 90
2
176
1
 40
0.6
176
1
 40
30.0
176
1
 62
7
420
16777215
176
1
 90
0
176
1
 90
0
176
1
 62
7
176
1
 62
257
176
1
 90
1
176
1
 90
1
176
1
 40
1.0
176
1
 90
8
176
1
 62
7
176
1
 40
1.0
176
1
 90
1
176
1
 90
6
176
1
 90
2
176
1
 62
7
176
1
 90
5
176
1
 90
0
176
1
 90
0
176
1
290
0
176
1
 90
13
176
1
 40
0.0
176
1
 90
0
176
1
290
0
176
1
290
1
176
1
290
1
176
1
290
0
176
1
290
0
176
1
290
0
176
1
290
0
176
1
290
0
176
1
290
0
176
1
 90
50
176
1
 40
0.0
176
1
 40
1.0
176
1
 90
0
176
1
 62
18
420
0
176
1
 90
50
176
1
 90
3
176
1
 62
5
420
255
176
1
290
0
176
1
 90
50
176
1
 90
50
176
1
 90
50
176
1
290
0
176
1
 90
50
176
1
 62
256
176
0
 40
1.0
176
0
 90
2
176
1
  1
strokes_ogs.tif
176
1
290
0
176
1
 40
1.0
176
1
 40
1.0
176
1
  0
VISUALSTYLE
  5
9B
102
{ACAD_REACTORS
330
99
102
}
330
99
100
AcDbVisualStyle
  2
FlatWithEdges
 70
1
177
3
291
1
 70
58
 90
2
176
1
 90
1
176
1
 90
1
176
1
 90
2
176
1
 40
0.6
176
1
 40
30.0
176
1
 62
7
420
16777215
176
1
 90
1
176
1
 90
0
176
1
 62
7
176
1
 62
257
176
1
 90
1
176
1
 90
1
176
1
 40
1.0
176
1
 90
0
176
1
 62
257
176
1
 40
1.0
176
1
 90
1
176
1
 90
6
176
1
 90
2
176
1
 62
7
176
1
 90
5
176
1
 90
0
176
1
 90
0
176
1
290
0
176
1
 90
13
176
1
 40
0.0
176
1
 90
0
176
1
290
0
176
1
290
1
176
1
290
1
176
1
290
0
176
1
290
0
176
1
290
0
176
1
290
0
176
1
290
0
176
1
290
0
176
1
 90
50
176
1
 40
0.0
176
1
 40
1.0
176
1
 90
0
176
1
 62
18
420
0
176
1
 90
50
176
1
 90
3
176
1
 62
5
420
255
176
1
290
0
176
1
 90
50
176
1
 90
50
176
1
 90
50
176
1
290
0
176
1
 90
50
176
1
 62
256
176
0
 40
1.0
176
0
 90
2
176
1
  1
strokes_ogs.tif
176
1
290
0
176
1
 40
1.0
176
1
 40
1.0
176
1
  0
VISUALSTYLE
  5
9C
102
{ACAD_REACTORS
330
99
102
}
330
99
100
AcDbVisualStyle
  2
Gouraud
 70
2
177
3
291
1
 70
58
 90
2
176
1
 90
2
176
1
 90
1
176
1
 90
2
176
1
 40
0.6
176
1
 40
30.0
176
1
 62
7
420
16777215
176
1
 90
0
176
1
 90
0
176
1
 62
7
176
1
 62
257
176
1
 90
1
176
1
 90
1
176
1
 40
1.0
176
1
 90
0
176
1
 62
7
176
1
 40
1.0
176
1
 90
1
176
1
 90
6
176
1
 90
2
176
1
 62
7
176
1
 90
5
176
1
 90
0
176
1
 90
0
176
1
290
0
176
1
 90
13
176
1
 40
0.0
176
1
 90
0
176
1
290
0
176
1
290
1
176
1
290
1
176
1
290
0
176
1
290
0
176
1
290
0
176
1
290
0
176
1
290
0
176
1
290
0
176
1
 90
50
176
1
 40
0.0
176
1
 40
1.0
176
1
 90
0
176
1
 62
18
420
0
176
1
 90
50
176
1
 90
3
176
1
 62
5
420
255
176
1
290
0
176
1
 90
50
176
1
 90
50
176
1
 90
50
176
1
290
0
176
1
 90
50
176
1
 62
256
176
0
 40
1.0
176
0
 90
2
176
1
  1
strokes_ogs.tif
176
1
290
0
176
1
 40
1.0
176
1
 40
1.0
176
1
  0
VISUALSTYLE
  5
9D
102
{ACAD_REACTORS
330
99
102
}
330
99
100
AcDbVisualStyle
  2
GouraudWithEdges
 70
3
177
3
291
1
 70
58
 90
2
176
1
 90
2
176
1
 90
1
176
1
 90
2
176
1
 40
0.6
176
1
 40
30.0
176
1
 62
7
420
16777215
176
1
 90
1
176
1
 90
0
176
1
 62
7
176
1
 62
257
176
1
 90
1
176
1
 90
1
176
1
 40
1.0
176
1
 90
0
176
1
 62
257
176
1
 40
1.0
176
1
 90
1
176
1
 90
6
176
1
 90
2
176
1
 62
7
176
1
 90
5
176
1
 90
0
176
1
 90
0
176
1
290
0
176
1
 90
13
176
1
 40
0.0
176
1
 90
0
176
1
290
0
176
1
290
1
176
1
290
1
176
1
290
0
176
1
290
0
176
1
290
0
176
1
290
0
176
1
290
0
176
1
290
0
176
1
 90
50
176
1
 40
0.0
176
1
 40
1.0
176
1
 90
0
176
1
 62
18
420
0
176
1
 90
50
176
1
 90
3
176
1
 62
5
420
255
176
1
290
0
176
1
 90
50
176
1
 90
50
176
1
 90
50
176
1
290
0
176
1
 90
50
176
1
 62
256
176
0
 40
1.0
176
0
 90
2
176
1
  1
strokes_ogs.tif
176
1
290
0
176
1
 40
1.0
176
1
 40
1.0
176
1
  0
VISUALSTYLE
  5
A1
102
{ACAD_REACTORS
330
99
102
}
330
99
100
AcDbVisualStyle
  2
Hidden
 70
6
177
3
291
0
 70
58
 90
1
176
1
 90
2
176
1
 90
2
176
1
 90
0
176
1
 40
0.6
176
1
 40
30.0
176
1
 62
7
420
16777215
176
1
 90
2
176
1
 90
2
176
1
 62
7
176
1
 62
257
176
1
 90
2
176
1
 90
1
176
1
 40
40.0
176
1
 90
0
176
1
 62
257
176
1
 40
1.0
176
1
 90
1
176
1
 90
6
176
1
 90
2
176
1
 62
7
176
1
 90
3
176
1
 90
0
176
1
 90
0
176
1
290
0
176
1
 90
1
176
1
 40
0.0
176
1
 90
0
176
1
290
0
176
1
290
1
176
1
290
1
176
1
290
0
176
1
290
0
176
1
290
0
176
1
290
0
176
1
290
0
176
1
290
0
176
1
 90
50
176
1
 40
0.0
176
1
 40
1.0
176
1
 90
0
176
1
 62
18
420
0
176
1
 90
50
176
1
 90
3
176
1
 62
5
420
255
176
1
290
0
176
1
 90
50
176
1
 90
50
176
1
 90
50
176
1
290
0
176
1
 90
50
176
1
 62
256
176
0
 40
1.0
176
0
 90
2
176
1
  1
strokes_ogs.tif
176
1
290
0
176
1
 40
1.0
176
1
 40
1.0
176
1
  0
VISUALSTYLE
  5
173
102
{ACAD_REACTORS
330
99
102
}
330
99
100
AcDbVisualStyle
  2
JitterOff
 70
20
177
3
291
1
 70
58
 90
2
176
0
 90
2
176
0
 90
0
176
0
 90
0
176
0
 40
0.6
176
0
 40
30.0
176
0
 62
7
420
16777215
176
0
 90
1
176
0
 90
4
176
0
 62
7
176
0
 62
257
176
0
 90
1
176
0
 90
1
176
0
 40
1.0
176
0
 90
10
176
2
 62
7
176
0
 40
1.0
176
0
 90
1
176
0
 90
6
176
0
 90
2
176
0
 62
7
176
0
 90
5
176
0
 90
0
176
0
 90
0
176
0
290
0
176
0
 90
1
176
0
 40
0.0
176
0
 90
0
176
0
290
0
176
1
290
1
176
1
290
1
176
1
290
0
176
1
290
0
176
1
290
0
176
1
290
0
176
1
290
0
176
1
290
0
176
1
 90
50
176
1
 40
0.0
176
1
 40
1.0
176
1
 90
0
176
1
 62
18
420
0
176
1
 90
50
176
1
 90
3
176
1
 62
5
420
255
176
1
290
0
176
1
 90
50
176
1
 90
50
176
1
 90
50
176
1
290
0
176
1
 90
50
176
1
 62
256
176
0
 40
1.0
176
0
 90
2
176
1
  1
strokes_ogs.tif
176
1
290
0
176
1
 40
1.0
176
1
 40
1.0
176
1
  0
VISUALSTYLE
  5
A7
102
{ACAD_REACTORS
330
99
102
}
330
99
100
AcDbVisualStyle
  2
Linepattern
 70
14
177
3
291
1
 70
58
 90
2
176
1
 90
2
176
1
 90
1
176
1
 90
0
176
1
 40
0.6
176
1
 40
30.0
176
1
 62
7
420
16777215
176
1
 90
1
176
1
 90
4
176
1
 62
7
176
1
 62
257
176
1
 90
7
176
1
 90
7
176
1
 40
1.0
176
1
 90
8
176
1
 62
7
176
1
 40
1.0
176
1
 90
1
176
1
 90
6
176
1
 90
2
176
1
 62
7
176
1
 90
5
176
1
 90
0
176
1
 90
0
176
1
290
0
176
1
 90
1
176
1
 40
0.0
176
1
 90
0
176
1
290
0
176
1
290
1
176
1
290
1
176
1
290
0
176
1
290
0
176
1
290
0
176
1
290
0
176
1
290
0
176
1
290
0
176
1
 90
50
176
1
 40
0.0
176
1
 40
1.0
176
1
 90
0
176
1
 62
18
420
0
176
1
 90
50
176
1
 90
3
176
1
 62
5
420
255
176
1
290
0
176
1
 90
50
176
1
 90
50
176
1
 90
50
176
1
290
0
176
1
 90
50
176
1
 62
256
176
0
 40
1.0
176
0
 90
2
176
1
  1
strokes_ogs.tif
176
1
290
0
176
1
 40
1.0
176
1
 40
1.0
176
1
  0
VISUALSTYLE
  5
174
102
{ACAD_REACTORS
330
99
102
}
330
99
100
AcDbVisualStyle
  2
OverhangOff
 70
21
177
3
291
1
 70
58
 90
2
176
0
 90
2
176
0
 90
0
176
0
 90
0
176
0
 40
0.6
176
0
 40
30.0
176
0
 62
7
420
16777215
176
0
 90
1
176
0
 90
4
176
0
 62
7
176
0
 62
257
176
0
 90
1
176
0
 90
1
176
0
 40
1.0
176
0
 90
9
176
2
 62
7
176
0
 40
1.0
176
0
 90
1
176
0
 90
6
176
0
 90
2
176
0
 62
7
176
0
 90
5
176
0
 90
0
176
0
 90
0
176
0
290
0
176
0
 90
1
176
0
 40
0.0
176
0
 90
0
176
0
290
0
176
1
290
1
176
1
290
1
176
1
290
0
176
1
290
0
176
1
290
0
176
1
290
0
176
1
290
0
176
1
290
0
176
1
 90
50
176
1
 40
0.0
176
1
 40
1.0
176
1
 90
0
176
1
 62
18
420
0
176
1
 90
50
176
1
 90
3
176
1
 62
5
420
255
176
1
290
0
176
1
 90
50
176
1
 90
50
176
1
 90
50
176
1
290
0
176
1
 90
50
176
1
 62
256
176
0
 40
1.0
176
0
 90
2
176
1
  1
strokes_ogs.tif
176
1
290
0
176
1
 40
1.0
176
1
 40
1.0
176
1
  0
VISUALSTYLE
  5
A3
102
{ACAD_REACTORS
330
99
102
}
330
99
100
AcDbVisualStyle
  2
Realistic
 70
8
177
3
291
0
 70
58
 90
2
176
1
 90
3
176
1
 90
0
176
1
 90
2
176
1
 40
0.6
176
1
 40
30.0
176
1
 62
7
420
16777215
176
1
 90
0
176
1
 90
0
176
1
 62
7
176
1
 62
257
176
1
 90
1
176
1
 90
1
176
1
 40
1.0
176
1
 90
8
176
1
 62
257
176
1
 40
1.0
176
1
 90
1
176
1
 90
6
176
1
 90
2
176
1
 62
7
176
1
 90
3
176
1
 90
0
176
1
 90
0
176
1
290
0
176
1
 90
13
176
1
 40
0.0
176
1
 90
0
176
1
290
0
176
1
290
1
176
1
290
1
176
1
290
0
176
1
290
0
176
1
290
0
176
1
290
0
176
1
290
0
176
1
290
0
176
1
 90
50
176
1
 40
0.0
176
1
 40
1.0
176
1
 90
0
176
1
 62
18
420
0
176
1
 90
50
176
1
 90
3
176
1
 62
5
420
255
176
1
290
0
176
1
 90
50
176
1
 90
50
176
1
 90
50
176
1
290
0
176
1
 90
50
176
1
 62
256
176
0
 40
1.0
176
0
 90
2
176
1
  1
strokes_ogs.tif
176
1
290
0
176
1
 40
1.0
176
1
 40
1.0
176
1
  0
VISUALSTYLE
  5
182
102
{ACAD_REACTORS
330
99
102
}
330
99
100
AcDbVisualStyle
  2
Shaded
 70
27
177
3
291
0
 70
58
 90
2
176
1
 90
2
176
1
 90
1
176
1
 90
2
176
1
 40
0.6
176
1
 40
30.0
176
1
 62
7
420
16777215
176
1
 90
0
176
1
 90
4
176
1
 62
7
176
1
 62
257
176
1
 90
1
176
1
 90
1
176
1
 40
1.0
176
1
 90
8
176
1
 62
257
176
1
 40
1.0
176
1
 90
1
176
1
 90
6
176
1
 90
2
176
1
 62
8
420
7895160
176
1
 90
3
176
1
 90
0
176
1
 90
0
176
1
290
0
176
1
 90
5
176
1
 40
0.0
176
1
 90
0
176
1
290
0
176
1
290
1
176
1
290
1
176
1
290
0
176
1
290
0
176
1
290
0
176
1
290
0
176
1
290
0
176
1
290
0
176
1
 90
50
176
1
 40
0.0
176
1
 40
1.0
176
1
 90
0
176
1
 62
18
420
0
176
1
 90
50
176
1
 90
3
176
1
 62
5
420
255
176
1
290
0
176
1
 90
50
176
1
 90
50
176
1
 90
50
176
1
290
0
176
1
 90
50
176
1
 62
256
176
0
 40
1.0
176
0
 90
2
176
1
  1
strokes_ogs.tif
176
1
290
0
176
1
 40
1.0
176
1
 40
1.0
176
1
  0
VISUALSTYLE
  5
181
102
{ACAD_REACTORS
330
99
102
}
330
99
100
AcDbVisualStyle
  2
Shaded with edges
 70
26
177
3
291
0
 70
58
 90
2
176
1
 90
2
176
1
 90
1
176
1
 90
2
176
1
 40
0.6
176
1
 40
30.0
176
1
 62
7
420
16777215
176
1
 90
1
176
1
 90
2
176
1
 62
7
176
1
 62
257
176
1
 90
2
176
1
 90
1
176
1
 40
1.0
176
1
 90
8
176
1
 62
257
176
1
 40
1.0
176
1
 90
1
176
1
 90
6
176
1
 90
2
176
1
 62
7
176
1
 90
3
176
1
 90
0
176
1
 90
0
176
1
290
0
176
1
 90
5
176
1
 40
0.0
176
1
 90
0
176
1
290
0
176
1
290
1
176
1
290
1
176
1
290
0
176
1
290
0
176
1
290
0
176
1
290
0
176
1
290
0
176
1
290
0
176
1
 90
50
176
1
 40
0.0
176
1
 40
1.0
176
1
 90
0
176
1
 62
18
420
0
176
1
 90
50
176
1
 90
3
176
1
 62
5
420
255
176
1
290
0
176
1
 90
50
176
1
 90
50
176
1
 90
50
176
1
290
0
176
1
 90
50
176
1
 62
256
176
0
 40
1.0
176
0
 90
2
176
1
  1
strokes_ogs.tif
176
1
290
0
176
1
 40
1.0
176
1
 40
1.0
176
1
  0
VISUALSTYLE
  5
17E
102
{ACAD_REACTORS
330
99
102
}
330
99
100
AcDbVisualStyle
  2
Shades of Gray
 70
23
177
3
291
0
 70
58
 90
2
176
1
 90
2
176
1
 90
3
176
1
 90
0
176
1
 40
0.6
176
1
 40
30.0
176
1
 62
7
420
16777215
176
1
 90
2
176
1
 90
2
176
1
 62
7
176
1
 62
7
176
1
 90
1
176
1
 90
1
176
1
 40
40.0
176
1
 90
8
176
1
 62
7
176
1
 40
1.0
176
1
 90
1
176
1
 90
6
176
1
 90
2
176
1
 62
7
176
1
 90
3
176
1
 90
0
176
1
 90
0
176
1
290
0
176
1
 90
1
176
1
 40
0.0
176
1
 90
0
176
1
290
0
176
1
290
1
176
1
290
1
176
1
290
0
176
1
290
0
176
1
290
0
176
1
290
0
176
1
290
0
176
1
290
0
176
1
 90
50
176
1
 40
0.0
176
1
 40
1.0
176
1
 90
0
176
1
 62
18
420
0
176
1
 90
50
176
1
 90
3
176
1
 62
5
420
255
176
1
290
0
176
1
 90
50
176
1
 90
50
176
1
 90
50
176
1
290
0
176
1
 90
50
176
1
 62
256
176
0
 40
1.0
176
0
 90
2
176
1
  1
strokes_ogs.tif
176
1
290
0
176
1
 40
1.0
176
1
 40
1.0
176
1
  0
VISUALSTYLE
  5
17F
102
{ACAD_REACTORS
330
99
102
}
330
99
100
AcDbVisualStyle
  2
Sketchy
 70
24
177
3
291
0
 70
58
 90
1
176
1
 90
2
176
1
 90
2
176
1
 90
0
176
1
 40
0.6
176
1
 40
30.0
176
1
 62
7
420
16777215
176
1
 90
2
176
1
 90
2
176
1
 62
7
176
1
 62
7
176
1
 90
1
176
1
 90
1
176
1
 40
40.0
176
1
 90
11
176
1
 62
7
176
1
 40
1.0
176
1
 90
1
176
1
 90
6
176
1
 90
2
176
1
 62
7
176
1
 90
6
176
1
 90
0
176
1
 90
0
176
1
290
0
176
1
 90
1
176
1
 40
0.0
176
1
 90
0
176
1
290
0
176
1
290
1
176
1
290
1
176
1
290
0
176
1
290
0
176
1
290
0
176
1
290
0
176
1
290
0
176
1
290
0
176
1
 90
50
176
1
 40
0.0
176
1
 40
1.0
176
1
 90
0
176
1
 62
18
420
0
176
1
 90
50
176
1
 90
3
176
1
 62
5
420
255
176
1
290
0
176
1
 90
50
176
1
 90
50
176
1
 90
50
176
1
290
0
176
1
 90
50
176
1
 62
256
176
0
 40
1.0
176
0
 90
2
176
1
  1
strokes_ogs.tif
176
1
290
0
176
1
 40
1.0
176
1
 40
1.0
176
1
  0
VISUALSTYLE
  5
A6
102
{ACAD_REACTORS
330
99
102
}
330
99
100
AcDbVisualStyle
  2
Thicken
 70
13
177
3
291
1
 70
58
 90
2
176
1
 90
2
176
1
 90
1
176
1
 90
0
176
1
 40
0.6
176
1
 40
30.0
176
1
 62
7
420
16777215
176
1
 90
1
176
1
 90
4
176
1
 62
7
176
1
 62
257
176
1
 90
1
176
1
 90
1
176
1
 40
1.0
176
1
 90
12
176
1
 62
7
176
1
 40
1.0
176
1
 90
1
176
1
 90
6
176
1
 90
2
176
1
 62
7
176
1
 90
5
176
1
 90
0
176
1
 90
0
176
1
290
0
176
1
 90
1
176
1
 40
0.0
176
1
 90
0
176
1
290
0
176
1
290
1
176
1
290
1
176
1
290
0
176
1
290
0
176
1
290
0
176
1
290
0
176
1
290
0
176
1
290
0
176
1
 90
50
176
1
 40
0.0
176
1
 40
1.0
176
1
 90
0
176
1
 62
18
420
0
176
1
 90
50
176
1
 90
3
176
1
 62
5
420
255
176
1
290
0
176
1
 90
50
176
1
 90
50
176
1
 90
50
176
1
290
0
176
1
 90
50
176
1
 62
256
176
0
 40
1.0
176
0
 90
2
176
1
  1
strokes_ogs.tif
176
1
290
0
176
1
 40
1.0
176
1
 40
1.0
176
1
  0
VISUALSTYLE
  5
A0
102
{ACAD_REACTORS
330
99
102
}
330
99
100
AcDbVisualStyle
  2
Wireframe
 70
5
177
3
291
0
 70
58
 90
0
176
1
 90
2
176
1
 90
0
176
1
 90
0
176
1
 40
0.6
176
1
 40
30.0
176
1
 62
7
420
16777215
176
1
 90
1
176
1
 90
4
176
1
 62
7
176
1
 62
257
176
1
 90
1
176
1
 90
1
176
1
 40
1.0
176
1
 90
0
176
1
 62
257
176
1
 40
1.0
176
1
 90
1
176
1
 90
6
176
1
 90
2
176
1
 62
7
176
1
 90
3
176
1
 90
0
176
1
 90
0
176
1
290
0
176
1
 90
1
176
1
 40
0.0
176
1
 90
0
176
1
290
0
176
1
290
1
176
1
290
1
176
1
290
0
176
1
290
0
176
1
290
0
176
1
290
0
176
1
290
0
176
1
290
0
176
1
 90
50
176
1
 40
0.0
176
1
 40
1.0
176
1
 90
0
176
1
 62
18
420
0
176
1
 90
50
176
1
 90
3
176
1
 62
5
420
255
176
1
290
0
176
1
 90
50
176
1
 90
50
176
1
 90
50
176
1
290
0
176
1
 90
50
176
1
 62
256
176
0
 40
1.0
176
0
 90
2
176
1
  1
strokes_ogs.tif
176
1
290
0
176
1
 40
1.0
176
1
 40
1.0
176
1
  0
VISUALSTYLE
  5
180
102
{ACAD_REACTORS
330
99
102
}
330
99
100
AcDbVisualStyle
  2
X-Ray
 70
25
177
3
291
0
 70
58
 90
2
176
1
 90
2
176
1
 90
1
176
1
 90
1
176
1
 40
0.5
176
1
 40
30.0
176
1
 62
7
420
16777215
176
1
 90
1
176
1
 90
0
176
1
 62
7
176
1
 62
257
176
1
 90
1
176
1
 90
1
176
1
 40
1.0
176
1
 90
8
176
1
 62
7
176
1
 40
1.0
176
1
 90
1
176
1
 90
6
176
1
 90
2
176
1
 62
7
176
1
 90
3
176
1
 90
0
176
1
 90
0
176
1
290
0
176
1
 90
13
176
1
 40
0.0
176
1
 90
0
176
1
290
0
176
1
290
1
176
1
290
1
176
1
290
0
176
1
290
0
176
1
290
0
176
1
290
0
176
1
290
0
176
1
290
0
176
1
 90
50
176
1
 40
0.0
176
1
 40
1.0
176
1
 90
0
176
1
 62
18
420
0
176
1
 90
50
176
1
 90
3
176
1
 62
5
420
255
176
1
290
0
176
1
 90
50
176
1
 90
50
176
1
 90
50
176
1
290
0
176
1
 90
50
176
1
 62
256
176
0
 40
1.0
176
0
 90
2
176
1
  1
strokes_ogs.tif
176
1
290
0
176
1
 40
1.0
176
1
 40
1.0
176
1
  0
DICTIONARYVAR
  5
25E2
102
{ACAD_REACTORS
330
25E1
102
}
330
25E1
100
DictionaryVariables
280
0
  1
1
  0
DICTIONARYVAR
  5
25E3
102
{ACAD_REACTORS
330
25E1
102
}
330
25E1
100
DictionaryVariables
280
0
  1
0.500000
  0
DICTIONARYVAR
  5
25E4
102
{ACAD_REACTORS
330
25E1
102
}
330
25E1
100
DictionaryVariables
280
0
  1
1
  0
DICTIONARYVAR
  5
25E5
102
{ACAD_REACTORS
330
25E1
102
}
330
25E1
100
DictionaryVariables
280
0
  1
1:1
  0
DICTIONARYVAR
  5
25E6
102
{ACAD_REACTORS
330
25E1
102
}
330
25E1
100
DictionaryVariables
280
0
  1
STANDARD
  0
DICTIONARYVAR
  5
25E7
102
{ACAD_REACTORS
330
25E1
102
}
330
25E1
100
DictionaryVariables
280
0
  1
STANDARD
  0
DICTIONARYVAR
  5
25E8
102
{ACAD_REACTORS
330
25E1
102
}
330
25E1
100
DictionaryVariables
280
0
  1
Imperial24
  0
DICTIONARYVAR
  5
25E9
102
{ACAD_REACTORS
330
25E1
102
}
330
25E1
100
DictionaryVariables
280
0
  1
Imperial24
  0
DICTIONARYVAR
  5
25EA
102
{ACAD_REACTORS
330
25E1
102
}
330
25E1
100
DictionaryVariables
280
0
  1
0
  0
DICTIONARYVAR
  5
25EB
102
{ACAD_REACTORS
330
25E1
102
}
330
25E1
100
DictionaryVariables
280
0
  1
2
  0
DICTIONARYVAR
  5
25EC
102
{ACAD_REACTORS
330
25E1
102
}
330
25E1
100
DictionaryVariables
280
0
  1
2
  0
DICTIONARYVAR
  5
25ED
102
{ACAD_REACTORS
330
25E1
102
}
330
25E1
100
DictionaryVariables
280
0
  1
1
  0
DICTIONARYVAR
  5
25EE
102
{ACAD_REACTORS
330
25E1
102
}
330
25E1
100
DictionaryVariables
280
0
  1
RGB:34,52,110
  0
DICTIONARYVAR
  5
25EF
102
{ACAD_REACTORS
330
25E1
102
}
330
25E1
100
DictionaryVariables
280
0
  1
0
  0
DICTIONARYVAR
  5
25F0
102
{ACAD_REACTORS
330
25E1
102
}
330
25E1
100
DictionaryVariables
280
0
  1
ByLayer
  0
DICTIONARYVAR
  5
25F1
102
{ACAD_REACTORS
330
25E1
102
}
330
25E1
100
DictionaryVariables
280
0
  1
0
  0
DICTIONARYVAR
  5
25F2
102
{ACAD_REACTORS
330
25E1
102
}
330
25E1
100
DictionaryVariables
280
0
  1
0
  0
DICTIONARYVAR
  5
25F3
102
{ACAD_REACTORS
330
25E1
102
}
330
25E1
100
DictionaryVariables
280
0
  1
0
  0
DICTIONARYVAR
  5
25F4
102
{ACAD_REACTORS
330
25E1
102
}
330
25E1
100
DictionaryVariables
280
0
  1
2
  0
DICTIONARYVAR
  5
25F5
102
{ACAD_REACTORS
330
25E1
102
}
330
25E1
100
DictionaryVariables
280
0
  1
1.000000
  0
DICTIONARYVAR
  5
25F6
102
{ACAD_REACTORS
330
25E1
102
}
330
25E1
100
DictionaryVariables
280
0
  1
1
  0
DICTIONARYVAR
  5
25F7
102
{ACAD_REACTORS
330
25E1
102
}
330
25E1
100
DictionaryVariables
280
0
  1
2
  0
DICTIONARYVAR
  5
25F8
102
{ACAD_REACTORS
330
25E1
102
}
330
25E1
100
DictionaryVariables
280
0
  1
1
  0
DICTIONARYVAR
  5
25F9
102
{ACAD_REACTORS
330
25E1
102
}
330
25E1
100
DictionaryVariables
280
0
  1
0
  0
DICTIONARYVAR
  5
25FA
102
{ACAD_REACTORS
330
25E1
102
}
330
25E1
100
DictionaryVariables
280
0
  1
127
  0
DICTIONARY
  5
194
330
22
100
AcDbDictionary
280
1
281
1
  0
DICTIONARY
  5
188
330
97
100
AcDbDictionary
280
1
281
1
  3
FBXASSET
360
189
  0
DICTIONARY
  5
186
330
96
100
AcDbDictionary
280
1
281
1
  3
FBXASSET
360
187
  0
DICTIONARY
  5
110
330
98
100
AcDbDictionary
280
1
281
1
  3
BUMPTILE
360
112
  3
DIFFUSETILE
360
111
  3
FBXASSET
360
18A
  3
OPACITYTILE
360
113
  3
REFLECTIONTILE
360
114
  0
DICTIONARY
  5
104
330
87
100
AcDbDictionary
280
1
281
1
  3
ACAD_ROUNDTRIP_2008_TABLESTYLE_CELLSTYLEMAP
360
4884
  0
XRECORD
  5
189
102
{ACAD_REACTORS
330
188
102
}
330
188
100
AcDbXrecord
280
1
 70
1
 90
429727718
  1
508B35C9-AEE7-456F-BE74-D52651303AC6
310
504B03040A0000080000B670623B3DEE336E79000000790000001B0000006175746F6465736B2D64657369676E2D7061636B6167652E786D6C3C3F786D6C2076657273696F6E3D22312E302220656E636F64696E673D227574662D3822203F3E3C666F726D6174733E3C666F726D61743E687474703A2F2F736368656D612E
310
6175746F6465736B2E636F6D2F64657369676E2D7061636B6167652F323030393C2F666F726D61743E3C2F666F726D6174733E504B0304140006080800B670623BD486FD9CA0000000F4000000130000005B436F6E74656E745F54797065735D2E786D6C7D8EC10E82300C865F65E91D8A1E8C310C0EEA1BF002731658846E
310
D98AC1B77784ABF1D8FE5FBFBF75BBCE937A534CCEB38643598122B6FEE978D0B0485F9C41B54DDD7D022595594E1A469170414C76A4D9A4D207E29CF43ECE46F218070CC6BECC4078ACAA135ACF422C856C0E68EA1BF5669944DDD7BCDE7B1F8E415D77AECB980613C2E4AC91FC167A2B244592486606FC29C8FD7F045B9A
310
EF7053A7E60B504B0304140006080800B670623B28ED286BEB0000007C01000008000000636F72652E786D6C8D90416EC3201045AF82665B6183218D6D61A254764FD00B204C5C94182C03558F5F9C3852BBEB6A467FFE9B197D71FA9E6FE8CBACC17AD7012D0820E3B41FAD9B3A48F1826B40272956EFE32F1B20A766D3C1
310
268314D3EAD3B24BDABB685CCCAAF3A3D94515828980F42D371D04FD696655A814B3235C8B45E9AB9A4C419F5D8653B2237A1CB163DE672FD6AC209BF3C08E0D1B30EB19C3FC9D72FCC6EB231EFA33EDE96BDD341517E5064B11EDFCBCAF57A3A2194156843498524CAA0FCA5B7268F9E185D42D21A2DCEC7FA0B48CFF8492
310
759155FBBB0F2C80A4F991FB408A72CB22977B50B96EB9C91F504B0304140006080800B670623B55019EA25F0000007C00000007000000636E782E786D6C4DCB3B0E80201045D1AD90E915ED2CF8AC45050C11660C8261F98AB1B07AC9C97D42D718D865D3E909258CFD00CCE24AC6E326A164D74DC0B4128928FF32603847
310
2BA13128B1252AC747C6BAB984FC68F0B87FE8960A5C09FE86CFB69FBA01504B0304140006080800B670623B7BC41AC871010000D40300000C0000006662782F636F72652E786D6CC553ED6E8320147D15C2DF4501B56B6D90A64BBB27D80B50A5CE54C120983EFEAE1F4DD7A56BBA5FF3879273EEE59E7310BE393735EA95
310
ED2AA333CC428A91D2B9292A5D66D8BB63B0C26823B835C67D2BC348CB46657880B1E0A535BE9DA1DC68A7B403549B42CDA0EC3AE530CA6B5864B8CB3F552343E91D5474A7B095F949962A6421D0502778E72C0840D390E18DC5F170E664C205F7BE2A66B62A605A75AC94C522DDEEE3651AEF837817C741F2CE92E02D592D
310
83FD6ECB76EC7595A651C2C9D02CB8AB9A8BBADC2AE954814544691A3016D0E883256BBA58278B17BA5A53CAC9507ED3E4DBE2C9265F691747B3DCA9ADC382819091F8E1162272A8933DE82182932144F88C09DF060D8140C84E1EEA8B8F1340BDCA9DB1093085F157AA97B557309586747CD0EF0B4EA64E983A6E0EAEEFCE
310
889E9EF17847386AA94B30211D2C0FDE0D3AF9A4610EAD5536E8DD1969631B593F67E381C33F5157F17725E5A636F6BF1491F980C8FC7B90E13E8A2F504B0304140006080800B670623B70102A487D0000009D0000000B0000006662782F636E782E786D6C4DCCD10A83201886E15B91FFDC95A5C30335ACCDFB886521330D
310
A76397BF1A1DECE883878F57749FD5A3B74D2F17830472A901D9F088930B8B849267CC01754AA418F3DF0D5018572BE160506249B16C274D761E8BCFBB7A179E27F65CB39A0F14D396184C9921B81F34C3ACA1B4B99ABB6E6F062A25AA5F69DF23ACBE504B0304140006080800B670623B3610CA3329010000120200003100
310
00006662782F42384135303843342D343331462D343546312D424341352D3532343432364645413344462F636F72652E786D6C8D515B6EC32010BC0AE22B55850D0E446E848992B43E412FE000495162B07854397EA176A4F62F3F2C9A9D991D58BEBB8F37F0AD7D30CE76905418026DA553C65E3A98E219B510EC04F7CEC5
310
3F3408EC30EA0E16180A7EF12E4D0B249D8DDAC68C5AA7F4020E21E80881BCE54B0783FCD2E3500D296646B856D320AFC34557A4CAEDCC133C449F0380794839A138B47B86DB2345744D7A44594FD0E1B867883594369BFE63BF7EEF793D0B054FC9A8456E548E63CE46FB674D8A58F068C6477CE9F510B582A2C1F80D1182
310
70F349E816B32D65AFB8DD62CCEB42FF274A937A52948C8DEB66893BCB021484D7734370E5D2E9F608A3EF93F3119479ABA0E50B14B8C298119A43CCC4FCFCECB8A18B6388CEE7EF5D5D4F994BD86CBBA182D76543B9FCAE2FD7B24DF103504B0304140006080800B670623B1B8617914E0100003303000030000000666278
310
2F42384135303843342D343331462D343546312D424341352D3532343432364645413344462F636E782E786D6CD593C16EC32010447F0571AD6CE3D489D20813A9877E410FBD62D82434182CC055F3F75D1292E692438FBD206B7698593D61BEFD1E2DF982108D773D6D6B460938E5B571FB9ECE6957AD29D90A1EBC4F7736
310
4A9C1CA1A759A682EF839FA72269D8C9D92654AD71C72206887E0E0A22CAF926B15E498B01E0AA19451807D01A34B919F16B070157417138917400F2F6FA41FCF0092A45DEE414C19BDC21783E4BD39D891265658C3D8DEA00A3ACE59CBC8678ACB54CB26EEB6BD7839D7E9348BE70AD9C8321B9BCA7F9A4A26C542347DEE0
310
50F09802D22BA6749A800A394DD62899107273365E3C82CFC6A55557BC06C10774B7ABE7AEC3B0F34CF06446280E154026D0542C187BA9DAB6628BF7B6DBB0E5A65B3EB1F58631DE64BBE083F7B65CC218087E22CABB042E51D1F2268F1FE12B3EA24D40D63E9CFE00120194D60B9D5BC67FE6D39CDF37E20AF817881F504B
310
0304140006080800B670623BBFEF2E3B690500003C100000340000006662782F42384135303843342D343331462D343546312D424341352D3532343432364645413344462F6F626A656374732E786D6CAD575D739B3814FD2B0CFB0C98D84E931D4227B6938EA793B6534F3BFB90198F0099B001899144EAECAFDF231018B0
310
D37A3FFC609090EEE7B94757C1FB7D915B2F54C88CB31BDB7727B64559CC938CA53776A576CE956DBD0F03C1B9EA2DB32D460A7A63EB693B0C52C1ABD24C257447AA5C8D66EF177F5832A68CDA569C13296F6C193FD182B8A4523CA1F2D94D88226EBADBBBBEDB2C1C8A4D05299F46424B222853B014F30C52ACC6287F389C
310
D85E1878FA7B18E87FB36AFAF62AAFF667A83F635211161F291B8999FAB3D5DDC5FCDA99CF6653677679E13B8BFBC5CAF1DF4D27CBCBE5F2FAF6EE1A8AA51290642C117467871F101B91C581D77CEA2C36869F3229E68CD1B8F61F1ED6361B89092D294B90C78C4A68EB793D190E7D1D9BDEE7A91E1B95FDE9F3BCEAEFE809
310
6A6D6F9F7D4B79F4275C90E7A04248AA51D5C4C738DAE06F72885AC4796EBE65D22A88A22223B995679120E2D50EB1542F098381188D4EA111AE3DB043FF20AF6F2B4AE3D7D83D65E5AECA730D4D3BAC91BD05FEA992B565D95F549CD6069B90AB2A63EACA38A45E4B6A87D781574F86817E4C2FCCC72690D62E2729520E37
310
9BAF234797BAF6D62B3BFC781FED37BA1E4F2B2F052FA9501A3E80569BB8F6A9A364D4FA67654E6F803383981F82F21591FF84F23D9882BC896C3FDBCF8C162508933B2E0AE4C69DD43F6BD2BE38DDDBF10BF86CB4FA784D37F3AF16075E67EC9030DECA1FC0A55373F5DFF3378C591FA9BDF485C10B0A8C8BA909E5262639
310
A8E72163488806A595734C81CB77D1DE0ED7604A303B76913CEC0272F412782FF88EFF4636D8AA56DF7B322474C4B767303F625997056C7B032C473C592B36CEBD15F3F9FF5233B7ABCDC74D257624A60F8658567497B14CE1EC3C80B76FD02011038F9EE9EB0F2E12387A9C844D3F09855125116D1D731DF8B43D2CF4E0A0
310
79A020C6BE946BCE0B7EA1E1219331CD73C228AF5A2DDD31A4B1DA918CE91350854D40A71723140BFA92E94E62B0626016CEFA5864A50E5977E8753CEDBEE1CBB7F52780D20E17AF0BA0F5F9B02A3AD07DCC732EB6D1EBB661421BE0C39E21BABF0FE16D22EA6929407C8DE596724C88B749B6DB5512BC7B228ADFD7CB7EA6
310
3A22397E690BA8D5D8D4E40CEC8CDA23C2C0B7D5898640101CEC9C6D331CE328CB93CAFBBAC70A642DF70DF95155945B52F08AA973C23469FD69ADEF84F7BB18F983A8F8C90E37F5D35980B2139A1C523540813E824EF83448CF7C72B598CE97D7CEEDDDDD3B6736BFBC771677EF66CE6A7E7139F7A793E9EDF2B2B3A8B624
310
0CDA13AA5F8388264EC4A0129909F3B7F5A16CEDF08128E97D680ACA4B9BE7B7B58BB638F0B00700EF36AE8B32A705658A68F83EE897FC2B41573190D1CCAF0B92D233A47CFEB019D9809933F67DD1A5467F8CF69AD9A5AE859342D45355448C64F968A371DC2D596ADC6E43D93D1B466F877A64E2893E54F23C4B40388995
310
525E5005DA3983ED45412510D3EFCA13737B3863F74BD30F2A12E5B4B5E489A025CE25500DB855B11ACE5BBFA185D35DD48D8DC3CE7DC69F2944DB42AA6F6CF09BCA622ADD08C7A36E7C6AE18000BAB08E040135C2D21C9D75B3A91B77BB746C403F38018DFE6EC939DD92F16B40BC05294B9CDA035AAD6D330AE27FE4786B
310
8E45145EA34A75BE1C263A676A35A8ACC6297337400BF16C54EF515F3F77CB77EB3583889C754FFA29081AA98E2222ADEF05DA3E63D2EDEA8B8756C05A7FB6CABC4A91CBF325398202CC952E70A008A830324BA200D5E5EF8F5F04C75DB4B0EE3340E071C98B823333B83577596BF3849B69F2085AA0FAFA212F26BEFF5877
310
FDE622B28D88A42E49E43326DA82D31E8CB006401E1DA726059ECEC168F97A6599036306A135688F9AD2E61A6EA178F4CD51974A9F2CCB9F36FE5EBD14601068D9C3BF01504B0304140006080000B670623B000000000000000000000000350000006662782F42384135303843342D343331462D343546312D424341352D35
310
32343432364645413344462F76657274696365732E62696E504B0304140006080800B670623BF270F1330600000004000000360000006662782F42384135303843342D343331462D343546312D424341352D3532343432364645413344462F747269616E676C65732E62696E636660600000504B0304140006080000B67062
310
3B000000000000000000000000370000006662782F42384135303843342D343331462D343546312D424341352D3532343432364645413344462F617474726962757465732E62696E504B0304140006080800B670623B08DA0BD19000000041010000360000006662782F42384135303843342D343331462D343546312D4243
310
41352D3532343432364645413344462F6469726563746F72792E786D6C858F410AC3201045AF22B36F53E9A60B35CBEEBAE80D244E44489C6234F4F835464A48035D0DF398FF9F8AF63D0E6CC63039F212F8F9020C7D47C6792B21C5FE7403D62A1188E2E60C98D7234A5830286103A55745067B9D86B8A3CF9C7F90C11DE6
310
07FB144396D7B6A82D282E9A152AD114D5EF2CB866EEE831B8EEA07A7BB5A8D7D61A2BAAEB7FD5F70921FF497D00504B0304140006080800B670623B3B4606F3FE000000A00100003B0000006662782F42384135303843342D343331462D343546312D424341352D3532343432364645413344462F7265736F75726365732F
310
636F72652E786D6C8D504B6E833010BD0A9A6D65B08134808CA354A427E8052C332156828DFCA97AFC9A40A576D7CDCCE87D344F8F9FBEE647F689CE6B6B7A6039850C8DB2A336530F315C4903D94970676DF82583CCC8197B5861107C72362E3BA4AC096842428D1D7107A5F71820538F74F4E0D50D6799CB1892C2DFF345
310
AABB9C306779A2934E701F5C0A906D4FD609C2A1B7D129F4BCD858C163D4E3AED163FAA9AF1A1D88F67CA98E6D35906AA82A52BFB39ABCD5CD915C86331BD86BD3B665CD8BD52C78D0F34F46E550061C419494B6843142CB0F5677F4D0D58717DA7494F26295FF31C565FCA7296A13AA728FBBD93C0896823C09C18BB5AFB4
310
9E65A6BD762BBE01504B010214000A0000080000B670623B3DEE336E79000000790000001B00000000000000000000000000000000006175746F6465736B2D64657369676E2D7061636B6167652E786D6C504B01021400140006080800B670623BD486FD9CA0000000F40000001300000000000000000000000000B2000000
310
5B436F6E74656E745F54797065735D2E786D6C504B01021400140006080800B670623B28ED286BEB0000007C010000080000000000000000000000000083010000636F72652E786D6C504B01021400140006080800B670623B55019EA25F0000007C000000070000000000000000000000000094020000636E782E786D6C50
310
4B01021400140006080800B670623B7BC41AC871010000D40300000C00000000000000000000000000180300006662782F636F72652E786D6C504B01021400140006080800B670623B70102A487D0000009D0000000B00000000000000000000000000B30400006662782F636E782E786D6C504B01021400140006080800B6
310
70623B3610CA3329010000120200003100000000000000000000000000590500006662782F42384135303843342D343331462D343546312D424341352D3532343432364645413344462F636F72652E786D6C504B01021400140006080800B670623B1B8617914E010000330300003000000000000000000000000000D10600
310
006662782F42384135303843342D343331462D343546312D424341352D3532343432364645413344462F636E782E786D6C504B01021400140006080800B670623BBFEF2E3B690500003C10000034000000000000000000000000006D0800006662782F42384135303843342D343331462D343546312D424341352D35323434
310
32364645413344462F6F626A656374732E786D6C504B01021400140006080000B670623B0000000000000000000000003500000000000000000000000000280E00006662782F42384135303843342D343331462D343546312D424341352D3532343432364645413344462F76657274696365732E62696E504B010214001400
310
06080800B670623BF270F133060000000400000036000000000000000000000000007B0E00006662782F42384135303843342D343331462D343546312D424341352D3532343432364645413344462F747269616E676C65732E62696E504B01021400140006080000B670623B00000000000000000000000037000000000000
310
00000000000000D50E00006662782F42384135303843342D343331462D343546312D424341352D3532343432364645413344462F617474726962757465732E62696E504B01021400140006080800B670623B08DA0BD1900000004101000036000000000000000000000000002A0F00006662782F42384135303843342D3433
310
31462D343546312D424341352D3532343432364645413344462F6469726563746F72792E786D6C504B01021400140006080800B670623B3B4606F3FE000000A00100003B000000000000000000000000000E1000006662782F42384135303843342D343331462D343546312D424341352D3532343432364645413344462F72
310
65736F75726365732F636F72652E786D6C504B0506000000000E000E0080040000651100000000
  0
XRECORD
  5
187
102
{ACAD_REACTORS
330
186
102
}
330
186
100
AcDbXrecord
280
1
 70
1
 90
429727718
  1
887D55A9-D0DD-414E-B741-A7DCD4DA2B4C
310
504B03040A0000080000B670623B3DEE336E79000000790000001B0000006175746F6465736B2D64657369676E2D7061636B6167652E786D6C3C3F786D6C2076657273696F6E3D22312E302220656E636F64696E673D227574662D3822203F3E3C666F726D6174733E3C666F726D61743E687474703A2F2F736368656D612E
310
6175746F6465736B2E636F6D2F64657369676E2D7061636B6167652F323030393C2F666F726D61743E3C2F666F726D6174733E504B0304140006080800B670623BD486FD9CA0000000F4000000130000005B436F6E74656E745F54797065735D2E786D6C7D8EC10E82300C865F65E91D8A1E8C310C0EEA1BF002731658846E
310
D98AC1B77784ABF1D8FE5FBFBF75BBCE937A534CCEB38643598122B6FEE978D0B0485F9C41B54DDD7D022595594E1A469170414C76A4D9A4D207E29CF43ECE46F218070CC6BECC4078ACAA135ACF422C856C0E68EA1BF5669944DDD7BCDE7B1F8E415D77AECB980613C2E4AC91FC167A2B244592486606FC29C8FD7F045B9A
310
EF7053A7E60B504B0304140006080800B670623BBC1638F5EC0000007C01000008000000636F72652E786D6C8D90416EC3201045AF82665B61836BE2D8C24471DB9CA01740401C94182C03558F5F9C3852BBEB6A467FFE9B197D7EF89E6EE8CB2CC17AD7032D0820E394D7D68D3DA478C67B4007C117EFE32F1B202727D3C3
310
2A83E0E3E2D3BC49CABB685CCCAAF3DA6CA20CC14440EA969B1E82BA98491632C5EC08D76296EA2A4753D06797E194AC468F2356E77DF66CCD02825543D50CACC62D39ED70FDC68EB8FD68F6F8787A6784342D1DDA1D2F5758F068A7E77DB518198D065111D2624A31A93E69DD11D6D5EC85EC3B4278B9DAFF4069D6FF8492
310
75F1B5DADE7D600104CD8FDC0782976B16B9DC83CA75CD4DFC00504B0304140006080800B670623B55019EA25F0000007C00000007000000636E782E786D6C4DCB3B0E80201045D1AD90E915ED2CF8AC45050C11660C8261F98AB1B07AC9C97D42D718D865D3E909258CFD00CCE24AC6E326A164D74DC0B4128928FF326038
310
472BA13128B1252AC747C6BAB984FC68F0B87FE8960A5C09FE86CFB69FBA01504B0304140006080800B670623B3586FFB671010000D40300000C0000006662782F636F72652E786D6CC553ED6E8320147D15C2DF4541A76D6D90A6DDD627D80B50A4CE54C120983EFEAE1F4DD7A55BBA5FF3879273EEE59E7310B6393735EA
310
95ED2AA3731C851423A5A5292A5DE6D8BB63B0C268C39935C67D29C3488B46E578803167A535BE9D2169B453DA01AA4DA16650749D7218C91A1639EEE4876A4428BC838AEE14B6429E44A9C228041AEA38EB9C0501681A32BC313F1ECE8C4C3867DE57C5CC56054CAB8E95B298A7F12E5EEED224C8E87E11242FE936C8DE96
310
AB60BB7F4D295D66D12E5B30323473E6AAE6A24E5A259C2A308F29CD82280A68FC1E256B9AAE93F489AED694323294DF34F9B678B0C957DA3DC7B3DCA9ADC33C022123F1CD2D44E450277AD04338234388F01913BE0D1A0281909D38D4171F27807A259DB1093085F157AA17B557309586747CD0CF0B46A64E983A6E0EAEEF
310
CE881F9EF1FB8E70D44297604238581EBC1B74B249C31C5AAB6CD0BB33D2C636A27ECCC62F0EFF445DC5DF95244D6DEC7F2922F30191F9F720C37DE49F504B0304140006080800B670623B4220A0FF7D0000009D0000000B0000006662782F636E782E786D6C4DCCD10A83201886E15B91FFDCE542CB0335D0EC3E6259C84A
310
C3E9D8E5AF46073BFAE0E1E315DD675BD1DBA5978F41C2FD4600B9F088930F8B849267CC01754AA418F3DF0D50183727E164506249B1EC174D6E1ECB9A0F5D7D785E68DB8151CD286E5A5363CA6B8A39E90D36D40E96B086F55A43A544F52B1D7B86D517504B0304140006080800B670623B2FA3FEDE290100001202000031
310
0000006662782F45374635344235342D363743322D343832342D383044432D4334454645303536354442422F636F72652E786D6C8D515B6EC32010BC0AE22B55850D2E386E848994D7097A0117488A1283C5A3CAF10BB523B57FF961D1ECCCECC0F2ED7DBC816FED8371B687A4C210682B9D32F6D2C314CFA883602BB8772E
310
FEA141608751F7B0C050F08B77695A20E96CD43666D43AA5177008414708E42D5F7A18E4971E876A483133C2B59A06791D2EBA22556E679EE021FA1C00CC43CA09C5717D6274C7286AD7FB06D1AEA1A8C3873DDAD3E3E98859CB0EBB1DAF67A1E02919B5C88DCA71CCD968FFAC49110B1ECDF8882FBD1EA256503418BF2342
310
106E3E08DD60B6A1EC15771B8C795DE8FF4469524F8A92B1F1AD59E2CEB20005E1F5DC105CB9F4797B84D1F7C9F908CABC55D0F2050A5C61CC1AD2F27A26E6E767C7962E8E213A9FBF7775FDCC5CC266DB960A5E970DE5F2BBBE5CCB36C50F504B0304140006080800B670623B1B8617914E01000033030000300000006662
310
782F45374635344235342D363743322D343832342D383044432D4334454645303536354442422F636E782E786D6CD593C16EC32010447F0571AD6CE3D489D20813A9877E410FBD62D82434182CC055F3F75D1292E692438FBD206B7698593D61BEFD1E2DF982108D773D6D6B460938E5B571FB9ECE6957AD29D90A1EBC4F77
310
364A9C1CA1A759A682EF839FA72269D8C9D92654AD71C72206887E0E0A22CAF926B15E498B01E0AA19451807D01A34B919F16B070157417138917400F2F6FA41FCF0092A45DEE414C19BDC21783E4BD39D891265658C3D8DEA00A3ACE59CBC8678ACB54CB26EEB6BD7839D7E9348BE70AD9C8321B9BCA7F9A4A26C542347DE
310
E050F09802D22BA6749A800A394DD62899107273365E3C82CFC6A55557BC06C10774B7ABE7AEC3B0F34CF06446280E154026D0542C187BA9DAB6628BF7B6DBB0E5A65B3EB1F58631DE64BBE083F7B65CC218087E22CABB042E51D1F2268F1FE12B3EA24D40D63E9CFE00120194D60B9D5BC67FE6D39CDF37E20AF817881F50
310
4B0304140006080800B670623B29652116630500003C100000340000006662782F45374635344235342D363743322D343832342D383044432D4334454645303536354442422F6F626A656374732E786D6CAD575D739B3814FD2B0CFB0C989834C90EA1639B24E3E9A6EDD4D3CE3E64C623834CD8006224913AFDF57B040203
310
B65BEF871F0C12D2FD3CF7E8CA7FBFCB33E3957291B2E2D674ED8969D02262715A24B76625B7D6B569BC0F7CCE98EC2D338D82E4F4D654D366E0279C55A59E8AE99654991CCDDECFFF3444440B6A1A514684B83545F44C7362934AB2988A173B2692D8C97667BB76B3702836E1A47C1E092D09A78584A5982F20C5688C7287
310
C389E904BEA3BE07BEFAD7ABA6A75739B53F43FD69212429A20365233153D70BEF2E2E6FAC4BCF9B5ADEBB0BD79ADFCF43CBBD9A4E16EF168B9BD9DD0D140BC921495BC2E9D60C1E101B9E46BED37CEA2CD6861F3329624541A3DA7F7858DBAC25C6B4A4458C3CA654405BCFEBC970E8AAD8F43E4FD558ABEC4F9FE7557F47
310
4F506B7BFBEC5BCA367FC105710E2AB8A00A554D7CB4A30DFE26FBA86D18CBF4B75418399194A72433B274C3097F33032C554B027F2046A1932B842B0FCCC0DDCBEBDB8AD2F835768F59B9ADB24C41D30C6A64AF817F2A456D59FA83F2E3DA60137255A585BCD60EC9B7929AC18DEFD49381AF1ED30BFDB109A4B1CD488294
310
C3CDE6EBC8D185AABD6568061FEE37BB95AAC7E3CA4BCE4ACAA5820FA0D526AE7DAA2869B5EE5999531BE0CC20E6FBA07C41E43FA27CF7A6206F3CDD793B4F6B919C1462CB788EDCD893FA674CDA17AB7B3B7C019F8D561FAEE966FED562DFE98C1D12C6A9FC015C2A35D7FF3D7FC398F591DA4B5FE0BFA2C0189FEA50AE22
310
92817A1ED3020951A03432862970F976B33383259812CC8E5D240BBA801CBCF8CE2BBEE3BF910DB6AAD5F79E05123AE2DB33981FB1ACCB02B69D00CB014FD68AB573A7627EF9BFD4CC2C5C7D58557C4B22FAA88925A4DBB44825CECE3D78FB060D1231F0E885BE7D673C86A3874958F593906B5502D1563157814FDAC3420D
310
F69A070A22EC4B98E23CFF171A1E5311D12C23056555ABA53B8614563B92D17D02AAB009E8F46284624E5F53D5490C560CCCC2591FF1B45421EB0EBD8EA7ED13BE7C5D7E0428CD60FEF60779EB13E6664FF711CB185F6FDED60D139A001FF60CD1FD6D086F1D51474901E26B2CB794A343BC8ED3EDB612E0DD2351FCB65CF4
310
33D511C9E14B5B40ADC6A6263DB0336A8F700DDF56271A024E70B0B3629DE21847591E55DED73D56206AB927E46FAABC5C939C55853C274C93D69FD6FA4E78BF8B11DF898C9ECD60553FAD39283BA6F18984AA23E8884F83F45C5F5F859797B31B2B9C84A1E5B9DE9D35BFF25C6B76152E422F9C5DCC3D847F5801ED09D5AF
310
41441327A25FF15487F9EB725FB666F048A4701E9A827292E6F97569A32DF61DEC01C0BB8DCBBCCC684E0B49147C1FD54BF685A0AB18C868E6973949E819523E3DAC463660E68C7D9F55A9D1EFA3BD7A76A16AE1A810F95CE59B82A4D968A376DC2E8B44BBDD86B27B368CDE0ED548C7137DA860591A83706223A12CA712B4
310
7306DBF39C0A20A6DF95C7FAF670C6EED7A61F946493D1D6926782963813403548A78AE470DEF80D2D9CEAA26E4D1C76F60BFE74219A06527D6B82DF641A51616F703CAAC6A7160E08A00BEB4810A0274592A1B36E3675E36E978A0DE80727A0D6DF2D39A75BD27E0D8837276589537B40ABB56D5A41F48F1C6FCD3188C4EB
310
A6929D2FFB89CE995A4D00AE813BDD032DC48B56BD437DFDDC2DD7AED70C2272D63DE9A72068A45A92F0A4BE17A8A06B9366E16707AD80B1FC649459952097E74BB23805982B55E0401150A165964402AA8BDF9F3E7386BB686EDCA780C0D382E5392BF460A6EFB2C6EA1937D3F809B440D5F5435C4C5CF7A9EEFAF54564BD
310
2182DA24162F98680B4E7930C21A0079709CEAEB99A372305ABE0C0D7D6078105A83F6A0296DAEE1068A47DD1C55A9F4C9B2FC69E3EFD44B81028E963DF81B504B0304140006080000B670623B000000000000000000000000350000006662782F45374635344235342D363743322D343832342D383044432D433445464530
310
3536354442422F76657274696365732E62696E504B0304140006080800B670623BF270F1330600000004000000360000006662782F45374635344235342D363743322D343832342D383044432D4334454645303536354442422F747269616E676C65732E62696E636660600000504B0304140006080000B670623B00000000
310
0000000000000000370000006662782F45374635344235342D363743322D343832342D383044432D4334454645303536354442422F617474726962757465732E62696E504B0304140006080800B670623B08DA0BD19000000041010000360000006662782F45374635344235342D363743322D343832342D383044432D4334
310
454645303536354442422F6469726563746F72792E786D6C858F410AC3201045AF22B36F53E9A60B35CBEEBAE80D244E44489C6234F4F835464A48035D0DF398FF9F8AF63D0E6CC63039F212F8F9020C7D47C6792B21C5FE7403D62A1188E2E60C98D7234A5830286103A55745067B9D86B8A3CF9C7F90C11DE607FB144396
310
D7B6A82D282E9A152AD114D5EF2CB866EEE831B8EEA07A7BB5A8D7D61A2BAAEB7FD5F70921FF497D00504B0304140006080800B670623B6378F24DFF000000A00100003B0000006662782F45374635344235342D363743322D343832342D383044432D4334454645303536354442422F7265736F75726365732F636F72652E
310
786D6C8D504B6E833010BD0A9A6D65B0094E42641C85B639412F6099496225D8C89FAAC7AF09546A77DDCC8CDE47F3F4C4F16B7C149FE88371B603565228D06A37187BED20C50BD9437194C23B177FC9A0B06AC40E6618A4B87A97A615D2CE46B431A3D60DB8822A048C50E8473E3A08FA86A32A558A5911EEE5A4F45D5DB1
310
6465A6B34E8A107D0E502C4FE609D26370C96B0CA25A58295232C3AA3143FE692E063D485EF7F5AEE71BD2D2F39634AFFC44DAF7DD9E9CCE6F9CD25DCBFA762BAAD92C4534E34F46ED51451C40D694B6843142EB0FD61C283F34FC85EE0F948A6A96FF31A569F8A729191B37F51A77B105902C0779125254735F793DCBCC7B
310
EE567E03504B010214000A0000080000B670623B3DEE336E79000000790000001B00000000000000000000000000000000006175746F6465736B2D64657369676E2D7061636B6167652E786D6C504B01021400140006080800B670623BD486FD9CA0000000F40000001300000000000000000000000000B20000005B436F6E
310
74656E745F54797065735D2E786D6C504B01021400140006080800B670623BBC1638F5EC0000007C010000080000000000000000000000000083010000636F72652E786D6C504B01021400140006080800B670623B55019EA25F0000007C000000070000000000000000000000000095020000636E782E786D6C504B010214
310
00140006080800B670623B3586FFB671010000D40300000C00000000000000000000000000190300006662782F636F72652E786D6C504B01021400140006080800B670623B4220A0FF7D0000009D0000000B00000000000000000000000000B40400006662782F636E782E786D6C504B01021400140006080800B670623B2F
310
A3FEDE290100001202000031000000000000000000000000005A0500006662782F45374635344235342D363743322D343832342D383044432D4334454645303536354442422F636F72652E786D6C504B01021400140006080800B670623B1B8617914E010000330300003000000000000000000000000000D2060000666278
310
2F45374635344235342D363743322D343832342D383044432D4334454645303536354442422F636E782E786D6C504B01021400140006080800B670623B29652116630500003C10000034000000000000000000000000006E0800006662782F45374635344235342D363743322D343832342D383044432D4334454645303536
310
354442422F6F626A656374732E786D6C504B01021400140006080000B670623B0000000000000000000000003500000000000000000000000000230E00006662782F45374635344235342D363743322D343832342D383044432D4334454645303536354442422F76657274696365732E62696E504B01021400140006080800
310
B670623BF270F13306000000040000003600000000000000000000000000760E00006662782F45374635344235342D363743322D343832342D383044432D4334454645303536354442422F747269616E676C65732E62696E504B01021400140006080000B670623B0000000000000000000000003700000000000000000000
310
000000D00E00006662782F45374635344235342D363743322D343832342D383044432D4334454645303536354442422F617474726962757465732E62696E504B01021400140006080800B670623B08DA0BD190000000410100003600000000000000000000000000250F00006662782F45374635344235342D363743322D34
310
3832342D383044432D4334454645303536354442422F6469726563746F72792E786D6C504B01021400140006080800B670623B6378F24DFF000000A00100003B00000000000000000000000000091000006662782F45374635344235342D363743322D343832342D383044432D4334454645303536354442422F7265736F75
310
726365732F636F72652E786D6C504B0506000000000E000E0080040000611100000000
  0
XRECORD
  5
112
102
{ACAD_REACTORS
330
110
102
}
330
110
100
AcDbXrecord
280
1
270
1
271
1
  0
XRECORD
  5
111
102
{ACAD_REACTORS
330
110
102
}
330
110
100
AcDbXrecord
280
1
270
1
271
1
  0
XRECORD
  5
18A
102
{ACAD_REACTORS
330
110
102
}
330
110
100
AcDbXrecord
280
1
 70
0
 90
1778669749
  1
9BF507EE-FAF7-4A99-A33D-4EE51894BC40
310
504B03040A0000080000B670623B3DEE336E79000000790000001B0000006175746F6465736B2D64657369676E2D7061636B6167652E786D6C3C3F786D6C2076657273696F6E3D22312E302220656E636F64696E673D227574662D3822203F3E3C666F726D6174733E3C666F726D61743E687474703A2F2F736368656D612E
310
6175746F6465736B2E636F6D2F64657369676E2D7061636B6167652F323030393C2F666F726D61743E3C2F666F726D6174733E504B0304140006080800B670623BD486FD9CA0000000F4000000130000005B436F6E74656E745F54797065735D2E786D6C7D8EC10E82300C865F65E91D8A1E8C310C0EEA1BF002731658846E
310
D98AC1B77784ABF1D8FE5FBFBF75BBCE937A534CCEB38643598122B6FEE978D0B0485F9C41B54DDD7D022595594E1A469170414C76A4D9A4D207E29CF43ECE46F218070CC6BECC4078ACAA135ACF422C856C0E68EA1BF5669944DDD7BCDE7B1F8E415D77AECB980613C2E4AC91FC167A2B244592486606FC29C8FD7F045B9A
310
EF7053A7E60B504B0304140006080800B670623BCA089DFFEC0000007C01000008000000636F72652E786D6C8D90416E83301045AF62CDB632D8402020E32882F604BD80653BC44AB011B6AB1EBF262152BBEB6A467FFE9B197D76FA9EEFE84BAFDE38DB03CD08206DA553C64E3DC470C1474027CE56E7C22F1B202B66DDC3
310
260367D3EAE2B24BD2D9A06D48AA754AEFA2F05E0740F29E9A1EBCBCEA59642286E4F0B76C11F226269DD15797E0188D42CF2346A57DE662F40ABCAEC77628C6120F654571D50C04B7F5B9C1E3997CD4F550BE3745C3F20DE62C98F9755FAE5A04AD801784B498524C8A4F5A75E4D055873772EC0861F966FF03C545FD138A
310
C686B2D8DF7D621E384D8F3C069CE55B16A93C824A75CB8DFF00504B0304140006080800B670623B55019EA25F0000007C00000007000000636E782E786D6C4DCB3B0E80201045D1AD90E915ED2CF8AC45050C11660C8261F98AB1B07AC9C97D42D718D865D3E909258CFD00CCE24AC6E326A164D74DC0B4128928FF326038
310
472BA13128B1252AC747C6BAB984FC68F0B87FE8960A5C09FE86CFB69FBA01504B0304140006080800B670623B68FC0B7272010000D40300000C0000006662782F636F72652E786D6CC5535B6E833010BC8AE5DF0A6C1E8124328E22D29EA01770C0A128602363A31CBFCB234A53A555FA553EC09AD9F5CE8C31DB5DDA060D
310
D2F4B556190E7C8A9154852E6B5565D8D993B7C668C799D1DA7E29C3488956667884316795D1AE5BA0422B2B950554E9522EA0E87B69312A1A5864B82F3E642B7CE12C54F467BF13C55954D20F7CA0A18EB3DE1A1080E621E31BF3D3F1C2C88C73E65C5D2E6C5DC2B4FA544B8379921C36797888BC3C8A032F4E73EA6D927D
310
EA1DF6F42D49F2E8350D5346C666CE6CDD5ED515460A2B4BCC434A375E1078347C0FE22D5D6DE3D50B5D6F2965642CBF6B725DF96493AB958DC245EEDCD6631E809089F8E61622B2A81703E8219C913144F84C09DF070D8140C8561C9BAB8F3340832CAC363130A576376A108D933095FA747AD0CF0B46E64E983A6D0EAE1F
310
CE089F9EF1FB8E70D44255604258581E9D1D75B259C3125A278D37D80B52DAB4A279CEC62F0EFF44DDC43F9454E8469BFF5244960322CBEF41C6FBC83F01504B0304140006080800B670623B0F71DDB67E0000009D0000000B0000006662782F636E782E786D6C4DCCD10A83201886E15B91FFDCA54DB73F502386BB8F5816
310
32D3703976F9ABD1C18E3E78F87855FB990379BBFCF2296AE02706C4C5471A7C9C349475A408A4352AA7B4FEDD80C47E761A7606A3A69CCA72D0E0C6BE8475D3E0E3F3409428EA6B27A84079A782899AA2EC1A7AE3ECCC2FD858CB2D544655BFD2B67BD87C01504B0304140006080800B670623BE134B4FB28010000120200
310
00310000006662782F38353834323741342D343835462D343034322D383541392D4331303331363839454531452F636F72652E786D6C8D515B6EC32010BC0AE22B55850D0EA424C24451959EA0172086A42831583CAA1CBF503B52FB971F16CDCECC0EACD8DFC71BF836215AEF7A481A0C817183D7D65D7A98D3197108F652
310
04EFD31F1A044E8DA6871586525C82CFD3020DDE25E352419DD76601558C264130DCCAA58771F832A36A544E8511AFCDA486ABBA988634A55D7852C4144A00300FA927949C71DABD1D28A29C7D208A6987383B6CD13BC16BB2E1DBE3911C453B0BA5C8D9EA456E758963CFD684674DAA588A64C747FC2118958C86B2C3788B
310
0841B8FB247487D98EB257CC77188BB6D2FF89F2A49F1465EBD2BA5BE2CEB2082511EDDC9042FB7CBA3DC298FBE4430275DE2A9AE1054ADC60CC08E3A29D89E5F9C5714317C7987C28DFBBBA9E0A97B0D97643A568EB864AF95D5FA9759BF207504B0304140006080800B670623B1B8617914E010000330300003000000066
310
62782F38353834323741342D343835462D343034322D383541392D4331303331363839454531452F636E782E786D6CD593C16EC32010447F0571AD6CE3D489D20813A9877E410FBD62D82434182CC055F3F75D1292E692438FBD206B7698593D61BEFD1E2DF982108D773D6D6B460938E5B571FB9ECE6957AD29D90A1EBC4F
310
77364A9C1CA1A759A682EF839FA72269D8C9D92654AD71C72206887E0E0A22CAF926B15E498B01E0AA19451807D01A34B919F16B070157417138917400F2F6FA41FCF0092A45DEE414C19BDC21783E4BD39D891265658C3D8DEA00A3ACE59CBC8678ACB54CB26EEB6BD7839D7E9348BE70AD9C8321B9BCA7F9A4A26C542347
310
DEE050F09802D22BA6749A800A394DD62899107273365E3C82CFC6A55557BC06C10774B7ABE7AEC3B0F34CF06446280E154026D0542C187BA9DAB6628BF7B6DBB0E5A65B3EB1F58631DE64BBE083F7B65CC218087E22CABB042E51D1F2268F1FE12B3EA24D40D63E9CFE00120194D60B9D5BC67FE6D39CDF37E20AF817881F
310
504B0304140006080800B670623B5933D422630500003B100000340000006662782F38353834323741342D343835462D343034322D383541392D4331303331363839454531452F6F626A656374732E786D6CAD575B6FA33814FE2B887D0642934E9B156594264D158D3A534DD4D13E548A0C38942D60649B4EBABF7E3F8321
310
40924EF6928780CDF1B97EE762EFF32E4B8D37CA45C2F21BD3B547A641F39045491EDF98A5DC5AD7A6F1D9F73863B243661A39C9E88DA9B64DDF8B392B0BBD15D12D295339D85DDEFE618890E6D434C2940871638AF08566C426A5641115AF764424B1E3EDCE76ED9AB0CF36E6A47819302D08A7B984A6D8CFC1C5A89572FB
310
CB91E9F89EA3BEFB9EFAD754E3D3544E654F5F7E920B49F2F040D880CDD89D2CEE2E2EA7D6E56432B6269F2E5CEB7679BBB0DCABF168FE693E9FCEEEA6102C240727AD09A75BD3BF876F78127A4EFDA9D5582B7E4CA590E5390D2BFB6161A5B3E618D182E611E2985001691DAB47FDA5AB7CD3F93C566B2DB2BB7D9E55DD13
310
1D468DEECDB3AB290BFE8409E21C54704115AA6AFF68436BFC8DF65E0B184BF5B74418199194272435D224E084BF9B3E481589EFF5D828747285706581E9BB7B7E5D5D911ABFC6EE312DB7659A2A689A7E85EC0DF04FA5A8344BFEA2FCB834E8845895492EAFB541F2BDA0A63FF59C6AD3F7D4637CA13FD68E34B629891172
310
98597F1D183A57B9B75A98FE9765B05BAB7C3C2EBCE0ACA05C2AF8005A4DE09AA7F29216EB9E15397500C6F47CBE77CA7778FE2BD277AF0AE2C693DD6437D1522427B9D8329E2136F6A8FA19A3E6C56ADF0E5F50CF06D48734EDCEBF22F69C56D97EC138153F804B85E6FABFC7AFEFB32E523BE1F3BD372418E363EDCA7548
310
52949E8724474014288D94610BB57C1BEC4C7F854A89CA8E5324F55B871CBC78CE1BBEE3BFE68D6A5589EF3C730474506FCFA8FCF0659516D0ED04580EEA6425581B77CAE797FF4BCECC16EB2FEB926F49481F746159D06D922712BD730FDEAE42BD40F42C7AA5EF3F198F60E86110D6DD20645A9480B795CF95E3E3A659A8
310
C55E724F408873315335CFFB8584874484344D494E59D94869DB90C26A5B64F49C802CAC1D3ABE18A098D3B7444D123D8A9E5AE8F5214F0AE5B2B6E9B575DA3E61CBD3EA2B4009FA940524DD1305FB6A1FB294F14DF0BEA90BA109ECE1481FDC3FFAE8D60E75141700BE82725371B4873751B2DD960265F788137FACE6DD40
310
B575E4F0A5C99F46629D92131467A41EE11ABD8D4CCC039CA0AFB37C93A08B232B8F0AEFCA1E0A1015DF13FC83322B362463652ECF71D3A8B1A7D1BE65DE1D62C44F22C317D35F574FEB16153BA2D13E543D10A80E74C4A65E78A6B7CBCBD1D5DD9DB59C2DAFACC96C3AB566E3F1C29ADCDD5DBAD7D3C9ED7C822ED74F80A6
310
41755310DE4443F44A9E68373FADF6596BFA0F440AE7BECE2727AE9F4F2B1B53B1E7E00CF0DD1E5C65454A339A4BA2D0FBA05ED2EF0443458F47BDBFCA484CCFE0F2ED7E3DD0013B679C7B5499467F0ECEEADDB9CA85A34CE44B99053949D2C1416DB85DE4B136BB7165FBAC0B7AB3542BED4F8CA182A549847A1319316519
310
95A83A67147B9E5101C47487F2485F1ECE38FD568F839204296D3479219888530154036E6528FBFBC66F98E0D4107563A2D7D9AFF8D389681A08F58D89F22693900A3B407754734FC51C10C010D6D640809EE4718AC1BA3ED4AEDB53CA37283F68805A7E4B72CEB0A4EDEAD5DD8C14059A76AFAA56BA6901E13F32BC51C720
310
12AF41295B5BF61BAD3195181FB506E6B40F4C10AF5AF40EF9F5B159AE5DD1F43C72D635E94310D45C2D49785C5D0B94D3B54AB3C5A38349C0587D338AB48C11CBF339599C02CCA54A70A008A8D03C0B2201D5F9EFCF8F9CE12A9A19CB0410789EB32C63B95ECCF455D658BFE0621A3DA32C5075FB101723D77DAE867E7D0F
310
D90444509B44E2151B4DC2290B065803200FBAA9BE9D392A0603F2D5C2D00D6302A615680F66D2FA166E2079D4C551A54AB758161FCEFD4E450A14704CECFEDF504B0304140006080000B670623B000000000000000000000000350000006662782F38353834323741342D343835462D343034322D383541392D4331303331
310
363839454531452F76657274696365732E62696E504B0304140006080800B670623BF270F1330600000004000000360000006662782F38353834323741342D343835462D343034322D383541392D4331303331363839454531452F747269616E676C65732E62696E636660600000504B0304140006080000B670623B000000
310
000000000000000000370000006662782F38353834323741342D343835462D343034322D383541392D4331303331363839454531452F617474726962757465732E62696E504B0304140006080800B670623B08DA0BD19000000041010000360000006662782F38353834323741342D343835462D343034322D383541392D43
310
31303331363839454531452F6469726563746F72792E786D6C858F410AC3201045AF22B36F53E9A60B35CBEEBAE80D244E44489C6234F4F835464A48035D0DF398FF9F8AF63D0E6CC63039F212F8F9020C7D47C6792B21C5FE7403D62A1188E2E60C98D7234A5830286103A55745067B9D86B8A3CF9C7F90C11DE607FB1443
310
96D7B6A82D282E9A152AD114D5EF2CB866EEE831B8EEA07A7BB5A8D7D61A2BAAEB7FD5F70921FF497D00504B0304140006080800B670623BD9A3B367FE000000A00100003B0000006662782F38353834323741342D343835462D343034322D383541392D4331303331363839454531452F7265736F75726365732F636F7265
310
2E786D6C8D504B6E833010BD0A9A6D65B01D0201194711694FD00B586642AD043BF2A7EAF16B122AB5BB6E6646EFA3797AE2F8B5DC8A4FF4C1383B002B291468B59B8C9D0748F1420E501CA5F0CEC55F3228AC5A708015062966EFD27D83B4B3116DCCA875136EA00A012314FA968F0182FEC045952AC5AC08D7F2AEF455CD
310
58B232D3592745883E07289E4FD609D26370C96B0CA27AB252A464A64D63A6FCD35C0C7A904D73EE467EE664DCD58CD4ED4849D79C5A723ED1B7A61977AF2D6F45B59AA58866F9C9A83DAA8813484E6947182394BFB3BAA7FBBEDEBFD0434FA9A856F91F53BA4FFF342563E38E6F719FB60092E5200F428A6AED2BAF479979
310
AFDDCA6F504B010214000A0000080000B670623B3DEE336E79000000790000001B00000000000000000000000000000000006175746F6465736B2D64657369676E2D7061636B6167652E786D6C504B01021400140006080800B670623BD486FD9CA0000000F40000001300000000000000000000000000B20000005B436F6E
310
74656E745F54797065735D2E786D6C504B01021400140006080800B670623BCA089DFFEC0000007C010000080000000000000000000000000083010000636F72652E786D6C504B01021400140006080800B670623B55019EA25F0000007C000000070000000000000000000000000095020000636E782E786D6C504B010214
310
00140006080800B670623B68FC0B7272010000D40300000C00000000000000000000000000190300006662782F636F72652E786D6C504B01021400140006080800B670623B0F71DDB67E0000009D0000000B00000000000000000000000000B50400006662782F636E782E786D6C504B01021400140006080800B670623BE1
310
34B4FB280100001202000031000000000000000000000000005C0500006662782F38353834323741342D343835462D343034322D383541392D4331303331363839454531452F636F72652E786D6C504B01021400140006080800B670623B1B8617914E010000330300003000000000000000000000000000D3060000666278
310
2F38353834323741342D343835462D343034322D383541392D4331303331363839454531452F636E782E786D6C504B01021400140006080800B670623B5933D422630500003B10000034000000000000000000000000006F0800006662782F38353834323741342D343835462D343034322D383541392D4331303331363839
310
454531452F6F626A656374732E786D6C504B01021400140006080000B670623B0000000000000000000000003500000000000000000000000000240E00006662782F38353834323741342D343835462D343034322D383541392D4331303331363839454531452F76657274696365732E62696E504B01021400140006080800
310
B670623BF270F13306000000040000003600000000000000000000000000770E00006662782F38353834323741342D343835462D343034322D383541392D4331303331363839454531452F747269616E676C65732E62696E504B01021400140006080000B670623B0000000000000000000000003700000000000000000000
310
000000D10E00006662782F38353834323741342D343835462D343034322D383541392D4331303331363839454531452F617474726962757465732E62696E504B01021400140006080800B670623B08DA0BD190000000410100003600000000000000000000000000260F00006662782F38353834323741342D343835462D34
310
3034322D383541392D4331303331363839454531452F6469726563746F72792E786D6C504B01021400140006080800B670623BD9A3B367FE000000A00100003B000000000000000000000000000A1000006662782F38353834323741342D343835462D343034322D383541392D4331303331363839454531452F7265736F75
310
726365732F636F72652E786D6C504B0506000000000E000E0080040000611100000000
  0
XRECORD
  5
113
102
{ACAD_REACTORS
330
110
102
}
330
110
100
AcDbXrecord
280
1
270
1
271
1
  0
XRECORD
  5
114
102
{ACAD_REACTORS
330
110
102
}
330
110
100
AcDbXrecord
280
1
270
1
271
1
  0
CELLSTYLEMAP
  5
4884
102
{ACAD_REACTORS
330
104
102
}
330
104
100
AcDbCellStyleMap
 90
3
300
CELLSTYLE
  1
TABLEFORMAT_BEGIN
 90
5
170
1
 91
0
 92
32768
 62
257
 93
1
300
CONTENTFORMAT
  1
CONTENTFORMAT_BEGIN
 90
0
 91
0
 92
512
 93
0
300

 40
0.0
140
1.0
 94
5
 62
0
340
11
144
0.25
309
CONTENTFORMAT_END
171
1
301
MARGIN
  1
CELLMARGIN_BEGIN
 40
0.06
 40
0.06
 40
0.06
 40
0.06
 40
0.18
 40
0.18
309
CELLMARGIN_END
 94
6
 95
1
302
GRIDFORMAT
  1
GRIDFORMAT_BEGIN
 90
0
 91
1
 62
0
 92
-2
340
0
 93
0
 40
0.045
309
GRIDFORMAT_END
 95
2
302
GRIDFORMAT
  1
GRIDFORMAT_BEGIN
 90
0
 91
1
 62
0
 92
-2
340
0
 93
0
 40
0.045
309
GRIDFORMAT_END
 95
4
302
GRIDFORMAT
  1
GRIDFORMAT_BEGIN
 90
0
 91
1
 62
0
 92
-2
340
0
 93
0
 40
0.045
309
GRIDFORMAT_END
 95
8
302
GRIDFORMAT
  1
GRIDFORMAT_BEGIN
 90
0
 91
1
 62
0
 92
-2
340
0
 93
0
 40
0.045
309
GRIDFORMAT_END
 95
16
302
GRIDFORMAT
  1
GRIDFORMAT_BEGIN
 90
0
 91
1
 62
0
 92
-2
340
0
 93
0
 40
0.045
309
GRIDFORMAT_END
 95
32
302
GRIDFORMAT
  1
GRIDFORMAT_BEGIN
 90
0
 91
1
 62
0
 92
-2
340
0
 93
0
 40
0.045
309
GRIDFORMAT_END
309
TABLEFORMAT_END
  1
CELLSTYLE_BEGIN
 90
1
 91
1
300
_TITLE
309
CELLSTYLE_END
300
CELLSTYLE
  1
TABLEFORMAT_BEGIN
 90
5
170
1
 91
0
 92
0
 62
257
 93
1
300
CONTENTFORMAT
  1
CONTENTFORMAT_BEGIN
 90
0
 91
0
 92
512
 93
0
300

 40
0.0
140
1.0
 94
5
 62
0
340
11
144
0.18
309
CONTENTFORMAT_END
171
1
301
MARGIN
  1
CELLMARGIN_BEGIN
 40
0.06
 40
0.06
 40
0.06
 40
0.06
 40
0.18
 40
0.18
309
CELLMARGIN_END
 94
6
 95
1
302
GRIDFORMAT
  1
GRIDFORMAT_BEGIN
 90
0
 91
1
 62
0
 92
-2
340
0
 93
0
 40
0.045
309
GRIDFORMAT_END
 95
2
302
GRIDFORMAT
  1
GRIDFORMAT_BEGIN
 90
0
 91
1
 62
0
 92
-2
340
0
 93
0
 40
0.045
309
GRIDFORMAT_END
 95
4
302
GRIDFORMAT
  1
GRIDFORMAT_BEGIN
 90
0
 91
1
 62
0
 92
-2
340
0
 93
0
 40
0.045
309
GRIDFORMAT_END
 95
8
302
GRIDFORMAT
  1
GRIDFORMAT_BEGIN
 90
0
 91
1
 62
0
 92
-2
340
0
 93
0
 40
0.045
309
GRIDFORMAT_END
 95
16
302
GRIDFORMAT
  1
GRIDFORMAT_BEGIN
 90
0
 91
1
 62
0
 92
-2
340
0
 93
0
 40
0.045
309
GRIDFORMAT_END
 95
32
302
GRIDFORMAT
  1
GRIDFORMAT_BEGIN
 90
0
 91
1
 62
0
 92
-2
340
0
 93
0
 40
0.045
309
GRIDFORMAT_END
309
TABLEFORMAT_END
  1
CELLSTYLE_BEGIN
 90
2
 91
1
300
_HEADER
309
CELLSTYLE_END
300
CELLSTYLE
  1
TABLEFORMAT_BEGIN
 90
5
170
1
 91
0
 92
0
 62
257
 93
1
300
CONTENTFORMAT
  1
CONTENTFORMAT_BEGIN
 90
0
 91
0
 92
512
 93
0
300

 40
0.0
140
1.0
 94
2
 62
0
340
11
144
0.18
309
CONTENTFORMAT_END
171
1
301
MARGIN
  1
CELLMARGIN_BEGIN
 40
0.06
 40
0.06
 40
0.06
 40
0.06
 40
0.18
 40
0.18
309
CELLMARGIN_END
 94
6
 95
1
302
GRIDFORMAT
  1
GRIDFORMAT_BEGIN
 90
0
 91
1
 62
0
 92
-2
340
0
 93
0
 40
0.045
309
GRIDFORMAT_END
 95
2
302
GRIDFORMAT
  1
GRIDFORMAT_BEGIN
 90
0
 91
1
 62
0
 92
-2
340
0
 93
0
 40
0.045
309
GRIDFORMAT_END
 95
4
302
GRIDFORMAT
  1
GRIDFORMAT_BEGIN
 90
0
 91
1
 62
0
 92
-2
340
0
 93
0
 40
0.045
309
GRIDFORMAT_END
 95
8
302
GRIDFORMAT
  1
GRIDFORMAT_BEGIN
 90
0
 91
1
 62
0
 92
-2
340
0
 93
0
 40
0.045
309
GRIDFORMAT_END
 95
16
302
GRIDFORMAT
  1
GRIDFORMAT_BEGIN
 90
0
 91
1
 62
0
 92
-2
340
0
 93
0
 40
0.045
309
GRIDFORMAT_END
 95
32
302
GRIDFORMAT
  1
GRIDFORMAT_BEGIN
 90
0
 91
1
 62
0
 92
-2
340
0
 93
0
 40
0.045
309
GRIDFORMAT_END
309
TABLEFORMAT_END
  1
CELLSTYLE_BEGIN
 90
3
 91
2
300
_DATA
309
CELLSTYLE_END
  0
DICTIONARY
  5
48E0
330
C
100
AcDbDictionary
280
1
281
1
  3
WRITTEN_BY_EZDXF
350
48E1
  0
DICTIONARYVAR
  5
48E1
330
48E0
100
DictionaryVariables
280
0
  1
1.4.4 @ 2026-10-07T16:14:25.971393+00:00
  0
ENDSEC
  0
SECTION
  2
ACDSDATA
 70
2
 71
8
  0
ACDSSCHEMA
 90
0
  1
AcDb_Thumbnail_Schema
  2
AcDbDs::ID
280
10
 91
8
  2
Thumbnail_Data
280
15
 91
0
101
ACDSRECORD
 95
0
 90
1
  2
AcDbDs::TreatedAsObjectData
280
1
291
1
101
ACDSRECORD
 95
0
 90
2
  2
AcDbDs::Legacy
280
1
291
1
101
ACDSRECORD
  1
AcDbDs::ID
 90
3
  2
AcDs:Indexable
280
1
291
1
101
ACDSRECORD
  1
AcDbDs::ID
 90
4
  2
AcDbDs::HandleAttribute
280
7
282
1
  0
ACDSSCHEMA
 90
1
  1
AcDbDs::TreatedAsObjectDataSchema
  2
AcDbDs::TreatedAsObjectData
280
1
 91
0
  0
ACDSSCHEMA
 90
2
  1
AcDbDs::LegacySchema
  2
AcDbDs::Legacy
280
1
 91
0
  0
ACDSSCHEMA
 90
3
  1
AcDbDs::IndexedPropertySchema
  2
AcDs:Indexable
280
1
 91
0
  0
ACDSSCHEMA
 90
4
  1
AcDbDs::HandleAttributeSchema
  2
AcDbDs::HandleAttribute
280
7
 91
1
284
1
  0
ACDSRECORD
 90
0
  2
AcDbDs::ID
280
10
320
22
  2
Thumbnail_Data
280
15
 94
1774
310
89504E470D0A1A0A0000000D49484452000001000000006E0803000000FF253DCA00000300504C5445212830FFFFFF2128300000000000000000000000000000000000000000000000000000330000660000990000CC0000FF0033000033330033660033990033CC0033FF0066000066330066660066990066CC0066FF0099
310
000099330099660099990099CC0099FF00CC0000CC3300CC6600CC9900CCCC00CCFF00FF0000FF3300FF6600FF9900FFCC00FFFF3300003300333300663300993300CC3300FF3333003333333333663333993333CC3333FF3366003366333366663366993366CC3366FF3399003399333399663399993399CC3399FF33CC00
310
33CC3333CC6633CC9933CCCC33CCFF33FF0033FF3333FF6633FF9933FFCC33FFFF6600006600336600666600996600CC6600FF6633006633336633666633996633CC6633FF6666006666336666666666996666CC6666FF6699006699336699666699996699CC6699FF66CC0066CC3366CC6666CC9966CCCC66CCFF66FF0066
310
FF3366FF6666FF9966FFCC66FFFF9900009900339900669900999900CC9900FF9933009933339933669933999933CC9933FF9966009966339966669966999966CC9966FF9999009999339999669999999999CC9999FF99CC0099CC3399CC6699CC9999CCCC99CCFF99FF0099FF3399FF6699FF9999FFCC99FFFFCC0000CC00
310
33CC0066CC0099CC00CCCC00FFCC3300CC3333CC3366CC3399CC33CCCC33FFCC6600CC6633CC6666CC6699CC66CCCC66FFCC9900CC9933CC9966CC9999CC99CCCC99FFCCCC00CCCC33CCCC66CCCC99CCCCCCCCCCFFCCFF00CCFF33CCFF66CCFF99CCFFCCCCFFFFFF0000FF0033FF0066FF0099FF00CCFF00FFFF3300FF3333
310
FF3366FF3399FF33CCFF33FFFF6600FF6633FF6666FF6699FF66CCFF66FFFF9900FF9933FF9966FF9999FF99CCFF99FFFFCC00FFCC33FFCC66FFCC99FFCCCCFFCCFFFFFF00FFFF33FFFF66FFFF99FFFFCCFFFFFF0000000D0D0D1A1A1A2828283535354343435050505D5D5D6B6B6B787878868686939393A1A1A1AEAEAEBB
310
BBBBC9C9C9D6D6D6E4E4E4F1F1F1FFFFFF0000000000000000000000000000000000000000000000000000000000002E4550F1000002214944415478DAED99DD71842014466F07B70D5FB68214B39DF2962E6C83F72802E20FB81A67729D9C3313D7C48D2347F8F813010000000000000000000000000000000000000000F8
310
2BD4E243F5BDAACE072D4F6EE16B2294DF9E01EFFDFE05973EDCE2F74F5EADD3F21E2ADD80C8E8405F2F83064E08708978DE459CABEBD0E92B121CBCEC19A80A88459B4FA285FC5308E88E05A46AF09C267024A0916E35013615683F26E13BC4E16113B822409606CC29D03319506902CD0C580830A8A02620C55D917BD732
310
60256052F084C1496E11F3492E7CFECBFA26E1BB5AFC53FA5C19F8DF023A7B21B87D60B7E1F310F43B979E27206741918ACD10FC0E6CC616FAD026704A40772C40AC0918262691E640485C3E39D104BCF519E0F464FA1EB95A034E66C093048417F85113582464751C60B30988BC27B613783F368B630165A18E05741605F4
310
C140EC058650F0B11708028EBAC19335C0603798046CB32B04E3304F8C19F9BB81504C5A9B02061A0276D67A2ECC06FDCE84C04C0684E3FCDCEB1A708F00BF372736D10BE43A1EEBAE4A9101325C1CC73555019FCE06BD0F7731B82A9204F4FB02644FC06A4DD04D169A21B81260683940A73AEEF3AA984AD904D2F1FC787A
310
B9CAB6084133C5D75CC020E0CE6D00F52D01961683A2805B86AAB5A5D5721C90B647AC09907B04F88680696BC8D82C58F26CB05F6C8715BB62EE42FDCFB7C9DB6CE9B51BDC1402000000000000000000000000000000000000780C3FA80DC4F5DC6804A30000000049454E44AE4260821E60C3E06201E04CD01E13B6801C3E
310
8642F63FA91C2E78C063020800D42332ECA93194AB41AD31804AE5BCAE1DD5201AA7C3AC201CD383A30098FC7570F3E73873980E2094C3841E60CF53377B00CA54B203E7B85B2002809E153C03607FC00358520090246570E2320BC076221800650C58C20ED4CF054E9E310BC076C43100A0783D4B00CC56C3750078F874D8
310
F8030294EC7F322F6EDC081FD68044E10A92D0B5C700E807509C0FE8052088CD7FDFE999D9DE0A00BCD3E701B75361610A009E9BEF00C47BE63A065C0078B442C43405417158FFF891080660F69AE70180FEE0735D0E9FF3000ADF3F0541830382D5377C4B18A74ACDD90480EA896019C074B9C3B7D60274CF84C58764EE9D
310
A3379E722AF4632CCC8D73B4A653CE03DFB43A0EEEB547A59562482789B62E3D0DDCBBB675A2D4ABE3A2C5B0B95D48D708EB6D552CE417D4462D51EC4CBAE285B3E92A5A8116C97E00C02958A90101B00AE04BB0582C168BC562B1582C168BC562B158AC36FD07591BC7D952EE984A0000000049454E44AE426082
  0
ENDSEC
  0
EOF
